id,subject,education_level,chapter,topic_name,reference_component,component_type,student_note_evidence,label,numeric_score,is_hard_negative,source_type,source_reference
REC-BIO-00555,Biology,Class 11,Cell: The Unit of Life,Fluid Mosaic Model of Cell Membrane,"Fluid mosaic model describes cell membrane as a phospholipid bilayer with polar hydrophilic heads outside and nonpolar hydrophobic tails inside, with embedded proteins.",definition,Note: Cell wall in plants is made of cellulose providing structural rigidity.,MISSING,0.0,True,NCERT Textbooks,"NCERT Class 11 Biology, Chapter 8, Section 8.5.1"
REC-PHY-00121,Physics,Class 12,Electric Charges and Fields,Field Due to Infinitely Long Straight Wire,Derivation of electric field due to infinitely long wire using Gauss's Law yielding E = lambda / (2 * pi * epsilon_0 * r).,derivation,Long straight wire carries linear charge density lambda.,MISSING,0.0,True,NCERT Textbooks,"NCERT Class 12 Physics Part 1, Chapter 1, Section 1.15"
REC-CHE-00401,Chemistry,Class 11,Equilibrium,Le Chatelier's Principle,"Le Chatelier's principle states that if a dynamic equilibrium is disturbed by changing concentration, pressure, or temperature, the system shifts to counteract the disturbance.",core_concept,Exothermic reactions shift left when temperature is increased.,PARTIALLY_COVERED,0.5,True,NCERT Textbooks,"NCERT Class 11 Chemistry Part 1, Chapter 7, Section 7.8"
REC-BIO-00632,Biology,Class 12,Molecular Basis of Inheritance,DNA Double Helix Structure,"Watson and Crick DNA double helix model features antiparallel polynucleotide chains with complementary base pairing (A=T with 2 H-bonds, G=C with 3 H-bonds).",definition,Key Point: DNA structure: antiparallel double helix with complementary base pairs A=T (2 H-bonds) and G=C (3 H-bonds). [Summary],FULLY_COVERED,1.0,False,NCERT Textbooks,"NCERT Class 12 Biology, Chapter 6, Section 6.1"
REC-MAT-00878,Mathematics,Class 11,Limits and Derivatives,First Principles Derivation,Derivative of function f(x) from first principles is f'(x) = lim_{h->0} [f(x+h) - f(x)] / h.,derivation,Exam Revision: Derivative represents slope of tangent line to curve at point x. (Important for final exam),PARTIALLY_COVERED,0.5,True,NCERT Textbooks,"NCERT Class 11 Mathematics, Chapter 13, Section 13.5"
REC-GEO-01165,Geography,Class 11,Natural Hazards and Disasters,Causes of Disasters and Mitigation Strategies,"Natural disasters (earthquakes, landslides, GLOF, floods) require proactive mitigation strategies including hazard risk mapping, early warning systems, slope stabilization, and afforestation.",process,Landslides and earthquakes cause severe loss of life and property. (refer to diagram for full details),PARTIALLY_COVERED,0.5,True,NCERT Textbooks,"NCERT Class 11 Geography, Chapter 7 (Disasters), Section 7.4"
REC-CHE-00475,Chemistry,Class 11,States of Matter,Ideal Gas Equation,"Ideal gas equation P * V = n * R * T combines Boyle's law, Charles's law, and Avogadro's law for ideal gas behavior.",formula,"Note: Ideal gas equation: P V = n R T where P is pressure, V is volume, n is moles, R is gas constant (8.314 J/mol K), and T is absolute temperature. [Ref: NCERT Chapter notes]",FULLY_COVERED,1.0,False,NCERT Textbooks,"NCERT Class 11 Chemistry Part 1, Chapter 5, Section 5.5"
REC-GEO-01073,Geography,Class 11,Fundamentals of Physical Geography,Locating Tectonic Plates on World Map,"Locating and mapping major tectonic plates (Pacific, Eurasian, African, Indo-Australian, North American, South American, Antarctic) on a world map.",process,Earthquakes occur along fault lines and volcanic arcs.,MISSING,0.0,True,NCERT Textbooks,"NCERT Class 11 Geography, Chapter 4, Section 4.4.1"
REC-CHE-00345,Chemistry,Class 12,Electrochemistry,Nernst Equation,Nernst equation for electrode potential E = E_0 - (RT / nF) * ln(Q) where Q is reaction quotient.,formula,Nernst equation calculates electrode potential at non-standard concentration.,PARTIALLY_COVERED,0.5,True,NCERT Textbooks,"NCERT Class 12 Chemistry Part 1, Chapter 3, Section 3.3"
REC-CHE-00405,Chemistry,Class 11,Equilibrium,Le Chatelier's Principle,"Le Chatelier's principle states that if a dynamic equilibrium is disturbed by changing concentration, pressure, or temperature, the system shifts to counteract the disturbance.",core_concept,Exothermic reactions shift left when temperature is increased. (refer to diagram for full details),PARTIALLY_COVERED,0.5,True,NCERT Textbooks,"NCERT Class 11 Chemistry Part 1, Chapter 7, Section 7.8"
REC-MAT-00875,Mathematics,Class 11,Limits and Derivatives,First Principles Derivation,Derivative of function f(x) from first principles is f'(x) = lim_{h->0} [f(x+h) - f(x)] / h.,derivation,Note: Derivative represents slope of tangent line to curve at point x.,PARTIALLY_COVERED,0.5,True,NCERT Textbooks,"NCERT Class 11 Mathematics, Chapter 13, Section 13.5"
REC-GEO-01109,Geography,Class 11,Landforms and their Evolution,Agents of Gradation and River Landforms,"Running water as a geomorphic agent creates erosional landforms (V-shaped valleys, waterfalls, gorges) in youthful stage and depositional landforms (deltas, alluvial fans, levees) in old stage.",process,Running water is a primary agent of gradation shaping Earth's surface. (refer to diagram for full details),PARTIALLY_COVERED,0.5,True,NCERT Textbooks,"NCERT Class 11 Geography, Chapter 7, Section 7.2"
REC-GEO-01111,Geography,Class 11,Landforms and their Evolution,Agents of Gradation and River Landforms,"Running water as a geomorphic agent creates erosional landforms (V-shaped valleys, waterfalls, gorges) in youthful stage and depositional landforms (deltas, alluvial fans, levees) in old stage.",process,Running water = a primary agent of gradation shaping Earth's surface.,PARTIALLY_COVERED,0.5,True,NCERT Textbooks,"NCERT Class 11 Geography, Chapter 7, Section 7.2"
REC-MAT-00824,Mathematics,Class 12,Matrices and Determinants,Inverse of a Matrix,Inverse of a square matrix A exists if det(A) != 0 (non-singular) and is calculated by A^(-1) = (1 / det(A)) * adj(A).,formula,Key Point: Inverse A^-1 = adj(A) / |A| exists only if |A| != 0 (non-singular matrix). [Summary],FULLY_COVERED,1.0,False,NCERT Textbooks,"NCERT Class 12 Mathematics Part 1, Chapter 4, Section 4.5"
REC-GEO-00999,Geography,Class 11,Fundamentals of Physical Geography,Theory of Plate Tectonics,"Theory of plate tectonics explains large-scale movement of Earth's lithospheric plates over convective asthenosphere forming divergent, convergent, and transform boundaries.",core_concept,"Earth's rigid outer lithosphere = broken into major and minor tectonic plates moving over warm convective asthenosphere. Plate interactions form divergent, convergent, and transform boundaries.",FULLY_COVERED,1.0,False,NCERT Textbooks,"NCERT Class 11 Geography, Chapter 4, Section 4.4"
REC-GEO-01041,Geography,Class 11,Fundamentals of Physical Geography,Locating Tectonic Plates on World Map,"Locating and mapping major tectonic plates (Pacific, Eurasian, African, Indo-Australian, North American, South American, Antarctic) on a world map.",process,"Mapping 7 major plates: Pacific plate surrounds Ring of Fire, Indo-Australian plate meets Eurasian plate at Himalayas, Mid-Atlantic Ridge lies between American and African plates.",FULLY_COVERED,1.0,False,NCERT Textbooks,"NCERT Class 11 Geography, Chapter 4, Section 4.4.1"
REC-BIO-00760,Biology,Class 11,Biomolecules,Enzyme Action and Mechanism,Enzymes lower activation energy barrier to accelerate biochemical reactions via active site substrate binding (lock and key / induced fit).,process,Key Point: Cofactors like coenzymes and prosthetic groups increase catalytic activity. [Summary],MISSING,0.0,False,NCERT Textbooks,"NCERT Class 11 Biology, Chapter 9, Section 9.8"
REC-CHE-00433,Chemistry,Class 12,Haloalkanes and Haloarenes,SN1 vs SN2 Nucleophilic Substitution Mechanism,"SN1 mechanism involves carbocation intermediate with inversion/racemization, while SN2 involves concerted single-step transition state with complete inversion.",process,SN2 mechanism: bimolecular nucleophilic substitution with Walden inversion.,FULLY_COVERED,1.0,False,NCERT Textbooks,"NCERT Class 12 Chemistry Part 2, Chapter 10, Section 10.7"
REC-MAT-00982,Mathematics,Class 10,Quadratic Equations,Quadratic Formula and Discriminant,Quadratic formula x = [-b +- sqrt(b^2 - 4ac)] / (2a) solves ax^2 + bx + c = 0 with discriminant D = b^2 - 4ac determining root nature.,formula,Exam Revision: Factoring method decomposes quadratic trinomial into linear factors. (Important for final exam),MISSING,0.0,True,NCERT Textbooks,"NCERT Class 10 Mathematics, Chapter 4, Section 4.4"
REC-PHY-00065,Physics,Class 12,Electrostatic Potential and Capacitance,Energy Stored in a Capacitor,Electrostatic potential energy stored in a charged capacitor is U = (1/2) * C * V^2 = Q^2 / (2C).,formula,A charged capacitor stores electrostatic potential energy in its electric field.,PARTIALLY_COVERED,0.5,True,NCERT Textbooks,"NCERT Class 12 Physics Part 1, Chapter 2, Section 2.10"
REC-MAT-00846,Mathematics,Class 12,Matrices and Determinants,Inverse of a Matrix,Inverse of a square matrix A exists if det(A) != 0 (non-singular) and is calculated by A^(-1) = (1 / det(A)) * adj(A).,formula,"Exam Revision: Determinant of 2x2 matrix [[a,b],[c,d]] is ad - bc. (Important for final exam)",MISSING,0.0,True,NCERT Textbooks,"NCERT Class 12 Mathematics Part 1, Chapter 4, Section 4.5"
REC-PHY-00047,Physics,Class 12,Electrostatic Potential and Capacitance,Parallel Plate Capacitor,Capacitance of a parallel plate capacitor in vacuum is C = (epsilon_0 * A) / d where A is plate area and d is separation.,formula,Current in a conductor = proportional to applied potential difference.,MISSING,0.0,False,NCERT Textbooks,"NCERT Class 12 Physics Part 1, Chapter 2, Section 2.8"
REC-BIO-00526,Biology,Class 11,Cell: The Unit of Life,Fluid Mosaic Model of Cell Membrane,"Fluid mosaic model describes cell membrane as a phospholipid bilayer with polar hydrophilic heads outside and nonpolar hydrophobic tails inside, with embedded proteins.",definition,"Exam Revision: Fluid mosaic model proposed by Singer and Nicolson: quasi-fluid phospholipid bilayer with polar hydrophilic heads facing outward and nonpolar hydrophobic fatty acid tails facing inward, integrated with transport proteins. (Important for final exam)",FULLY_COVERED,1.0,False,NCERT Textbooks,"NCERT Class 11 Biology, Chapter 8, Section 8.5.1"
REC-BIO-00666,Biology,Class 12,Principles of Inheritance and Variation,Mendel's Law of Segregation,Mendel's Law of Segregation states that allele pairs separate during gamete formation so each gamete carries only one allele for each gene.,core_concept,"- Law of segregation: during meiosis gametogenesis, the two alleles of a gene pair segregate cleanly so each haploid gamete receives only one allele.",FULLY_COVERED,1.0,False,NCERT Textbooks,"NCERT Class 12 Biology, Chapter 5, Section 5.2.1"
REC-MAT-00768,Mathematics,Class 12,Integrals,Integration by Parts,Integration by parts formula is int(u * dv) = u * v - int(v * du) with ILATE rule for selecting first function u.,formula,"Key Point: Integration by parts formula: int(u dv) = u*v - int(v du). ILATE rule determines priority for u: Inverse trig, Logarithmic, Algebraic, Trigonometric, Exponential. [Summary]",FULLY_COVERED,1.0,False,NCERT Textbooks,"NCERT Class 12 Mathematics Part 2, Chapter 7, Section 7.5"
REC-MAT-00960,Mathematics,Class 10,Quadratic Equations,Quadratic Formula and Discriminant,Quadratic formula x = [-b +- sqrt(b^2 - 4ac)] / (2a) solves ax^2 + bx + c = 0 with discriminant D = b^2 - 4ac determining root nature.,formula,Key Point: Quadratic formula x = (-b +- sqrt(D)) / (2a) where D = b^2 - 4ac. [Summary],FULLY_COVERED,1.0,False,NCERT Textbooks,"NCERT Class 10 Mathematics, Chapter 4, Section 4.4"
REC-BIO-00610,Biology,Class 11,Photosynthesis in Higher Plants,Light Reaction and Photophosphorylation,"Non-cyclic photophosphorylation (Z-scheme) involves Photosystems II and I, water splitting (photolysis), ATP synthesis, and NADPH formation.",process,- Plant transpiration moves water from roots to leaves through xylem vessel tracheids.,MISSING,0.0,False,NCERT Textbooks,"NCERT Class 11 Biology, Chapter 13, Section 13.6"
REC-MAT-00923,Mathematics,Class 12,Probability,Bayes' Theorem,Bayes' theorem calculates conditional probability P(Ai|B) = [P(Ai) * P(B|Ai)] / sum[P(Ak) * P(B|Ak)] for partition events Ai.,formula,Note: Conditional probability P(A|B) = P(A intersection B) / P(B) where P(B) != 0.,PARTIALLY_COVERED,0.5,True,NCERT Textbooks,"NCERT Class 12 Mathematics Part 2, Chapter 13, Section 13.3"
REC-GEO-01065,Geography,Class 11,Fundamentals of Physical Geography,Locating Tectonic Plates on World Map,"Locating and mapping major tectonic plates (Pacific, Eurasian, African, Indo-Australian, North American, South American, Antarctic) on a world map.",process,Himalayas formed by collision of Indian and Eurasian plates.,PARTIALLY_COVERED,0.5,True,NCERT Textbooks,"NCERT Class 11 Geography, Chapter 4, Section 4.4.1"
REC-CHE-00366,Chemistry,Class 12,Electrochemistry,Nernst Equation,Nernst equation for electrode potential E = E_0 - (RT / nF) * ln(Q) where Q is reaction quotient.,formula,Exam Revision: Faraday's first law of electrolysis states mass deposited is m = Z * Q. (Important for final exam),MISSING,0.0,True,NCERT Textbooks,"NCERT Class 12 Chemistry Part 1, Chapter 3, Section 3.3"
REC-PHY-00173,Physics,Class 12,Electric Charges and Fields,Field Inside a Thin Spherical Shell,Electric field inside a uniformly charged thin spherical shell (r < R) is strictly zero (E = 0) because enclosed charge is zero.,core_concept,"Outside a spherical shell, electrc field behaves as if all charge were at center E = kQ/r^2.",MISSING,0.0,True,NCERT Textbooks,"NCERT Class 12 Physics Part 1, Chapter 1, Section 1.15.3"
REC-GEO-01182,Geography,Class 11,Natural Hazards and Disasters,Causes of Disasters and Mitigation Strategies,"Natural disasters (earthquakes, landslides, GLOF, floods) require proactive mitigation strategies including hazard risk mapping, early warning systems, slope stabilization, and afforestation.",process,Exam Revision: Monsoon rainfall brings heavy water to Indian subcontinent between June and September. (Important for final exam),MISSING,0.0,False,NCERT Textbooks,"NCERT Class 11 Geography, Chapter 7 (Disasters), Section 7.4"
REC-CHE-00311,Chemistry,Class 12,Chemical Kinetics,Arrhenius Equation,Arrhenius equation k = A * exp(-Ea / (R * T)) describes temperature dependence of reaction rate constant k.,formula,Activation energy Ea = the minimum energy required to form activated complex.,PARTIALLY_COVERED,0.5,True,NCERT Textbooks,"NCERT Class 12 Chemistry Part 1, Chapter 4, Section 4.5"
REC-CHE-00342,Chemistry,Class 12,Electrochemistry,Nernst Equation,Nernst equation for electrode potential E = E_0 - (RT / nF) * ln(Q) where Q is reaction quotient.,formula,Exam Revision: Cell potential E = E0 - (RT/nF) ln Q. (Important for final exam),FULLY_COVERED,1.0,False,NCERT Textbooks,"NCERT Class 12 Chemistry Part 1, Chapter 3, Section 3.3"
REC-MAT-00830,Mathematics,Class 12,Matrices and Determinants,Inverse of a Matrix,Inverse of a square matrix A exists if det(A) != 0 (non-singular) and is calculated by A^(-1) = (1 / det(A)) * adj(A).,formula,Exam Revision: Inverse matrix satisfies property A * A^-1 = A^-1 * A = I. (Important for final exam),PARTIALLY_COVERED,0.5,True,NCERT Textbooks,"NCERT Class 12 Mathematics Part 1, Chapter 4, Section 4.5"
REC-BIO-00723,Biology,Class 11,Biomolecules,Enzyme Action and Mechanism,Enzymes lower activation energy barrier to accelerate biochemical reactions via active site substrate binding (lock and key / induced fit).,process,"Note: Enzyme mechanism: substrate binds active site forming ES intermediate, lowering reaction activation energy. [Ref: NCERT Chapter notes]",FULLY_COVERED,1.0,False,NCERT Textbooks,"NCERT Class 11 Biology, Chapter 9, Section 9.8"
REC-PHY-00202,Physics,Class 12,Electromagnetic Induction,Faraday's Law of Induction,Induced electromotive force emf = - d(phi_B) / dt is proportional to negative rate of change of magnetic flux.,formula,- Changing magnetic field produces induced electric current in closed loop.,PARTIALLY_COVERED,0.5,True,NCERT Textbooks,"NCERT Class 12 Physics Part 1, Chapter 6, Section 6.3"
REC-MAT-00811,Mathematics,Class 12,Matrices and Determinants,Inverse of a Matrix,Inverse of a square matrix A exists if det(A) != 0 (non-singular) and is calculated by A^(-1) = (1 / det(A)) * adj(A).,formula,Note: Square matrix A has inverse A^-1 = (1 / det(A)) * adj(A) provided determinant det(A) != 0. [Ref: NCERT Chapter notes],FULLY_COVERED,1.0,False,NCERT Textbooks,"NCERT Class 12 Mathematics Part 1, Chapter 4, Section 4.5"
REC-CHE-00497,Chemistry,Class 11,States of Matter,Ideal Gas Equation,"Ideal gas equation P * V = n * R * T combines Boyle's law, Charles's law, and Avogadro's law for ideal gas behavior.",formula,Boyle's law states P is inversely proportional to V at constant T.,PARTIALLY_COVERED,0.5,True,NCERT Textbooks,"NCERT Class 11 Chemistry Part 1, Chapter 5, Section 5.5"
REC-BIO-00741,Biology,Class 11,Biomolecules,Enzyme Action and Mechanism,Enzymes lower activation energy barrier to accelerate biochemical reactions via active site substrate binding (lock and key / induced fit).,process,Active site of enzyme binds specific substrate molecules. (refer to diagram for full details),PARTIALLY_COVERED,0.5,True,NCERT Textbooks,"NCERT Class 11 Biology, Chapter 9, Section 9.8"
REC-BIO-00713,Biology,Class 11,Biomolecules,Enzyme Action and Mechanism,Enzymes lower activation energy barrier to accelerate biochemical reactions via active site substrate binding (lock and key / induced fit).,process,"Enzymes act as biocatalysts by binding substrate at active site to form ES complex, lowering activation energy Ea without changing overall equilibrium.",FULLY_COVERED,1.0,False,NCERT Textbooks,"NCERT Class 11 Biology, Chapter 9, Section 9.8"
REC-PHY-00205,Physics,Class 12,Electromagnetic Induction,Faraday's Law of Induction,Induced electromotive force emf = - d(phi_B) / dt is proportional to negative rate of change of magnetic flux.,formula,Changing magnetic field produces induced electrc current in closed loop. (refer to diagram for full details),PARTIALLY_COVERED,0.5,True,NCERT Textbooks,"NCERT Class 12 Physics Part 1, Chapter 6, Section 6.3"
REC-GEO-00998,Geography,Class 11,Fundamentals of Physical Geography,Theory of Plate Tectonics,"Theory of plate tectonics explains large-scale movement of Earth's lithospheric plates over convective asthenosphere forming divergent, convergent, and transform boundaries.",core_concept,"Exam Revision: Earth's rigid outer lithosphere is broken into major and minor tectonic plates moving over warm convective asthenosphere. Plate interactions form divergent, convergent, and transform boundaries. (Important for final exam)",FULLY_COVERED,1.0,False,NCERT Textbooks,"NCERT Class 11 Geography, Chapter 4, Section 4.4"
REC-MAT-00945,Mathematics,Class 10,Quadratic Equations,Quadratic Formula and Discriminant,Quadratic formula x = [-b +- sqrt(b^2 - 4ac)] / (2a) solves ax^2 + bx + c = 0 with discriminant D = b^2 - 4ac determining root nature.,formula,"Roots of ax^2 + bx + c = 0 given by x = (-b +- sqrt(b^2 - 4ac)) / (2a). Discriminant D = b^2 - 4ac: D>0 real distinct, D=0 real equal, D<0 complex.",FULLY_COVERED,1.0,False,NCERT Textbooks,"NCERT Class 10 Mathematics, Chapter 4, Section 4.4"
REC-BIO-00729,Biology,Class 11,Biomolecules,Enzyme Action and Mechanism,Enzymes lower activation energy barrier to accelerate biochemical reactions via active site substrate binding (lock and key / induced fit).,process,Enzymes accelerate reaction velocity at optimum temperature and pH.,PARTIALLY_COVERED,0.5,True,NCERT Textbooks,"NCERT Class 11 Biology, Chapter 9, Section 9.8"
REC-BIO-00643,Biology,Class 12,Molecular Basis of Inheritance,DNA Double Helix Structure,"Watson and Crick DNA double helix model features antiparallel polynucleotide chains with complementary base pairing (A=T with 2 H-bonds, G=C with 3 H-bonds).",definition,Note: Watson and Crick proposed double helical structure of DNA in 1953.,PARTIALLY_COVERED,0.5,True,NCERT Textbooks,"NCERT Class 12 Biology, Chapter 6, Section 6.1"
REC-MAT-00793,Mathematics,Class 12,Integrals,Integration by Parts,Integration by parts formula is int(u * dv) = u * v - int(v * du) with ILATE rule for selecting first function u.,formula,Definite integral int_a^b f(x)dx represents net area under curve f(x) between x=a and x=b.,MISSING,0.0,True,NCERT Textbooks,"NCERT Class 12 Mathematics Part 2, Chapter 7, Section 7.5"
REC-CHE-00437,Chemistry,Class 12,Haloalkanes and Haloarenes,SN1 vs SN2 Nucleophilic Substitution Mechanism,"SN1 mechanism involves carbocation intermediate with inversion/racemization, while SN2 involves concerted single-step transition state with complete inversion.",process,SN2 mechnism: bimolecular nucleophilic substitution with Walden inversion.,FULLY_COVERED,1.0,False,NCERT Textbooks,"NCERT Class 12 Chemistry Part 2, Chapter 10, Section 10.7"
REC-PHY-00150,Physics,Class 12,Electric Charges and Fields,Field Inside a Thin Spherical Shell,Electric field inside a uniformly charged thin spherical shell (r < R) is strictly zero (E = 0) because enclosed charge is zero.,core_concept,Exam Revision: Electric field inside a thin spherical shell is zero (E = 0 for r < R). (Important for final exam),FULLY_COVERED,1.0,False,NCERT Textbooks,"NCERT Class 12 Physics Part 1, Chapter 1, Section 1.15.3"
REC-BIO-00675,Biology,Class 12,Principles of Inheritance and Variation,Mendel's Law of Segregation,Mendel's Law of Segregation states that allele pairs separate during gamete formation so each gamete carries only one allele for each gene.,core_concept,Note: Alleles segregate during gamete formation with 1:2:1 monohybrid genotypic ratio. [Ref: NCERT Chapter notes],FULLY_COVERED,1.0,False,NCERT Textbooks,"NCERT Class 12 Biology, Chapter 5, Section 5.2.1"
REC-GEO-01099,Geography,Class 11,Landforms and their Evolution,Agents of Gradation and River Landforms,"Running water as a geomorphic agent creates erosional landforms (V-shaped valleys, waterfalls, gorges) in youthful stage and depositional landforms (deltas, alluvial fans, levees) in old stage.",process,Note: Fluvial landforms: upper course erosion creates gorges/waterfalls; lower course deposition creates oxbow lakes and deltas. [Ref: NCERT Chapter notes],FULLY_COVERED,1.0,False,NCERT Textbooks,"NCERT Class 11 Geography, Chapter 7, Section 7.2"
REC-BIO-00611,Biology,Class 11,Photosynthesis in Higher Plants,Light Reaction and Photophosphorylation,"Non-cyclic photophosphorylation (Z-scheme) involves Photosystems II and I, water splitting (photolysis), ATP synthesis, and NADPH formation.",process,Note: Plant transpiration moves water from roots to leaves through xylem vessel tracheids.,MISSING,0.0,False,NCERT Textbooks,"NCERT Class 11 Biology, Chapter 13, Section 13.6"
REC-GEO-01010,Geography,Class 11,Fundamentals of Physical Geography,Theory of Plate Tectonics,"Theory of plate tectonics explains large-scale movement of Earth's lithospheric plates over convective asthenosphere forming divergent, convergent, and transform boundaries.",core_concept,- Plate tectonics explains continental drift and mountain formation.,PARTIALLY_COVERED,0.5,True,NCERT Textbooks,"NCERT Class 11 Geography, Chapter 4, Section 4.4"
REC-BIO-00642,Biology,Class 12,Molecular Basis of Inheritance,DNA Double Helix Structure,"Watson and Crick DNA double helix model features antiparallel polynucleotide chains with complementary base pairing (A=T with 2 H-bonds, G=C with 3 H-bonds).",definition,- Watson and Crick proposed double helical structure of DNA in 1953.,PARTIALLY_COVERED,0.5,True,NCERT Textbooks,"NCERT Class 12 Biology, Chapter 6, Section 6.1"
REC-MAT-00947,Mathematics,Class 10,Quadratic Equations,Quadratic Formula and Discriminant,Quadratic formula x = [-b +- sqrt(b^2 - 4ac)] / (2a) solves ax^2 + bx + c = 0 with discriminant D = b^2 - 4ac determining root nature.,formula,"Note: Roots of ax^2 + bx + c = 0 given by x = (-b +- sqrt(b^2 - 4ac)) / (2a). Discriminant D = b^2 - 4ac: D>0 real distinct, D=0 real equal, D<0 complex. [Ref: NCERT Chapter notes]",FULLY_COVERED,1.0,False,NCERT Textbooks,"NCERT Class 10 Mathematics, Chapter 4, Section 4.4"
REC-GEO-01096,Geography,Class 11,Landforms and their Evolution,Agents of Gradation and River Landforms,"Running water as a geomorphic agent creates erosional landforms (V-shaped valleys, waterfalls, gorges) in youthful stage and depositional landforms (deltas, alluvial fans, levees) in old stage.",process,"Key Point: Rivers erode V-shaped valleys, canyons, and waterfalls in steep upper courses, and deposit alluvial fans, meanders, and deltas in lower plains. [Summary]",FULLY_COVERED,1.0,False,NCERT Textbooks,"NCERT Class 11 Geography, Chapter 7, Section 7.2"
REC-PHY-00262,Physics,Class 12,Ray Optics and Optical Instruments,Lens Maker's Formula,"Lens maker's formula 1/f = (n - 1) * (1/R1 - 1/R2) relates focal length f of a thin lens to refractive index n and radii of curvature R1, R2.",formula,Exam Revision: Lens formula 1/v - 1/u = 1/f relates object and image distances. (Important for final exam),PARTIALLY_COVERED,0.5,True,NCERT Textbooks,"NCERT Class 12 Physics Part 2, Chapter 9, Section 9.5"
REC-PHY-00034,Physics,Class 12,Electrostatic Potential and Capacitance,Parallel Plate Capacitor,Capacitance of a parallel plate capacitor in vacuum is C = (epsilon_0 * A) / d where A is plate area and d is separation.,formula,- Capacitors can be connected in series and parallel combinations.,MISSING,0.0,True,NCERT Textbooks,"NCERT Class 12 Physics Part 1, Chapter 2, Section 2.8"
REC-GEO-01003,Geography,Class 11,Fundamentals of Physical Geography,Theory of Plate Tectonics,"Theory of plate tectonics explains large-scale movement of Earth's lithospheric plates over convective asthenosphere forming divergent, convergent, and transform boundaries.",core_concept,"Note: Plate tectonics: lithospheric plates float on asthenosphere, interacting along divergent (rift), convergent (trench/mountain), and transform faults. [Ref: NCERT Chapter notes]",FULLY_COVERED,1.0,False,NCERT Textbooks,"NCERT Class 11 Geography, Chapter 4, Section 4.4"
REC-BIO-00528,Biology,Class 11,Cell: The Unit of Life,Fluid Mosaic Model of Cell Membrane,"Fluid mosaic model describes cell membrane as a phospholipid bilayer with polar hydrophilic heads outside and nonpolar hydrophobic tails inside, with embedded proteins.",definition,"Key Point: Fluid mosaic model proposed by Singer and Nicolson: quasi-fluid phospholipid bilayer with polar hydrophilic heads facing outward and nonpolar hydrophobic fatty acid tails facing inward, integrated with transport proteins. [Summary]",FULLY_COVERED,1.0,False,NCERT Textbooks,"NCERT Class 11 Biology, Chapter 8, Section 8.5.1"
REC-MAT-00946,Mathematics,Class 10,Quadratic Equations,Quadratic Formula and Discriminant,Quadratic formula x = [-b +- sqrt(b^2 - 4ac)] / (2a) solves ax^2 + bx + c = 0 with discriminant D = b^2 - 4ac determining root nature.,formula,"- Roots of ax^2 + bx + c = 0 given by x = (-b +- sqrt(b^2 - 4ac)) / (2a). Discriminant D = b^2 - 4ac: D>0 real distinct, D=0 real equal, D<0 complex.",FULLY_COVERED,1.0,False,NCERT Textbooks,"NCERT Class 10 Mathematics, Chapter 4, Section 4.4"
REC-BIO-00602,Biology,Class 11,Photosynthesis in Higher Plants,Light Reaction and Photophosphorylation,"Non-cyclic photophosphorylation (Z-scheme) involves Photosystems II and I, water splitting (photolysis), ATP synthesis, and NADPH formation.",process,- Calvin cycle (dark reaction) fixes CO2 into glucose using RuBisCO enzyme in C3 plants.,MISSING,0.0,True,NCERT Textbooks,"NCERT Class 11 Biology, Chapter 13, Section 13.6"
REC-GEO-01152,Geography,Class 11,Natural Hazards and Disasters,Causes of Disasters and Mitigation Strategies,"Natural disasters (earthquakes, landslides, GLOF, floods) require proactive mitigation strategies including hazard risk mapping, early warning systems, slope stabilization, and afforestation.",process,"Key Point: Mitigating natural hazards (landslides, GLOF, floods): risk mapping, early warning systems, slope stabilization, and disaster management plans. [Summary]",FULLY_COVERED,1.0,False,NCERT Textbooks,"NCERT Class 11 Geography, Chapter 7 (Disasters), Section 7.4"
REC-CHE-00459,Chemistry,Class 12,Haloalkanes and Haloarenes,SN1 vs SN2 Nucleophilic Substitution Mechanism,"SN1 mechanism involves carbocation intermediate with inversion/racemization, while SN2 involves concerted single-step transition state with complete inversion.",process,Note: Electrophilic aromatic substitution occurs in benzene rings using Lewis acid catalysts.,MISSING,0.0,True,NCERT Textbooks,"NCERT Class 12 Chemistry Part 2, Chapter 10, Section 10.7"
REC-PHY-00272,Physics,Class 12,Ray Optics and Optical Instruments,Lens Maker's Formula,"Lens maker's formula 1/f = (n - 1) * (1/R1 - 1/R2) relates focal length f of a thin lens to refractive index n and radii of curvature R1, R2.",formula,Key Point: Total internal reflection occurs when light exceeds critical angle. [Summary],MISSING,0.0,True,NCERT Textbooks,"NCERT Class 12 Physics Part 2, Chapter 9, Section 9.5"
REC-CHE-00329,Chemistry,Class 12,Electrochemistry,Nernst Equation,Nernst equation for electrode potential E = E_0 - (RT / nF) * ln(Q) where Q is reaction quotient.,formula,Nernst equation at 298K: E = E0 - (0.0591 / n) * log([Red]/[Ox]). Calculates cell EMF at non-standard concentrations.,FULLY_COVERED,1.0,False,NCERT Textbooks,"NCERT Class 12 Chemistry Part 1, Chapter 3, Section 3.3"
REC-GEO-01128,Geography,Class 11,Landforms and their Evolution,Agents of Gradation and River Landforms,"Running water as a geomorphic agent creates erosional landforms (V-shaped valleys, waterfalls, gorges) in youthful stage and depositional landforms (deltas, alluvial fans, levees) in old stage.",process,"Key Point: Glaciers form U-shaped glacial troughs, cirques, and moraines. [Summary]",MISSING,0.0,True,NCERT Textbooks,"NCERT Class 11 Geography, Chapter 7, Section 7.2"
REC-GEO-01151,Geography,Class 11,Natural Hazards and Disasters,Causes of Disasters and Mitigation Strategies,"Natural disasters (earthquakes, landslides, GLOF, floods) require proactive mitigation strategies including hazard risk mapping, early warning systems, slope stabilization, and afforestation.",process,"Mitigating natural hazards (landslides, GLOF, floods): r=k mapping, early warning systems, slope stabilization, and d=aster management plans.",FULLY_COVERED,1.0,False,NCERT Textbooks,"NCERT Class 11 Geography, Chapter 7 (Disasters), Section 7.4"
REC-PHY-00030,Physics,Class 12,Electrostatic Potential and Capacitance,Parallel Plate Capacitor,Capacitance of a parallel plate capacitor in vacuum is C = (epsilon_0 * A) / d where A is plate area and d is separation.,formula,Exam Revision: Capacitance is the ratio of charge Q to potential difference V. (Important for final exam),PARTIALLY_COVERED,0.5,True,NCERT Textbooks,"NCERT Class 12 Physics Part 1, Chapter 2, Section 2.8"
REC-BIO-00571,Biology,Class 11,Photosynthesis in Higher Plants,Light Reaction and Photophosphorylation,"Non-cyclic photophosphorylation (Z-scheme) involves Photosystems II and I, water splitting (photolysis), ATP synthesis, and NADPH formation.",process,"Note: Light reactions occur in thylakoid membrane. PSII absorbs 680nm light, photolysis of water releases O2, electrons flow through Z-scheme to PSI generating ATP and NADPH. [Ref: NCERT Chapter notes]",FULLY_COVERED,1.0,False,NCERT Textbooks,"NCERT Class 11 Biology, Chapter 13, Section 13.6"
REC-CHE-00313,Chemistry,Class 12,Chemical Kinetics,Arrhenius Equation,Arrhenius equation k = A * exp(-Ea / (R * T)) describes temperature dependence of reaction rate constant k.,formula,"Order of a reaction can be zero, fractional, or integer determined experimentally.",MISSING,0.0,True,NCERT Textbooks,"NCERT Class 12 Chemistry Part 1, Chapter 4, Section 4.5"
REC-PHY-00273,Physics,Class 12,Ray Optics and Optical Instruments,Lens Maker's Formula,"Lens maker's formula 1/f = (n - 1) * (1/R1 - 1/R2) relates focal length f of a thin lens to refractive index n and radii of curvature R1, R2.",formula,Snell's law n1 sin(theta1) = n2 sin(theta2) governs refraction.,MISSING,0.0,False,NCERT Textbooks,"NCERT Class 12 Physics Part 2, Chapter 9, Section 9.5"
REC-GEO-01098,Geography,Class 11,Landforms and their Evolution,Agents of Gradation and River Landforms,"Running water as a geomorphic agent creates erosional landforms (V-shaped valleys, waterfalls, gorges) in youthful stage and depositional landforms (deltas, alluvial fans, levees) in old stage.",process,- Fluvial landforms: upper course erosion creates gorges/waterfalls; lower course deposition creates oxbow lakes and deltas.,FULLY_COVERED,1.0,False,NCERT Textbooks,"NCERT Class 11 Geography, Chapter 7, Section 7.2"
REC-GEO-01177,Geography,Class 11,Natural Hazards and Disasters,Causes of Disasters and Mitigation Strategies,"Natural disasters (earthquakes, landslides, GLOF, floods) require proactive mitigation strategies including hazard risk mapping, early warning systems, slope stabilization, and afforestation.",process,Monsoon rainfall brings heavy water to Indian subcontinent between June and September.,MISSING,0.0,False,NCERT Textbooks,"NCERT Class 11 Geography, Chapter 7 (Disasters), Section 7.4"
REC-PHY-00200,Physics,Class 12,Electromagnetic Induction,Faraday's Law of Induction,Induced electromotive force emf = - d(phi_B) / dt is proportional to negative rate of change of magnetic flux.,formula,Key Point: Induced voltage = - dPhi / dt. [Summary],FULLY_COVERED,1.0,False,NCERT Textbooks,"NCERT Class 12 Physics Part 1, Chapter 6, Section 6.3"
REC-PHY-00042,Physics,Class 12,Electrostatic Potential and Capacitance,Parallel Plate Capacitor,Capacitance of a parallel plate capacitor in vacuum is C = (epsilon_0 * A) / d where A is plate area and d is separation.,formula,- Current in a conductor is proportional to applied potential difference.,MISSING,0.0,False,NCERT Textbooks,"NCERT Class 12 Physics Part 1, Chapter 2, Section 2.8"
REC-PHY-00058,Physics,Class 12,Electrostatic Potential and Capacitance,Energy Stored in a Capacitor,Electrostatic potential energy stored in a charged capacitor is U = (1/2) * C * V^2 = Q^2 / (2C).,formula,- Stored energy U = 0.5 * C * V^2.,FULLY_COVERED,1.0,False,NCERT Textbooks,"NCERT Class 12 Physics Part 1, Chapter 2, Section 2.10"
REC-CHE-00370,Chemistry,Class 12,Electrochemistry,Nernst Equation,Nernst equation for electrode potential E = E_0 - (RT / nF) * ln(Q) where Q is reaction quotient.,formula,- Galvanic cells convert chemical energy into electrical energy.,MISSING,0.0,False,NCERT Textbooks,"NCERT Class 12 Chemistry Part 1, Chapter 3, Section 3.3"
REC-MAT-00978,Mathematics,Class 10,Quadratic Equations,Quadratic Formula and Discriminant,Quadratic formula x = [-b +- sqrt(b^2 - 4ac)] / (2a) solves ax^2 + bx + c = 0 with discriminant D = b^2 - 4ac determining root nature.,formula,- Factoring method decomposes quadratic trinomial into linear factors.,MISSING,0.0,True,NCERT Textbooks,"NCERT Class 10 Mathematics, Chapter 4, Section 4.4"
REC-BIO-00733,Biology,Class 11,Biomolecules,Enzyme Action and Mechanism,Enzymes lower activation energy barrier to accelerate biochemical reactions via active site substrate binding (lock and key / induced fit).,process,Enzymes accelerate reaction velocity at optimum temperature and pH. (refer to diagram for full details),PARTIALLY_COVERED,0.5,True,NCERT Textbooks,"NCERT Class 11 Biology, Chapter 9, Section 9.8"
REC-GEO-01115,Geography,Class 11,Landforms and their Evolution,Agents of Gradation and River Landforms,"Running water as a geomorphic agent creates erosional landforms (V-shaped valleys, waterfalls, gorges) in youthful stage and depositional landforms (deltas, alluvial fans, levees) in old stage.",process,Note: Deltas are depositional landforms formed at river mouths.,PARTIALLY_COVERED,0.5,True,NCERT Textbooks,"NCERT Class 11 Geography, Chapter 7, Section 7.2"
REC-CHE-00431,Chemistry,Class 12,Haloalkanes and Haloarenes,SN1 vs SN2 Nucleophilic Substitution Mechanism,"SN1 mechanism involves carbocation intermediate with inversion/racemization, while SN2 involves concerted single-step transition state with complete inversion.",process,SN1 proceeds via 2 steps with carbocation intermediate giving racemization. SN2 = 1 step concerted backside attack giving stereochemical inversion of configuration.,FULLY_COVERED,1.0,False,NCERT Textbooks,"NCERT Class 12 Chemistry Part 2, Chapter 10, Section 10.7"
REC-MAT-00984,Mathematics,Class 10,Quadratic Equations,Quadratic Formula and Discriminant,Quadratic formula x = [-b +- sqrt(b^2 - 4ac)] / (2a) solves ax^2 + bx + c = 0 with discriminant D = b^2 - 4ac determining root nature.,formula,Key Point: Factoring method decomposes quadratic trinomial into linear factors. [Summary],MISSING,0.0,True,NCERT Textbooks,"NCERT Class 10 Mathematics, Chapter 4, Section 4.4"
REC-MAT-00914,Mathematics,Class 12,Probability,Bayes' Theorem,Bayes' theorem calculates conditional probability P(Ai|B) = [P(Ai) * P(B|Ai)] / sum[P(Ak) * P(B|Ak)] for partition events Ai.,formula,- Bayes theorem calculates reverse conditional probability given prior probabilities.,PARTIALLY_COVERED,0.5,True,NCERT Textbooks,"NCERT Class 12 Mathematics Part 2, Chapter 13, Section 13.3"
REC-GEO-01023,Geography,Class 11,Fundamentals of Physical Geography,Theory of Plate Tectonics,"Theory of plate tectonics explains large-scale movement of Earth's lithospheric plates over convective asthenosphere forming divergent, convergent, and transform boundaries.",core_concept,Earth's crust = divided into tectonic plates.,PARTIALLY_COVERED,0.5,True,NCERT Textbooks,"NCERT Class 11 Geography, Chapter 4, Section 4.4"
REC-PHY-00112,Physics,Class 12,Electric Charges and Fields,Field Due to Infinitely Long Straight Wire,Derivation of electric field due to infinitely long wire using Gauss's Law yielding E = lambda / (2 * pi * epsilon_0 * r).,derivation,Key Point: Electric field of long line charge is E = lambda / (2 * pi * e0 * r). [Summary],PARTIALLY_COVERED,0.5,True,NCERT Textbooks,"NCERT Class 12 Physics Part 1, Chapter 1, Section 1.15"
REC-PHY-00270,Physics,Class 12,Ray Optics and Optical Instruments,Lens Maker's Formula,"Lens maker's formula 1/f = (n - 1) * (1/R1 - 1/R2) relates focal length f of a thin lens to refractive index n and radii of curvature R1, R2.",formula,Exam Revision: Total internal reflection occurs when light exceeds critical angle. (Important for final exam),MISSING,0.0,True,NCERT Textbooks,"NCERT Class 12 Physics Part 2, Chapter 9, Section 9.5"
REC-MAT-00975,Mathematics,Class 10,Quadratic Equations,Quadratic Formula and Discriminant,Quadratic formula x = [-b +- sqrt(b^2 - 4ac)] / (2a) solves ax^2 + bx + c = 0 with discriminant D = b^2 - 4ac determining root nature.,formula,Sum of roots = -b/a and product of roots = c/a.,PARTIALLY_COVERED,0.5,True,NCERT Textbooks,"NCERT Class 10 Mathematics, Chapter 4, Section 4.4"
REC-BIO-00678,Biology,Class 12,Principles of Inheritance and Variation,Mendel's Law of Segregation,Mendel's Law of Segregation states that allele pairs separate during gamete formation so each gamete carries only one allele for each gene.,core_concept,Exam Revision: Alleles segregate during gamete formation with 1:2:1 monohybrid genotypic ratio. (Important for final exam),FULLY_COVERED,1.0,False,NCERT Textbooks,"NCERT Class 12 Biology, Chapter 5, Section 5.2.1"
REC-PHY-00233,Physics,Class 12,Ray Optics and Optical Instruments,Lens Maker's Formula,"Lens maker's formula 1/f = (n - 1) * (1/R1 - 1/R2) relates focal length f of a thin lens to refractive index n and radii of curvature R1, R2.",formula,Lens maker formula: 1/f = (mu - 1) * (1/R1 - 1/R2) where R1 and R2 are radii of curvature of two lens surfaces.,FULLY_COVERED,1.0,False,NCERT Textbooks,"NCERT Class 12 Physics Part 2, Chapter 9, Section 9.5"
REC-GEO-01056,Geography,Class 11,Fundamentals of Physical Geography,Locating Tectonic Plates on World Map,"Locating and mapping major tectonic plates (Pacific, Eurasian, African, Indo-Australian, North American, South American, Antarctic) on a world map.",process,"Key Point: World map plate locations: Pacific, Eurasian, African, Indo-Australian, North/South American, Antarctic plates. [Summary]",FULLY_COVERED,1.0,False,NCERT Textbooks,"NCERT Class 11 Geography, Chapter 4, Section 4.4.1"
REC-CHE-00494,Chemistry,Class 11,States of Matter,Ideal Gas Equation,"Ideal gas equation P * V = n * R * T combines Boyle's law, Charles's law, and Avogadro's law for ideal gas behavior.",formula,"Exam Revision: Ideal gas equation relates pressure P, volume V, and temperature T. (Important for final exam)",PARTIALLY_COVERED,0.5,True,NCERT Textbooks,"NCERT Class 11 Chemistry Part 1, Chapter 5, Section 5.5"
REC-GEO-01001,Geography,Class 11,Fundamentals of Physical Geography,Theory of Plate Tectonics,"Theory of plate tectonics explains large-scale movement of Earth's lithospheric plates over convective asthenosphere forming divergent, convergent, and transform boundaries.",core_concept,"Plate tectonics: lithospheric plates float on asthenosphere, interacting along divergent (rift), convergent (trench/mountain), and transform faults.",FULLY_COVERED,1.0,False,NCERT Textbooks,"NCERT Class 11 Geography, Chapter 4, Section 4.4"
REC-PHY-00040,Physics,Class 12,Electrostatic Potential and Capacitance,Parallel Plate Capacitor,Capacitance of a parallel plate capacitor in vacuum is C = (epsilon_0 * A) / d where A is plate area and d is separation.,formula,Key Point: Capacitors can be connected in series and parallel combinations. [Summary],MISSING,0.0,True,NCERT Textbooks,"NCERT Class 12 Physics Part 1, Chapter 2, Section 2.8"
REC-MAT-00839,Mathematics,Class 12,Matrices and Determinants,Inverse of a Matrix,Inverse of a square matrix A exists if det(A) != 0 (non-singular) and is calculated by A^(-1) = (1 / det(A)) * adj(A).,formula,Adjugate matrix adj(A) = the transpose of cofactor matrix.,PARTIALLY_COVERED,0.5,True,NCERT Textbooks,"NCERT Class 12 Mathematics Part 1, Chapter 4, Section 4.5"
REC-MAT-00952,Mathematics,Class 10,Quadratic Equations,Quadratic Formula and Discriminant,Quadratic formula x = [-b +- sqrt(b^2 - 4ac)] / (2a) solves ax^2 + bx + c = 0 with discriminant D = b^2 - 4ac determining root nature.,formula,"Key Point: Roots of ax^2 + bx + c = 0 given by x = (-b +- sqrt(b^2 - 4ac)) / (2a). Discriminant D = b^2 - 4ac: D>0 real distinct, D=0 real equal, D<0 complex. [Summary]",FULLY_COVERED,1.0,False,NCERT Textbooks,"NCERT Class 10 Mathematics, Chapter 4, Section 4.4"
REC-MAT-00990,Mathematics,Class 10,Quadratic Equations,Quadratic Formula and Discriminant,Quadratic formula x = [-b +- sqrt(b^2 - 4ac)] / (2a) solves ax^2 + bx + c = 0 with discriminant D = b^2 - 4ac determining root nature.,formula,Exam Revision: Arithmetic progression nth term is a_n = a + (n-1)d. (Important for final exam),MISSING,0.0,False,NCERT Textbooks,"NCERT Class 10 Mathematics, Chapter 4, Section 4.4"
REC-BIO-00594,Biology,Class 11,Photosynthesis in Higher Plants,Light Reaction and Photophosphorylation,"Non-cyclic photophosphorylation (Z-scheme) involves Photosystems II and I, water splitting (photolysis), ATP synthesis, and NADPH formation.",process,- Photosynthesis occurs in chloroplast stroma and thylakoid membranes.,PARTIALLY_COVERED,0.5,True,NCERT Textbooks,"NCERT Class 11 Biology, Chapter 13, Section 13.6"
REC-MAT-00798,Mathematics,Class 12,Integrals,Integration by Parts,Integration by parts formula is int(u * dv) = u * v - int(v * du) with ILATE rule for selecting first function u.,formula,Exam Revision: Definite integral int_a^b f(x)dx represents net area under curve f(x) between x=a and x=b. (Important for final exam),MISSING,0.0,True,NCERT Textbooks,"NCERT Class 12 Mathematics Part 2, Chapter 7, Section 7.5"
REC-BIO-00536,Biology,Class 11,Cell: The Unit of Life,Fluid Mosaic Model of Cell Membrane,"Fluid mosaic model describes cell membrane as a phospholipid bilayer with polar hydrophilic heads outside and nonpolar hydrophobic tails inside, with embedded proteins.",definition,"Key Point: Membrane structure: lipid bilayer with hydrophilic heads outside, hydrophobic tails inside. [Summary]",FULLY_COVERED,1.0,False,NCERT Textbooks,"NCERT Class 11 Biology, Chapter 8, Section 8.5.1"
REC-BIO-00599,Biology,Class 11,Photosynthesis in Higher Plants,Light Reaction and Photophosphorylation,"Non-cyclic photophosphorylation (Z-scheme) involves Photosystems II and I, water splitting (photolysis), ATP synthesis, and NADPH formation.",process,Photosynthes= occurs in chloroplast stroma and thylakoid membranes.,PARTIALLY_COVERED,0.5,True,NCERT Textbooks,"NCERT Class 11 Biology, Chapter 13, Section 13.6"
REC-GEO-01178,Geography,Class 11,Natural Hazards and Disasters,Causes of Disasters and Mitigation Strategies,"Natural disasters (earthquakes, landslides, GLOF, floods) require proactive mitigation strategies including hazard risk mapping, early warning systems, slope stabilization, and afforestation.",process,- Monsoon rainfall brings heavy water to Indian subcontinent between June and September.,MISSING,0.0,False,NCERT Textbooks,"NCERT Class 11 Geography, Chapter 7 (Disasters), Section 7.4"
REC-GEO-01225,Geography,Class 11,Atmosphere and Climate,Atmospheric Pressure Belts and Planetary Winds,"Global atmospheric circulation features Equatorial Low (Doldrums), Subtropical Highs (Horse Latitudes), Subpolar Lows, and Polar Highs driving Trade Winds, Westerlies, and Easterlies.",core_concept,Ocean currents are continuous directional movements of seawater driven by wind and density.,MISSING,0.0,False,NCERT Textbooks,"NCERT Class 11 Geography, Chapter 10, Section 10.4"
REC-PHY-00104,Physics,Class 12,Electric Charges and Fields,Field Due to Infinitely Long Straight Wire,Derivation of electric field due to infinitely long wire using Gauss's Law yielding E = lambda / (2 * pi * epsilon_0 * r).,derivation,Key Point: Construct a cylindrical Gaussian surface of radius r and length L. Flux through end caps is 0. Curved flux = E(2*pi*r*L) = Q_enclosed/e0 = lambda*L/e0 => E = lambda / (2*pi*e0*r). [Summary],FULLY_COVERED,1.0,False,NCERT Textbooks,"NCERT Class 12 Physics Part 1, Chapter 1, Section 1.15"
REC-BIO-00649,Biology,Class 12,Molecular Basis of Inheritance,DNA Double Helix Structure,"Watson and Crick DNA double helix model features antiparallel polynucleotide chains with complementary base pairing (A=T with 2 H-bonds, G=C with 3 H-bonds).",definition,RNA contains ribose sugar and uracil base instead of thymine.,MISSING,0.0,True,NCERT Textbooks,"NCERT Class 12 Biology, Chapter 6, Section 6.1"
REC-PHY-00235,Physics,Class 12,Ray Optics and Optical Instruments,Lens Maker's Formula,"Lens maker's formula 1/f = (n - 1) * (1/R1 - 1/R2) relates focal length f of a thin lens to refractive index n and radii of curvature R1, R2.",formula,Note: Lens maker formula: 1/f = (mu - 1) * (1/R1 - 1/R2) where R1 and R2 are radii of curvature of two lens surfaces. [Ref: NCERT Chapter notes],FULLY_COVERED,1.0,False,NCERT Textbooks,"NCERT Class 12 Physics Part 2, Chapter 9, Section 9.5"
REC-BIO-00549,Biology,Class 11,Cell: The Unit of Life,Fluid Mosaic Model of Cell Membrane,"Fluid mosaic model describes cell membrane as a phospholipid bilayer with polar hydrophilic heads outside and nonpolar hydrophobic tails inside, with embedded proteins.",definition,Cell membrane regulates active and passive transport of molecules. (refer to diagram for full details),PARTIALLY_COVERED,0.5,True,NCERT Textbooks,"NCERT Class 11 Biology, Chapter 8, Section 8.5.1"
REC-GEO-01024,Geography,Class 11,Fundamentals of Physical Geography,Theory of Plate Tectonics,"Theory of plate tectonics explains large-scale movement of Earth's lithospheric plates over convective asthenosphere forming divergent, convergent, and transform boundaries.",core_concept,Key Point: Earth's crust is divided into tectonic plates. [Summary],PARTIALLY_COVERED,0.5,True,NCERT Textbooks,"NCERT Class 11 Geography, Chapter 4, Section 4.4"
REC-CHE-00507,Chemistry,Class 11,States of Matter,Ideal Gas Equation,"Ideal gas equation P * V = n * R * T combines Boyle's law, Charles's law, and Avogadro's law for ideal gas behavior.",formula,Note: Real gases deviate from ideal behavior at high pressure and low temperature due to intermolecular forces.,MISSING,0.0,True,NCERT Textbooks,"NCERT Class 11 Chemistry Part 1, Chapter 5, Section 5.5"
REC-BIO-00698,Biology,Class 12,Principles of Inheritance and Variation,Mendel's Law of Segregation,Mendel's Law of Segregation states that allele pairs separate during gamete formation so each gamete carries only one allele for each gene.,core_concept,- Law of independent assortment states genes for different traits segregate independently during gamete formation.,MISSING,0.0,True,NCERT Textbooks,"NCERT Class 12 Biology, Chapter 5, Section 5.2.1"
REC-BIO-00534,Biology,Class 11,Cell: The Unit of Life,Fluid Mosaic Model of Cell Membrane,"Fluid mosaic model describes cell membrane as a phospholipid bilayer with polar hydrophilic heads outside and nonpolar hydrophobic tails inside, with embedded proteins.",definition,"Exam Revision: Membrane structure: lipid bilayer with hydrophilic heads outside, hydrophobic tails inside. (Important for final exam)",FULLY_COVERED,1.0,False,NCERT Textbooks,"NCERT Class 11 Biology, Chapter 8, Section 8.5.1"
REC-BIO-00699,Biology,Class 12,Principles of Inheritance and Variation,Mendel's Law of Segregation,Mendel's Law of Segregation states that allele pairs separate during gamete formation so each gamete carries only one allele for each gene.,core_concept,Note: Law of independent assortment states genes for different traits segregate independently during gamete formation.,MISSING,0.0,True,NCERT Textbooks,"NCERT Class 12 Biology, Chapter 5, Section 5.2.1"
REC-MAT-00778,Mathematics,Class 12,Integrals,Integration by Parts,Integration by parts formula is int(u * dv) = u * v - int(v * du) with ILATE rule for selecting first function u.,formula,- Integration by parts is used to integrate product of two functions.,PARTIALLY_COVERED,0.5,True,NCERT Textbooks,"NCERT Class 12 Mathematics Part 2, Chapter 7, Section 7.5"
REC-CHE-00331,Chemistry,Class 12,Electrochemistry,Nernst Equation,Nernst equation for electrode potential E = E_0 - (RT / nF) * ln(Q) where Q is reaction quotient.,formula,Note: Nernst equation at 298K: E = E0 - (0.0591 / n) * log([Red]/[Ox]). Calculates cell EMF at non-standard concentrations. [Ref: NCERT Chapter notes],FULLY_COVERED,1.0,False,NCERT Textbooks,"NCERT Class 12 Chemistry Part 1, Chapter 3, Section 3.3"
REC-GEO-00994,Geography,Class 11,Fundamentals of Physical Geography,Theory of Plate Tectonics,"Theory of plate tectonics explains large-scale movement of Earth's lithospheric plates over convective asthenosphere forming divergent, convergent, and transform boundaries.",core_concept,"- Earth's rigid outer lithosphere is broken into major and minor tectonic plates moving over warm convective asthenosphere. Plate interactions form divergent, convergent, and transform boundaries.",FULLY_COVERED,1.0,False,NCERT Textbooks,"NCERT Class 11 Geography, Chapter 4, Section 4.4"
REC-BIO-00616,Biology,Class 11,Photosynthesis in Higher Plants,Light Reaction and Photophosphorylation,"Non-cyclic photophosphorylation (Z-scheme) involves Photosystems II and I, water splitting (photolysis), ATP synthesis, and NADPH formation.",process,Key Point: Plant transpiration moves water from roots to leaves through xylem vessel tracheids. [Summary],MISSING,0.0,False,NCERT Textbooks,"NCERT Class 11 Biology, Chapter 13, Section 13.6"
REC-BIO-00738,Biology,Class 11,Biomolecules,Enzyme Action and Mechanism,Enzymes lower activation energy barrier to accelerate biochemical reactions via active site substrate binding (lock and key / induced fit).,process,- Active site of enzyme binds specific substrate molecules.,PARTIALLY_COVERED,0.5,True,NCERT Textbooks,"NCERT Class 11 Biology, Chapter 9, Section 9.8"
REC-PHY-00267,Physics,Class 12,Ray Optics and Optical Instruments,Lens Maker's Formula,"Lens maker's formula 1/f = (n - 1) * (1/R1 - 1/R2) relates focal length f of a thin lens to refractive index n and radii of curvature R1, R2.",formula,Note: Total internal reflection occurs when light exceeds critical angle.,MISSING,0.0,True,NCERT Textbooks,"NCERT Class 12 Physics Part 2, Chapter 9, Section 9.5"
REC-BIO-00665,Biology,Class 12,Principles of Inheritance and Variation,Mendel's Law of Segregation,Mendel's Law of Segregation states that allele pairs separate during gamete formation so each gamete carries only one allele for each gene.,core_concept,"Law of segregation: during meiosis gametogenesis, the two alleles of a gene pair segregate cleanly so each haploid gamete receives only one allele.",FULLY_COVERED,1.0,False,NCERT Textbooks,"NCERT Class 12 Biology, Chapter 5, Section 5.2.1"
REC-PHY-00142,Physics,Class 12,Electric Charges and Fields,Field Inside a Thin Spherical Shell,Electric field inside a uniformly charged thin spherical shell (r < R) is strictly zero (E = 0) because enclosed charge is zero.,core_concept,"Exam Revision: Inside a thin charged shell (r < R), enclosed charge Q_enc = 0. By Gauss law E*(4*pi*r^2) = 0 => E = 0 everywhere inside. (Important for final exam)",FULLY_COVERED,1.0,False,NCERT Textbooks,"NCERT Class 12 Physics Part 1, Chapter 1, Section 1.15.3"
REC-PHY-00070,Physics,Class 12,Electrostatic Potential and Capacitance,Energy Stored in a Capacitor,Electrostatic potential energy stored in a charged capacitor is U = (1/2) * C * V^2 = Q^2 / (2C).,formula,Exam Revision: A charged capacitor stores electrostatic potential energy in its electric field. (Important for final exam),PARTIALLY_COVERED,0.5,True,NCERT Textbooks,"NCERT Class 12 Physics Part 1, Chapter 2, Section 2.10"
REC-MAT-00976,Mathematics,Class 10,Quadratic Equations,Quadratic Formula and Discriminant,Quadratic formula x = [-b +- sqrt(b^2 - 4ac)] / (2a) solves ax^2 + bx + c = 0 with discriminant D = b^2 - 4ac determining root nature.,formula,Key Point: Sum of roots is -b/a and product of roots is c/a. [Summary],PARTIALLY_COVERED,0.5,True,NCERT Textbooks,"NCERT Class 10 Mathematics, Chapter 4, Section 4.4"
REC-GEO-01090,Geography,Class 11,Landforms and their Evolution,Agents of Gradation and River Landforms,"Running water as a geomorphic agent creates erosional landforms (V-shaped valleys, waterfalls, gorges) in youthful stage and depositional landforms (deltas, alluvial fans, levees) in old stage.",process,"- Rivers erode V-shaped valleys, canyons, and waterfalls in steep upper courses, and deposit alluvial fans, meanders, and deltas in lower plains.",FULLY_COVERED,1.0,False,NCERT Textbooks,"NCERT Class 11 Geography, Chapter 7, Section 7.2"
REC-BIO-00609,Biology,Class 11,Photosynthesis in Higher Plants,Light Reaction and Photophosphorylation,"Non-cyclic photophosphorylation (Z-scheme) involves Photosystems II and I, water splitting (photolysis), ATP synthesis, and NADPH formation.",process,Plant transpiration moves water from roots to leaves through xylem vessel tracheids.,MISSING,0.0,False,NCERT Textbooks,"NCERT Class 11 Biology, Chapter 13, Section 13.6"
REC-BIO-00664,Biology,Class 12,Molecular Basis of Inheritance,DNA Double Helix Structure,"Watson and Crick DNA double helix model features antiparallel polynucleotide chains with complementary base pairing (A=T with 2 H-bonds, G=C with 3 H-bonds).",definition,Key Point: Protein synthesis occurs at ribosomes via mRNA translation. [Summary],MISSING,0.0,False,NCERT Textbooks,"NCERT Class 12 Biology, Chapter 6, Section 6.1"
REC-GEO-01107,Geography,Class 11,Landforms and their Evolution,Agents of Gradation and River Landforms,"Running water as a geomorphic agent creates erosional landforms (V-shaped valleys, waterfalls, gorges) in youthful stage and depositional landforms (deltas, alluvial fans, levees) in old stage.",process,Note: Running water is a primary agent of gradation shaping Earth's surface.,PARTIALLY_COVERED,0.5,True,NCERT Textbooks,"NCERT Class 11 Geography, Chapter 7, Section 7.2"
REC-MAT-00971,Mathematics,Class 10,Quadratic Equations,Quadratic Formula and Discriminant,Quadratic formula x = [-b +- sqrt(b^2 - 4ac)] / (2a) solves ax^2 + bx + c = 0 with discriminant D = b^2 - 4ac determining root nature.,formula,Note: Sum of roots is -b/a and product of roots is c/a.,PARTIALLY_COVERED,0.5,True,NCERT Textbooks,"NCERT Class 10 Mathematics, Chapter 4, Section 4.4"
REC-CHE-00441,Chemistry,Class 12,Haloalkanes and Haloarenes,SN1 vs SN2 Nucleophilic Substitution Mechanism,"SN1 mechanism involves carbocation intermediate with inversion/racemization, while SN2 involves concerted single-step transition state with complete inversion.",process,Nucleophilic substitution replaces halogen atom with nucleophile like OH-.,PARTIALLY_COVERED,0.5,True,NCERT Textbooks,"NCERT Class 12 Chemistry Part 2, Chapter 10, Section 10.7"
REC-PHY-00250,Physics,Class 12,Ray Optics and Optical Instruments,Lens Maker's Formula,"Lens maker's formula 1/f = (n - 1) * (1/R1 - 1/R2) relates focal length f of a thin lens to refractive index n and radii of curvature R1, R2.",formula,- Focal length f of a thin lens depends on refractive index and surface curvature.,PARTIALLY_COVERED,0.5,True,NCERT Textbooks,"NCERT Class 12 Physics Part 2, Chapter 9, Section 9.5"
REC-PHY-00115,Physics,Class 12,Electric Charges and Fields,Field Due to Infinitely Long Straight Wire,Derivation of electric field due to infinitely long wire using Gauss's Law yielding E = lambda / (2 * pi * epsilon_0 * r).,derivation,Note: A thin charged wire produces radial electric field outward.,PARTIALLY_COVERED,0.5,True,NCERT Textbooks,"NCERT Class 12 Physics Part 1, Chapter 1, Section 1.15"
REC-CHE-00489,Chemistry,Class 11,States of Matter,Ideal Gas Equation,"Ideal gas equation P * V = n * R * T combines Boyle's law, Charles's law, and Avogadro's law for ideal gas behavior.",formula,"Ideal gas equation relates pressure P, volume V, and temperature T.",PARTIALLY_COVERED,0.5,True,NCERT Textbooks,"NCERT Class 11 Chemistry Part 1, Chapter 5, Section 5.5"
REC-GEO-01208,Geography,Class 11,Atmosphere and Climate,Atmospheric Pressure Belts and Planetary Winds,"Global atmospheric circulation features Equatorial Low (Doldrums), Subtropical Highs (Horse Latitudes), Subpolar Lows, and Polar Highs driving Trade Winds, Westerlies, and Easterlies.",core_concept,Key Point: Pressure belts shift north and south with apparent movement of the sun. [Summary],PARTIALLY_COVERED,0.5,True,NCERT Textbooks,"NCERT Class 11 Geography, Chapter 10, Section 10.4"
REC-MAT-00832,Mathematics,Class 12,Matrices and Determinants,Inverse of a Matrix,Inverse of a square matrix A exists if det(A) != 0 (non-singular) and is calculated by A^(-1) = (1 / det(A)) * adj(A).,formula,Key Point: Inverse matrix satisfies property A * A^-1 = A^-1 * A = I. [Summary],PARTIALLY_COVERED,0.5,True,NCERT Textbooks,"NCERT Class 12 Mathematics Part 1, Chapter 4, Section 4.5"
REC-BIO-00682,Biology,Class 12,Principles of Inheritance and Variation,Mendel's Law of Segregation,Mendel's Law of Segregation states that allele pairs separate during gamete formation so each gamete carries only one allele for each gene.,core_concept,- Monohybrid cross produces a 3:1 phenotypic ratio in F2 generation.,PARTIALLY_COVERED,0.5,True,NCERT Textbooks,"NCERT Class 12 Biology, Chapter 5, Section 5.2.1"
REC-CHE-00506,Chemistry,Class 11,States of Matter,Ideal Gas Equation,"Ideal gas equation P * V = n * R * T combines Boyle's law, Charles's law, and Avogadro's law for ideal gas behavior.",formula,- Real gases deviate from ideal behavior at high pressure and low temperature due to intermolecular forces.,MISSING,0.0,True,NCERT Textbooks,"NCERT Class 11 Chemistry Part 1, Chapter 5, Section 5.5"
REC-BIO-00531,Biology,Class 11,Cell: The Unit of Life,Fluid Mosaic Model of Cell Membrane,"Fluid mosaic model describes cell membrane as a phospholipid bilayer with polar hydrophilic heads outside and nonpolar hydrophobic tails inside, with embedded proteins.",definition,"Note: Membrane structure: lipid bilayer with hydrophilic heads outside, hydrophobic tails inside. [Ref: NCERT Chapter notes]",FULLY_COVERED,1.0,False,NCERT Textbooks,"NCERT Class 11 Biology, Chapter 8, Section 8.5.1"
REC-PHY-00066,Physics,Class 12,Electrostatic Potential and Capacitance,Energy Stored in a Capacitor,Electrostatic potential energy stored in a charged capacitor is U = (1/2) * C * V^2 = Q^2 / (2C).,formula,- A charged capacitor stores electrostatic potential energy in its electric field.,PARTIALLY_COVERED,0.5,True,NCERT Textbooks,"NCERT Class 12 Physics Part 1, Chapter 2, Section 2.10"
REC-BIO-00704,Biology,Class 12,Principles of Inheritance and Variation,Mendel's Law of Segregation,Mendel's Law of Segregation states that allele pairs separate during gamete formation so each gamete carries only one allele for each gene.,core_concept,Key Point: Law of independent assortment states genes for different traits segregate independently during gamete formation. [Summary],MISSING,0.0,True,NCERT Textbooks,"NCERT Class 12 Biology, Chapter 5, Section 5.2.1"
REC-MAT-00865,Mathematics,Class 11,Limits and Derivatives,First Principles Derivation,Derivative of function f(x) from first principles is f'(x) = lim_{h->0} [f(x+h) - f(x)] / h.,derivation,Definition of derivative: dy/dx = lim_{h->0} [f(x+h) - f(x)] / h.,FULLY_COVERED,1.0,False,NCERT Textbooks,"NCERT Class 11 Mathematics, Chapter 13, Section 13.5"
REC-BIO-00550,Biology,Class 11,Cell: The Unit of Life,Fluid Mosaic Model of Cell Membrane,"Fluid mosaic model describes cell membrane as a phospholipid bilayer with polar hydrophilic heads outside and nonpolar hydrophobic tails inside, with embedded proteins.",definition,Exam Revision: Cell membrane regulates active and passive transport of molecules. (Important for final exam),PARTIALLY_COVERED,0.5,True,NCERT Textbooks,"NCERT Class 11 Biology, Chapter 8, Section 8.5.1"
REC-MAT-00837,Mathematics,Class 12,Matrices and Determinants,Inverse of a Matrix,Inverse of a square matrix A exists if det(A) != 0 (non-singular) and is calculated by A^(-1) = (1 / det(A)) * adj(A).,formula,Adjugate matrix adj(A) is the transpose of cofactor matrix. (refer to diagram for full details),PARTIALLY_COVERED,0.5,True,NCERT Textbooks,"NCERT Class 12 Mathematics Part 1, Chapter 4, Section 4.5"
REC-GEO-01200,Geography,Class 11,Atmosphere and Climate,Atmospheric Pressure Belts and Planetary Winds,"Global atmospheric circulation features Equatorial Low (Doldrums), Subtropical Highs (Horse Latitudes), Subpolar Lows, and Polar Highs driving Trade Winds, Westerlies, and Easterlies.",core_concept,"Key Point: Planetary wind system: Trade winds, Westerlies, and Polar Easterlies driven by pressure gradient force and Coriolis effect. [Summary]",FULLY_COVERED,1.0,False,NCERT Textbooks,"NCERT Class 11 Geography, Chapter 10, Section 10.4"
REC-BIO-00626,Biology,Class 12,Molecular Basis of Inheritance,DNA Double Helix Structure,"Watson and Crick DNA double helix model features antiparallel polynucleotide chains with complementary base pairing (A=T with 2 H-bonds, G=C with 3 H-bonds).",definition,- DNA structure: antiparallel double helix with complementary base pairs A=T (2 H-bonds) and G=C (3 H-bonds).,FULLY_COVERED,1.0,False,NCERT Textbooks,"NCERT Class 12 Biology, Chapter 6, Section 6.1"
REC-CHE-00354,Chemistry,Class 12,Electrochemistry,Nernst Equation,Nernst equation for electrode potential E = E_0 - (RT / nF) * ln(Q) where Q is reaction quotient.,formula,- Standard cell potential E0_cell = E0_cathode - E0_anode.,PARTIALLY_COVERED,0.5,True,NCERT Textbooks,"NCERT Class 12 Chemistry Part 1, Chapter 3, Section 3.3"
REC-GEO-01192,Geography,Class 11,Atmosphere and Climate,Atmospheric Pressure Belts and Planetary Winds,"Global atmospheric circulation features Equatorial Low (Doldrums), Subtropical Highs (Horse Latitudes), Subpolar Lows, and Polar Highs driving Trade Winds, Westerlies, and Easterlies.",core_concept,"Key Point: Atmospheric pressure belts: Equatorial low pressure (doldrums), Subtropical high pressure (30N/S horse latitudes), Subpolar low (60N/S), Polar high. Trade winds blow from Subtropical High towards Equatorial Low. [Summary]",FULLY_COVERED,1.0,False,NCERT Textbooks,"NCERT Class 11 Geography, Chapter 10, Section 10.4"
REC-MAT-00894,Mathematics,Class 11,Limits and Derivatives,First Principles Derivation,Derivative of function f(x) from first principles is f'(x) = lim_{h->0} [f(x+h) - f(x)] / h.,derivation,Exam Revision: L'Hopital's rule evaluates 0/0 indeterminate limits by differentiating numerator and denominator. (Important for final exam),MISSING,0.0,False,NCERT Textbooks,"NCERT Class 11 Mathematics, Chapter 13, Section 13.5"
REC-GEO-01161,Geography,Class 11,Natural Hazards and Disasters,Causes of Disasters and Mitigation Strategies,"Natural disasters (earthquakes, landslides, GLOF, floods) require proactive mitigation strategies including hazard risk mapping, early warning systems, slope stabilization, and afforestation.",process,Landslides and earthquakes cause severe loss of life and property.,PARTIALLY_COVERED,0.5,True,NCERT Textbooks,"NCERT Class 11 Geography, Chapter 7 (Disasters), Section 7.4"
REC-BIO-00589,Biology,Class 11,Photosynthesis in Higher Plants,Light Reaction and Photophosphorylation,"Non-cyclic photophosphorylation (Z-scheme) involves Photosystems II and I, water splitting (photolysis), ATP synthesis, and NADPH formation.",process,Light reaction converts solar energy into chemical energy ATP. (refer to diagram for full details),PARTIALLY_COVERED,0.5,True,NCERT Textbooks,"NCERT Class 11 Biology, Chapter 13, Section 13.6"
REC-MAT-00874,Mathematics,Class 11,Limits and Derivatives,First Principles Derivation,Derivative of function f(x) from first principles is f'(x) = lim_{h->0} [f(x+h) - f(x)] / h.,derivation,- Derivative represents slope of tangent line to curve at point x.,PARTIALLY_COVERED,0.5,True,NCERT Textbooks,"NCERT Class 11 Mathematics, Chapter 13, Section 13.5"
REC-MAT-00970,Mathematics,Class 10,Quadratic Equations,Quadratic Formula and Discriminant,Quadratic formula x = [-b +- sqrt(b^2 - 4ac)] / (2a) solves ax^2 + bx + c = 0 with discriminant D = b^2 - 4ac determining root nature.,formula,- Sum of roots is -b/a and product of roots is c/a.,PARTIALLY_COVERED,0.5,True,NCERT Textbooks,"NCERT Class 10 Mathematics, Chapter 4, Section 4.4"
REC-BIO-00685,Biology,Class 12,Principles of Inheritance and Variation,Mendel's Law of Segregation,Mendel's Law of Segregation states that allele pairs separate during gamete formation so each gamete carries only one allele for each gene.,core_concept,Monohybrid cross produces a 3:1 phenotypic ratio in F2 generation. (refer to diagram for full details),PARTIALLY_COVERED,0.5,True,NCERT Textbooks,"NCERT Class 12 Biology, Chapter 5, Section 5.2.1"
REC-PHY-00035,Physics,Class 12,Electrostatic Potential and Capacitance,Parallel Plate Capacitor,Capacitance of a parallel plate capacitor in vacuum is C = (epsilon_0 * A) / d where A is plate area and d is separation.,formula,Note: Capacitors can be connected in series and parallel combinations.,MISSING,0.0,True,NCERT Textbooks,"NCERT Class 12 Physics Part 1, Chapter 2, Section 2.8"
REC-BIO-00606,Biology,Class 11,Photosynthesis in Higher Plants,Light Reaction and Photophosphorylation,"Non-cyclic photophosphorylation (Z-scheme) involves Photosystems II and I, water splitting (photolysis), ATP synthesis, and NADPH formation.",process,Exam Revision: Calvin cycle (dark reaction) fixes CO2 into glucose using RuBisCO enzyme in C3 plants. (Important for final exam),MISSING,0.0,True,NCERT Textbooks,"NCERT Class 11 Biology, Chapter 13, Section 13.6"
REC-BIO-00543,Biology,Class 11,Cell: The Unit of Life,Fluid Mosaic Model of Cell Membrane,"Fluid mosaic model describes cell membrane as a phospholipid bilayer with polar hydrophilic heads outside and nonpolar hydrophobic tails inside, with embedded proteins.",definition,Plasma membrane cons=ts of lipids and proteins arranged in a bilayer.,PARTIALLY_COVERED,0.5,True,NCERT Textbooks,"NCERT Class 11 Biology, Chapter 8, Section 8.5.1"
REC-PHY-00081,Physics,Class 12,Electrostatic Potential and Capacitance,Energy Stored in a Capacitor,Electrostatic potential energy stored in a charged capacitor is U = (1/2) * C * V^2 = Q^2 / (2C).,formula,Capacitors are used to store electric charge in electronic power supplies.,MISSING,0.0,True,NCERT Textbooks,"NCERT Class 12 Physics Part 1, Chapter 2, Section 2.10"
REC-BIO-00689,Biology,Class 12,Principles of Inheritance and Variation,Mendel's Law of Segregation,Mendel's Law of Segregation states that allele pairs separate during gamete formation so each gamete carries only one allele for each gene.,core_concept,Dominant alleles express in heterozygous conditions while recessive alleles require homozygous condition.,PARTIALLY_COVERED,0.5,True,NCERT Textbooks,"NCERT Class 12 Biology, Chapter 5, Section 5.2.1"
REC-MAT-00849,Mathematics,Class 12,Matrices and Determinants,Inverse of a Matrix,Inverse of a square matrix A exists if det(A) != 0 (non-singular) and is calculated by A^(-1) = (1 / det(A)) * adj(A).,formula,System of linear equations can be solved using Cramer's rule.,MISSING,0.0,False,NCERT Textbooks,"NCERT Class 12 Mathematics Part 1, Chapter 4, Section 4.5"
REC-GEO-01002,Geography,Class 11,Fundamentals of Physical Geography,Theory of Plate Tectonics,"Theory of plate tectonics explains large-scale movement of Earth's lithospheric plates over convective asthenosphere forming divergent, convergent, and transform boundaries.",core_concept,"- Plate tectonics: lithospheric plates float on asthenosphere, interacting along divergent (rift), convergent (trench/mountain), and transform faults.",FULLY_COVERED,1.0,False,NCERT Textbooks,"NCERT Class 11 Geography, Chapter 4, Section 4.4"
REC-GEO-01157,Geography,Class 11,Natural Hazards and Disasters,Causes of Disasters and Mitigation Strategies,"Natural disasters (earthquakes, landslides, GLOF, floods) require proactive mitigation strategies including hazard risk mapping, early warning systems, slope stabilization, and afforestation.",process,Disaster mitigation involves preparing for natural hazards like earthquakes and floods. (refer to diagram for full details),PARTIALLY_COVERED,0.5,True,NCERT Textbooks,"NCERT Class 11 Geography, Chapter 7 (Disasters), Section 7.4"
REC-CHE-00416,Chemistry,Class 11,Equilibrium,Le Chatelier's Principle,"Le Chatelier's principle states that if a dynamic equilibrium is disturbed by changing concentration, pressure, or temperature, the system shifts to counteract the disturbance.",core_concept,Key Point: Catalysts increase both forward and reverse reaction rates equally without changing Kc. [Summary],MISSING,0.0,True,NCERT Textbooks,"NCERT Class 11 Chemistry Part 1, Chapter 7, Section 7.8"
REC-PHY-00013,Physics,Class 12,Electrostatic Potential and Capacitance,Parallel Plate Capacitor,Capacitance of a parallel plate capacitor in vacuum is C = (epsilon_0 * A) / d where A is plate area and d is separation.,formula,Parallel plate cap. formla: C = epsilon0 * A / d.,FULLY_COVERED,1.0,False,NCERT Textbooks,"NCERT Class 12 Physics Part 1, Chapter 2, Section 2.8"
REC-PHY-00022,Physics,Class 12,Electrostatic Potential and Capacitance,Parallel Plate Capacitor,Capacitance of a parallel plate capacitor in vacuum is C = (epsilon_0 * A) / d where A is plate area and d is separation.,formula,Exam Revision: Capacitance depends on area A and plate distance d. (Important for final exam),PARTIALLY_COVERED,0.5,True,NCERT Textbooks,"NCERT Class 12 Physics Part 1, Chapter 2, Section 2.8"
REC-GEO-01185,Geography,Class 11,Atmosphere and Climate,Atmospheric Pressure Belts and Planetary Winds,"Global atmospheric circulation features Equatorial Low (Doldrums), Subtropical Highs (Horse Latitudes), Subpolar Lows, and Polar Highs driving Trade Winds, Westerlies, and Easterlies.",core_concept,"Atmospheric pressure belts: Equatorial low pressure (doldrums), Subtropical high pressure (30N/S horse latitudes), Subpolar low (60N/S), Polar high. Trade winds blow from Subtropical High towards Equatorial Low.",FULLY_COVERED,1.0,False,NCERT Textbooks,"NCERT Class 11 Geography, Chapter 10, Section 10.4"
REC-MAT-00889,Mathematics,Class 11,Limits and Derivatives,First Principles Derivation,Derivative of function f(x) from first principles is f'(x) = lim_{h->0} [f(x+h) - f(x)] / h.,derivation,L'Hopital's rule evaluates 0/0 indeterminate limits by differentiating numerator and denominator.,MISSING,0.0,False,NCERT Textbooks,"NCERT Class 11 Mathematics, Chapter 13, Section 13.5"
REC-PHY-00017,Physics,Class 12,Electrostatic Potential and Capacitance,Parallel Plate Capacitor,Capacitance of a parallel plate capacitor in vacuum is C = (epsilon_0 * A) / d where A is plate area and d is separation.,formula,Capacitance depends on area A and plate distance d.,PARTIALLY_COVERED,0.5,True,NCERT Textbooks,"NCERT Class 12 Physics Part 1, Chapter 2, Section 2.8"
REC-CHE-00376,Chemistry,Class 12,Electrochemistry,Nernst Equation,Nernst equation for electrode potential E = E_0 - (RT / nF) * ln(Q) where Q is reaction quotient.,formula,Key Point: Galvanic cells convert chemical energy into electrical energy. [Summary],MISSING,0.0,False,NCERT Textbooks,"NCERT Class 12 Chemistry Part 1, Chapter 3, Section 3.3"
REC-BIO-00654,Biology,Class 12,Molecular Basis of Inheritance,DNA Double Helix Structure,"Watson and Crick DNA double helix model features antiparallel polynucleotide chains with complementary base pairing (A=T with 2 H-bonds, G=C with 3 H-bonds).",definition,Exam Revision: RNA contains ribose sugar and uracil base instead of thymine. (Important for final exam),MISSING,0.0,True,NCERT Textbooks,"NCERT Class 12 Biology, Chapter 6, Section 6.1"
REC-MAT-00987,Mathematics,Class 10,Quadratic Equations,Quadratic Formula and Discriminant,Quadratic formula x = [-b +- sqrt(b^2 - 4ac)] / (2a) solves ax^2 + bx + c = 0 with discriminant D = b^2 - 4ac determining root nature.,formula,Note: Arithmetic progression nth term is a_n = a + (n-1)d.,MISSING,0.0,False,NCERT Textbooks,"NCERT Class 10 Mathematics, Chapter 4, Section 4.4"
REC-MAT-00831,Mathematics,Class 12,Matrices and Determinants,Inverse of a Matrix,Inverse of a square matrix A exists if det(A) != 0 (non-singular) and is calculated by A^(-1) = (1 / det(A)) * adj(A).,formula,Inverse matrix sat=fies property A * A^-1 = A^-1 * A = I.,PARTIALLY_COVERED,0.5,True,NCERT Textbooks,"NCERT Class 12 Mathematics Part 1, Chapter 4, Section 4.5"
REC-PHY-00085,Physics,Class 12,Electrostatic Potential and Capacitance,Energy Stored in a Capacitor,Electrostatic potential energy stored in a charged capacitor is U = (1/2) * C * V^2 = Q^2 / (2C).,formula,Capacitors are used to store electrc charge in electronic power supplies.,MISSING,0.0,True,NCERT Textbooks,"NCERT Class 12 Physics Part 1, Chapter 2, Section 2.10"
REC-CHE-00463,Chemistry,Class 12,Haloalkanes and Haloarenes,SN1 vs SN2 Nucleophilic Substitution Mechanism,"SN1 mechanism involves carbocation intermediate with inversion/racemization, while SN2 involves concerted single-step transition state with complete inversion.",process,Electrophilic aromatic substitution occurs in benzene rings using Lew= acid catalysts.,MISSING,0.0,True,NCERT Textbooks,"NCERT Class 12 Chemistry Part 2, Chapter 10, Section 10.7"
REC-GEO-01130,Geography,Class 11,Landforms and their Evolution,Agents of Gradation and River Landforms,"Running water as a geomorphic agent creates erosional landforms (V-shaped valleys, waterfalls, gorges) in youthful stage and depositional landforms (deltas, alluvial fans, levees) in old stage.",process,- Wind erosion creates sand dunes and mushroom rocks in arid desert regions.,MISSING,0.0,False,NCERT Textbooks,"NCERT Class 11 Geography, Chapter 7, Section 7.2"
REC-CHE-00318,Chemistry,Class 12,Chemical Kinetics,Arrhenius Equation,Arrhenius equation k = A * exp(-Ea / (R * T)) describes temperature dependence of reaction rate constant k.,formula,"Exam Revision: Order of a reaction can be zero, fractional, or integer determined experimentally. (Important for final exam)",MISSING,0.0,True,NCERT Textbooks,"NCERT Class 12 Chemistry Part 1, Chapter 4, Section 4.5"
REC-PHY-00274,Physics,Class 12,Ray Optics and Optical Instruments,Lens Maker's Formula,"Lens maker's formula 1/f = (n - 1) * (1/R1 - 1/R2) relates focal length f of a thin lens to refractive index n and radii of curvature R1, R2.",formula,- Snell's law n1 sin(theta1) = n2 sin(theta2) governs refraction.,MISSING,0.0,False,NCERT Textbooks,"NCERT Class 12 Physics Part 2, Chapter 9, Section 9.5"
REC-CHE-00347,Chemistry,Class 12,Electrochemistry,Nernst Equation,Nernst equation for electrode potential E = E_0 - (RT / nF) * ln(Q) where Q is reaction quotient.,formula,Note: Nernst equation calculates electrode potential at non-standard concentration.,PARTIALLY_COVERED,0.5,True,NCERT Textbooks,"NCERT Class 12 Chemistry Part 1, Chapter 3, Section 3.3"
REC-MAT-00921,Mathematics,Class 12,Probability,Bayes' Theorem,Bayes' theorem calculates conditional probability P(Ai|B) = [P(Ai) * P(B|Ai)] / sum[P(Ak) * P(B|Ak)] for partition events Ai.,formula,Conditional probability P(A|B) = P(A intersection B) / P(B) where P(B) != 0.,PARTIALLY_COVERED,0.5,True,NCERT Textbooks,"NCERT Class 12 Mathematics Part 2, Chapter 13, Section 13.3"
REC-GEO-01091,Geography,Class 11,Landforms and their Evolution,Agents of Gradation and River Landforms,"Running water as a geomorphic agent creates erosional landforms (V-shaped valleys, waterfalls, gorges) in youthful stage and depositional landforms (deltas, alluvial fans, levees) in old stage.",process,"Note: Rivers erode V-shaped valleys, canyons, and waterfalls in steep upper courses, and deposit alluvial fans, meanders, and deltas in lower plains. [Ref: NCERT Chapter notes]",FULLY_COVERED,1.0,False,NCERT Textbooks,"NCERT Class 11 Geography, Chapter 7, Section 7.2"
REC-GEO-01035,Geography,Class 11,Fundamentals of Physical Geography,Theory of Plate Tectonics,"Theory of plate tectonics explains large-scale movement of Earth's lithospheric plates over convective asthenosphere forming divergent, convergent, and transform boundaries.",core_concept,Note: Weathering breaks down surface rocks physically and chemically.,MISSING,0.0,False,NCERT Textbooks,"NCERT Class 11 Geography, Chapter 4, Section 4.4"
REC-CHE-00384,Chemistry,Class 11,Equilibrium,Le Chatelier's Principle,"Le Chatelier's principle states that if a dynamic equilibrium is disturbed by changing concentration, pressure, or temperature, the system shifts to counteract the disturbance.",core_concept,"Key Point: Le Chatelier principle: modifying temperature, pressure, or concentration of an equilibrium system shifts position in direction that counteracts the applied change. [Summary]",FULLY_COVERED,1.0,False,NCERT Textbooks,"NCERT Class 11 Chemistry Part 1, Chapter 7, Section 7.8"
REC-MAT-00870,Mathematics,Class 11,Limits and Derivatives,First Principles Derivation,Derivative of function f(x) from first principles is f'(x) = lim_{h->0} [f(x+h) - f(x)] / h.,derivation,Exam Revision: Definition of derivative: dy/dx = lim_{h->0} [f(x+h) - f(x)] / h. (Important for final exam),FULLY_COVERED,1.0,False,NCERT Textbooks,"NCERT Class 11 Mathematics, Chapter 13, Section 13.5"
REC-BIO-00745,Biology,Class 11,Biomolecules,Enzyme Action and Mechanism,Enzymes lower activation energy barrier to accelerate biochemical reactions via active site substrate binding (lock and key / induced fit).,process,Competitive inhibitors bind active site competing with substrate Vmax remains constant while Km increases.,MISSING,0.0,True,NCERT Textbooks,"NCERT Class 11 Biology, Chapter 9, Section 9.8"
REC-GEO-01129,Geography,Class 11,Landforms and their Evolution,Agents of Gradation and River Landforms,"Running water as a geomorphic agent creates erosional landforms (V-shaped valleys, waterfalls, gorges) in youthful stage and depositional landforms (deltas, alluvial fans, levees) in old stage.",process,Wind erosion creates sand dunes and mushroom rocks in arid desert regions.,MISSING,0.0,False,NCERT Textbooks,"NCERT Class 11 Geography, Chapter 7, Section 7.2"
REC-MAT-00782,Mathematics,Class 12,Integrals,Integration by Parts,Integration by parts formula is int(u * dv) = u * v - int(v * du) with ILATE rule for selecting first function u.,formula,Exam Revision: Integration by parts is used to integrate product of two functions. (Important for final exam),PARTIALLY_COVERED,0.5,True,NCERT Textbooks,"NCERT Class 12 Mathematics Part 2, Chapter 7, Section 7.5"
REC-PHY-00043,Physics,Class 12,Electrostatic Potential and Capacitance,Parallel Plate Capacitor,Capacitance of a parallel plate capacitor in vacuum is C = (epsilon_0 * A) / d where A is plate area and d is separation.,formula,Note: Current in a conductor is proportional to applied potential difference.,MISSING,0.0,False,NCERT Textbooks,"NCERT Class 12 Physics Part 1, Chapter 2, Section 2.8"
REC-BIO-00753,Biology,Class 11,Biomolecules,Enzyme Action and Mechanism,Enzymes lower activation energy barrier to accelerate biochemical reactions via active site substrate binding (lock and key / induced fit).,process,Cofactors like coenzymes and prosthetic groups increase catalytic activity.,MISSING,0.0,False,NCERT Textbooks,"NCERT Class 11 Biology, Chapter 9, Section 9.8"
REC-CHE-00448,Chemistry,Class 12,Haloalkanes and Haloarenes,SN1 vs SN2 Nucleophilic Substitution Mechanism,"SN1 mechanism involves carbocation intermediate with inversion/racemization, while SN2 involves concerted single-step transition state with complete inversion.",process,Key Point: Nucleophilic substitution replaces halogen atom with nucleophile like OH-. [Summary],PARTIALLY_COVERED,0.5,True,NCERT Textbooks,"NCERT Class 12 Chemistry Part 2, Chapter 10, Section 10.7"
REC-BIO-00633,Biology,Class 12,Molecular Basis of Inheritance,DNA Double Helix Structure,"Watson and Crick DNA double helix model features antiparallel polynucleotide chains with complementary base pairing (A=T with 2 H-bonds, G=C with 3 H-bonds).",definition,"DNA consists of nitrogenous bases adenine, guanine, cytosine, and thymine.",PARTIALLY_COVERED,0.5,True,NCERT Textbooks,"NCERT Class 12 Biology, Chapter 6, Section 6.1"
REC-CHE-00304,Chemistry,Class 12,Chemical Kinetics,Arrhenius Equation,Arrhenius equation k = A * exp(-Ea / (R * T)) describes temperature dependence of reaction rate constant k.,formula,Key Point: Reaction rate constant k increases exponentially with absolute temperature T. [Summary],PARTIALLY_COVERED,0.5,True,NCERT Textbooks,"NCERT Class 12 Chemistry Part 1, Chapter 4, Section 4.5"
REC-CHE-00491,Chemistry,Class 11,States of Matter,Ideal Gas Equation,"Ideal gas equation P * V = n * R * T combines Boyle's law, Charles's law, and Avogadro's law for ideal gas behavior.",formula,"Note: Ideal gas equation relates pressure P, volume V, and temperature T.",PARTIALLY_COVERED,0.5,True,NCERT Textbooks,"NCERT Class 11 Chemistry Part 1, Chapter 5, Section 5.5"
REC-BIO-00705,Biology,Class 12,Principles of Inheritance and Variation,Mendel's Law of Segregation,Mendel's Law of Segregation states that allele pairs separate during gamete formation so each gamete carries only one allele for each gene.,core_concept,Sex determination in humans depends on XX female and XY male chromosome combinations.,MISSING,0.0,False,NCERT Textbooks,"NCERT Class 12 Biology, Chapter 5, Section 5.2.1"
REC-GEO-01163,Geography,Class 11,Natural Hazards and Disasters,Causes of Disasters and Mitigation Strategies,"Natural disasters (earthquakes, landslides, GLOF, floods) require proactive mitigation strategies including hazard risk mapping, early warning systems, slope stabilization, and afforestation.",process,Note: Landslides and earthquakes cause severe loss of life and property.,PARTIALLY_COVERED,0.5,True,NCERT Textbooks,"NCERT Class 11 Geography, Chapter 7 (Disasters), Section 7.4"
REC-BIO-00658,Biology,Class 12,Molecular Basis of Inheritance,DNA Double Helix Structure,"Watson and Crick DNA double helix model features antiparallel polynucleotide chains with complementary base pairing (A=T with 2 H-bonds, G=C with 3 H-bonds).",definition,- Protein synthesis occurs at ribosomes via mRNA translation.,MISSING,0.0,False,NCERT Textbooks,"NCERT Class 12 Biology, Chapter 6, Section 6.1"
REC-GEO-01179,Geography,Class 11,Natural Hazards and Disasters,Causes of Disasters and Mitigation Strategies,"Natural disasters (earthquakes, landslides, GLOF, floods) require proactive mitigation strategies including hazard risk mapping, early warning systems, slope stabilization, and afforestation.",process,Note: Monsoon rainfall brings heavy water to Indian subcontinent between June and September.,MISSING,0.0,False,NCERT Textbooks,"NCERT Class 11 Geography, Chapter 7 (Disasters), Section 7.4"
REC-BIO-00584,Biology,Class 11,Photosynthesis in Higher Plants,Light Reaction and Photophosphorylation,"Non-cyclic photophosphorylation (Z-scheme) involves Photosystems II and I, water splitting (photolysis), ATP synthesis, and NADPH formation.",process,"Key Point: Z-scheme light reaction splits water into 2H+, 2e-, and O2, producing ATP & NADPH. [Summary]",FULLY_COVERED,1.0,False,NCERT Textbooks,"NCERT Class 11 Biology, Chapter 13, Section 13.6"
REC-MAT-00979,Mathematics,Class 10,Quadratic Equations,Quadratic Formula and Discriminant,Quadratic formula x = [-b +- sqrt(b^2 - 4ac)] / (2a) solves ax^2 + bx + c = 0 with discriminant D = b^2 - 4ac determining root nature.,formula,Note: Factoring method decomposes quadratic trinomial into linear factors.,MISSING,0.0,True,NCERT Textbooks,"NCERT Class 10 Mathematics, Chapter 4, Section 4.4"
REC-GEO-01019,Geography,Class 11,Fundamentals of Physical Geography,Theory of Plate Tectonics,"Theory of plate tectonics explains large-scale movement of Earth's lithospheric plates over convective asthenosphere forming divergent, convergent, and transform boundaries.",core_concept,Note: Earth's crust is divided into tectonic plates.,PARTIALLY_COVERED,0.5,True,NCERT Textbooks,"NCERT Class 11 Geography, Chapter 4, Section 4.4"
REC-CHE-00490,Chemistry,Class 11,States of Matter,Ideal Gas Equation,"Ideal gas equation P * V = n * R * T combines Boyle's law, Charles's law, and Avogadro's law for ideal gas behavior.",formula,"- Ideal gas equation relates pressure P, volume V, and temperature T.",PARTIALLY_COVERED,0.5,True,NCERT Textbooks,"NCERT Class 11 Chemistry Part 1, Chapter 5, Section 5.5"
REC-PHY-00055,Physics,Class 12,Electrostatic Potential and Capacitance,Energy Stored in a Capacitor,Electrostatic potential energy stored in a charged capacitor is U = (1/2) * C * V^2 = Q^2 / (2C).,formula,The energy stored in a charged capacitor = U = 1/2 C V^2 or Q^2 / 2C.,FULLY_COVERED,1.0,False,NCERT Textbooks,"NCERT Class 12 Physics Part 1, Chapter 2, Section 2.10"
REC-PHY-00251,Physics,Class 12,Ray Optics and Optical Instruments,Lens Maker's Formula,"Lens maker's formula 1/f = (n - 1) * (1/R1 - 1/R2) relates focal length f of a thin lens to refractive index n and radii of curvature R1, R2.",formula,Note: Focal length f of a thin lens depends on refractive index and surface curvature.,PARTIALLY_COVERED,0.5,True,NCERT Textbooks,"NCERT Class 12 Physics Part 2, Chapter 9, Section 9.5"
REC-GEO-01118,Geography,Class 11,Landforms and their Evolution,Agents of Gradation and River Landforms,"Running water as a geomorphic agent creates erosional landforms (V-shaped valleys, waterfalls, gorges) in youthful stage and depositional landforms (deltas, alluvial fans, levees) in old stage.",process,Exam Revision: Deltas are depositional landforms formed at river mouths. (Important for final exam),PARTIALLY_COVERED,0.5,True,NCERT Textbooks,"NCERT Class 11 Geography, Chapter 7, Section 7.2"
REC-PHY-00234,Physics,Class 12,Ray Optics and Optical Instruments,Lens Maker's Formula,"Lens maker's formula 1/f = (n - 1) * (1/R1 - 1/R2) relates focal length f of a thin lens to refractive index n and radii of curvature R1, R2.",formula,- Lens maker formula: 1/f = (mu - 1) * (1/R1 - 1/R2) where R1 and R2 are radii of curvature of two lens surfaces.,FULLY_COVERED,1.0,False,NCERT Textbooks,"NCERT Class 12 Physics Part 2, Chapter 9, Section 9.5"
REC-GEO-01082,Geography,Class 11,Fundamentals of Physical Geography,Locating Tectonic Plates on World Map,"Locating and mapping major tectonic plates (Pacific, Eurasian, African, Indo-Australian, North American, South American, Antarctic) on a world map.",process,- Tropical rainforests are located near the equator between 10N and 10S latitude.,MISSING,0.0,False,NCERT Textbooks,"NCERT Class 11 Geography, Chapter 4, Section 4.4.1"
REC-CHE-00439,Chemistry,Class 12,Haloalkanes and Haloarenes,SN1 vs SN2 Nucleophilic Substitution Mechanism,"SN1 mechanism involves carbocation intermediate with inversion/racemization, while SN2 involves concerted single-step transition state with complete inversion.",process,SN2 mechan=m: bimolecular nucleophilic substitution with Walden inversion.,FULLY_COVERED,1.0,False,NCERT Textbooks,"NCERT Class 12 Chemistry Part 2, Chapter 10, Section 10.7"
REC-BIO-00547,Biology,Class 11,Cell: The Unit of Life,Fluid Mosaic Model of Cell Membrane,"Fluid mosaic model describes cell membrane as a phospholipid bilayer with polar hydrophilic heads outside and nonpolar hydrophobic tails inside, with embedded proteins.",definition,Note: Cell membrane regulates active and passive transport of molecules.,PARTIALLY_COVERED,0.5,True,NCERT Textbooks,"NCERT Class 11 Biology, Chapter 8, Section 8.5.1"
REC-MAT-00899,Mathematics,Class 12,Probability,Bayes' Theorem,Bayes' theorem calculates conditional probability P(Ai|B) = [P(Ai) * P(B|Ai)] / sum[P(Ak) * P(B|Ak)] for partition events Ai.,formula,Note: Bayes theorem formula: P(E_i|A) = [P(E_i)*P(A|E_i)] / sum_{j=1}^n [P(E_j)*P(A|E_j)] for pairwise disjoint events E_i. [Ref: NCERT Chapter notes],FULLY_COVERED,1.0,False,NCERT Textbooks,"NCERT Class 12 Mathematics Part 2, Chapter 13, Section 13.3"
REC-BIO-00544,Biology,Class 11,Cell: The Unit of Life,Fluid Mosaic Model of Cell Membrane,"Fluid mosaic model describes cell membrane as a phospholipid bilayer with polar hydrophilic heads outside and nonpolar hydrophobic tails inside, with embedded proteins.",definition,Key Point: Plasma membrane consists of lipids and proteins arranged in a bilayer. [Summary],PARTIALLY_COVERED,0.5,True,NCERT Textbooks,"NCERT Class 11 Biology, Chapter 8, Section 8.5.1"
REC-MAT-00961,Mathematics,Class 10,Quadratic Equations,Quadratic Formula and Discriminant,Quadratic formula x = [-b +- sqrt(b^2 - 4ac)] / (2a) solves ax^2 + bx + c = 0 with discriminant D = b^2 - 4ac determining root nature.,formula,Discriminant D = b^2 - 4ac determines whether roots are real or imaginary.,PARTIALLY_COVERED,0.5,True,NCERT Textbooks,"NCERT Class 10 Mathematics, Chapter 4, Section 4.4"
REC-MAT-00770,Mathematics,Class 12,Integrals,Integration by Parts,Integration by parts formula is int(u * dv) = u * v - int(v * du) with ILATE rule for selecting first function u.,formula,- int(f(x)g'(x)dx) = f(x)g(x) - int(f'(x)g(x)dx) with ILATE function selection.,FULLY_COVERED,1.0,False,NCERT Textbooks,"NCERT Class 12 Mathematics Part 2, Chapter 7, Section 7.5"
REC-BIO-00592,Biology,Class 11,Photosynthesis in Higher Plants,Light Reaction and Photophosphorylation,"Non-cyclic photophosphorylation (Z-scheme) involves Photosystems II and I, water splitting (photolysis), ATP synthesis, and NADPH formation.",process,Key Point: Light reaction converts solar energy into chemical energy ATP. [Summary],PARTIALLY_COVERED,0.5,True,NCERT Textbooks,"NCERT Class 11 Biology, Chapter 13, Section 13.6"
REC-CHE-00513,Chemistry,Class 11,States of Matter,Ideal Gas Equation,"Ideal gas equation P * V = n * R * T combines Boyle's law, Charles's law, and Avogadro's law for ideal gas behavior.",formula,Dalton's law of partial pressures P_total = P1 + P2 + P3.,MISSING,0.0,False,NCERT Textbooks,"NCERT Class 11 Chemistry Part 1, Chapter 5, Section 5.5"
REC-PHY-00074,Physics,Class 12,Electrostatic Potential and Capacitance,Energy Stored in a Capacitor,Electrostatic potential energy stored in a charged capacitor is U = (1/2) * C * V^2 = Q^2 / (2C).,formula,- Energy stored U depends on capacitance C.,PARTIALLY_COVERED,0.5,True,NCERT Textbooks,"NCERT Class 12 Physics Part 1, Chapter 2, Section 2.10"
REC-CHE-00462,Chemistry,Class 12,Haloalkanes and Haloarenes,SN1 vs SN2 Nucleophilic Substitution Mechanism,"SN1 mechanism involves carbocation intermediate with inversion/racemization, while SN2 involves concerted single-step transition state with complete inversion.",process,Exam Revision: Electrophilic aromatic substitution occurs in benzene rings using Lewis acid catalysts. (Important for final exam),MISSING,0.0,True,NCERT Textbooks,"NCERT Class 12 Chemistry Part 2, Chapter 10, Section 10.7"
REC-CHE-00450,Chemistry,Class 12,Haloalkanes and Haloarenes,SN1 vs SN2 Nucleophilic Substitution Mechanism,"SN1 mechanism involves carbocation intermediate with inversion/racemization, while SN2 involves concerted single-step transition state with complete inversion.",process,- Tertiary alkyl halides prefer SN1 due to carbocation stability.,PARTIALLY_COVERED,0.5,True,NCERT Textbooks,"NCERT Class 12 Chemistry Part 2, Chapter 10, Section 10.7"
REC-CHE-00482,Chemistry,Class 11,States of Matter,Ideal Gas Equation,"Ideal gas equation P * V = n * R * T combines Boyle's law, Charles's law, and Avogadro's law for ideal gas behavior.",formula,- P * V = n * R * T combines gas laws into single state equation.,FULLY_COVERED,1.0,False,NCERT Textbooks,"NCERT Class 11 Chemistry Part 1, Chapter 5, Section 5.5"
REC-PHY-00256,Physics,Class 12,Ray Optics and Optical Instruments,Lens Maker's Formula,"Lens maker's formula 1/f = (n - 1) * (1/R1 - 1/R2) relates focal length f of a thin lens to refractive index n and radii of curvature R1, R2.",formula,Key Point: Focal length f of a thin lens depends on refractive index and surface curvature. [Summary],PARTIALLY_COVERED,0.5,True,NCERT Textbooks,"NCERT Class 12 Physics Part 2, Chapter 9, Section 9.5"
REC-PHY-00259,Physics,Class 12,Ray Optics and Optical Instruments,Lens Maker's Formula,"Lens maker's formula 1/f = (n - 1) * (1/R1 - 1/R2) relates focal length f of a thin lens to refractive index n and radii of curvature R1, R2.",formula,Note: Lens formula 1/v - 1/u = 1/f relates object and image distances.,PARTIALLY_COVERED,0.5,True,NCERT Textbooks,"NCERT Class 12 Physics Part 2, Chapter 9, Section 9.5"
REC-BIO-00714,Biology,Class 11,Biomolecules,Enzyme Action and Mechanism,Enzymes lower activation energy barrier to accelerate biochemical reactions via active site substrate binding (lock and key / induced fit).,process,"- Enzymes act as biocatalysts by binding substrate at active site to form ES complex, lowering activation energy Ea without changing overall equilibrium.",FULLY_COVERED,1.0,False,NCERT Textbooks,"NCERT Class 11 Biology, Chapter 9, Section 9.8"
REC-CHE-00458,Chemistry,Class 12,Haloalkanes and Haloarenes,SN1 vs SN2 Nucleophilic Substitution Mechanism,"SN1 mechanism involves carbocation intermediate with inversion/racemization, while SN2 involves concerted single-step transition state with complete inversion.",process,- Electrophilic aromatic substitution occurs in benzene rings using Lewis acid catalysts.,MISSING,0.0,True,NCERT Textbooks,"NCERT Class 12 Chemistry Part 2, Chapter 10, Section 10.7"
REC-MAT-00817,Mathematics,Class 12,Matrices and Determinants,Inverse of a Matrix,Inverse of a square matrix A exists if det(A) != 0 (non-singular) and is calculated by A^(-1) = (1 / det(A)) * adj(A).,formula,Inverse A^-1 = adj(A) / |A| exists only if |A| != 0 (non-singular matrix).,FULLY_COVERED,1.0,False,NCERT Textbooks,"NCERT Class 12 Mathematics Part 1, Chapter 4, Section 4.5"
REC-CHE-00502,Chemistry,Class 11,States of Matter,Ideal Gas Equation,"Ideal gas equation P * V = n * R * T combines Boyle's law, Charles's law, and Avogadro's law for ideal gas behavior.",formula,Exam Revision: Boyle's law states P is inversely proportional to V at constant T. (Important for final exam),PARTIALLY_COVERED,0.5,True,NCERT Textbooks,"NCERT Class 11 Chemistry Part 1, Chapter 5, Section 5.5"
REC-CHE-00323,Chemistry,Class 12,Chemical Kinetics,Arrhenius Equation,Arrhenius equation k = A * exp(-Ea / (R * T)) describes temperature dependence of reaction rate constant k.,formula,Note: Catalysts lower activation energy without being consumed.,MISSING,0.0,True,NCERT Textbooks,"NCERT Class 12 Chemistry Part 1, Chapter 4, Section 4.5"
REC-PHY-00261,Physics,Class 12,Ray Optics and Optical Instruments,Lens Maker's Formula,"Lens maker's formula 1/f = (n - 1) * (1/R1 - 1/R2) relates focal length f of a thin lens to refractive index n and radii of curvature R1, R2.",formula,Lens formla 1/v - 1/u = 1/f relates object and image distances. (refer to diagram for full details),PARTIALLY_COVERED,0.5,True,NCERT Textbooks,"NCERT Class 12 Physics Part 2, Chapter 9, Section 9.5"
REC-BIO-00744,Biology,Class 11,Biomolecules,Enzyme Action and Mechanism,Enzymes lower activation energy barrier to accelerate biochemical reactions via active site substrate binding (lock and key / induced fit).,process,Key Point: Active site of enzyme binds specific substrate molecules. [Summary],PARTIALLY_COVERED,0.5,True,NCERT Textbooks,"NCERT Class 11 Biology, Chapter 9, Section 9.8"
REC-CHE-00400,Chemistry,Class 11,Equilibrium,Le Chatelier's Principle,"Le Chatelier's principle states that if a dynamic equilibrium is disturbed by changing concentration, pressure, or temperature, the system shifts to counteract the disturbance.",core_concept,Key Point: Equilibrium constant Kc depends only on temperature. [Summary],PARTIALLY_COVERED,0.5,True,NCERT Textbooks,"NCERT Class 11 Chemistry Part 1, Chapter 7, Section 7.8"
REC-BIO-00672,Biology,Class 12,Principles of Inheritance and Variation,Mendel's Law of Segregation,Mendel's Law of Segregation states that allele pairs separate during gamete formation so each gamete carries only one allele for each gene.,core_concept,"Key Point: Law of segregation: during meiosis gametogenesis, the two alleles of a gene pair segregate cleanly so each haploid gamete receives only one allele. [Summary]",FULLY_COVERED,1.0,False,NCERT Textbooks,"NCERT Class 12 Biology, Chapter 5, Section 5.2.1"
REC-CHE-00398,Chemistry,Class 11,Equilibrium,Le Chatelier's Principle,"Le Chatelier's principle states that if a dynamic equilibrium is disturbed by changing concentration, pressure, or temperature, the system shifts to counteract the disturbance.",core_concept,Exam Revision: Equilibrium constant Kc depends only on temperature. (Important for final exam),PARTIALLY_COVERED,0.5,True,NCERT Textbooks,"NCERT Class 11 Chemistry Part 1, Chapter 7, Section 7.8"
REC-MAT-00954,Mathematics,Class 10,Quadratic Equations,Quadratic Formula and Discriminant,Quadratic formula x = [-b +- sqrt(b^2 - 4ac)] / (2a) solves ax^2 + bx + c = 0 with discriminant D = b^2 - 4ac determining root nature.,formula,- Quadratic formula x = (-b +- sqrt(D)) / (2a) where D = b^2 - 4ac.,FULLY_COVERED,1.0,False,NCERT Textbooks,"NCERT Class 10 Mathematics, Chapter 4, Section 4.4"
REC-PHY-00198,Physics,Class 12,Electromagnetic Induction,Faraday's Law of Induction,Induced electromotive force emf = - d(phi_B) / dt is proportional to negative rate of change of magnetic flux.,formula,Exam Revision: Induced voltage = - dPhi / dt. (Important for final exam),FULLY_COVERED,1.0,False,NCERT Textbooks,"NCERT Class 12 Physics Part 1, Chapter 6, Section 6.3"
REC-BIO-00576,Biology,Class 11,Photosynthesis in Higher Plants,Light Reaction and Photophosphorylation,"Non-cyclic photophosphorylation (Z-scheme) involves Photosystems II and I, water splitting (photolysis), ATP synthesis, and NADPH formation.",process,"Key Point: Light reactions occur in thylakoid membrane. PSII absorbs 680nm light, photolysis of water releases O2, electrons flow through Z-scheme to PSI generating ATP and NADPH. [Summary]",FULLY_COVERED,1.0,False,NCERT Textbooks,"NCERT Class 11 Biology, Chapter 13, Section 13.6"
REC-GEO-01006,Geography,Class 11,Fundamentals of Physical Geography,Theory of Plate Tectonics,"Theory of plate tectonics explains large-scale movement of Earth's lithospheric plates over convective asthenosphere forming divergent, convergent, and transform boundaries.",core_concept,"Exam Revision: Plate tectonics: lithospheric plates float on asthenosphere, interacting along divergent (rift), convergent (trench/mountain), and transform faults. (Important for final exam)",FULLY_COVERED,1.0,False,NCERT Textbooks,"NCERT Class 11 Geography, Chapter 4, Section 4.4"
REC-MAT-00880,Mathematics,Class 11,Limits and Derivatives,First Principles Derivation,Derivative of function f(x) from first principles is f'(x) = lim_{h->0} [f(x+h) - f(x)] / h.,derivation,Key Point: Derivative represents slope of tangent line to curve at point x. [Summary],PARTIALLY_COVERED,0.5,True,NCERT Textbooks,"NCERT Class 11 Mathematics, Chapter 13, Section 13.5"
REC-PHY-00007,Physics,Class 12,Electrostatic Potential and Capacitance,Parallel Plate Capacitor,Capacitance of a parallel plate capacitor in vacuum is C = (epsilon_0 * A) / d where A is plate area and d is separation.,formula,"For two parallel conducting plates of area A separated by d=tance d in vacuum, capacitance = C = e0 * A / d.",FULLY_COVERED,1.0,False,NCERT Textbooks,"NCERT Class 12 Physics Part 1, Chapter 2, Section 2.8"
REC-PHY-00241,Physics,Class 12,Ray Optics and Optical Instruments,Lens Maker's Formula,"Lens maker's formula 1/f = (n - 1) * (1/R1 - 1/R2) relates focal length f of a thin lens to refractive index n and radii of curvature R1, R2.",formula,1/f = (n - 1) (1/R1 - 1/R2) for thin spherical lens in air.,FULLY_COVERED,1.0,False,NCERT Textbooks,"NCERT Class 12 Physics Part 2, Chapter 9, Section 9.5"
REC-PHY-00201,Physics,Class 12,Electromagnetic Induction,Faraday's Law of Induction,Induced electromotive force emf = - d(phi_B) / dt is proportional to negative rate of change of magnetic flux.,formula,Changing magnetic field produces induced electric current in closed loop.,PARTIALLY_COVERED,0.5,True,NCERT Textbooks,"NCERT Class 12 Physics Part 1, Chapter 6, Section 6.3"
REC-BIO-00663,Biology,Class 12,Molecular Basis of Inheritance,DNA Double Helix Structure,"Watson and Crick DNA double helix model features antiparallel polynucleotide chains with complementary base pairing (A=T with 2 H-bonds, G=C with 3 H-bonds).",definition,Protein synthes= occurs at ribosomes via mRNA translation.,MISSING,0.0,False,NCERT Textbooks,"NCERT Class 12 Biology, Chapter 6, Section 6.1"
REC-CHE-00315,Chemistry,Class 12,Chemical Kinetics,Arrhenius Equation,Arrhenius equation k = A * exp(-Ea / (R * T)) describes temperature dependence of reaction rate constant k.,formula,"Note: Order of a reaction can be zero, fractional, or integer determined experimentally.",MISSING,0.0,True,NCERT Textbooks,"NCERT Class 12 Chemistry Part 1, Chapter 4, Section 4.5"
REC-CHE-00411,Chemistry,Class 11,Equilibrium,Le Chatelier's Principle,"Le Chatelier's principle states that if a dynamic equilibrium is disturbed by changing concentration, pressure, or temperature, the system shifts to counteract the disturbance.",core_concept,Note: Catalysts increase both forward and reverse reaction rates equally without changing Kc.,MISSING,0.0,True,NCERT Textbooks,"NCERT Class 11 Chemistry Part 1, Chapter 7, Section 7.8"
REC-CHE-00453,Chemistry,Class 12,Haloalkanes and Haloarenes,SN1 vs SN2 Nucleophilic Substitution Mechanism,"SN1 mechanism involves carbocation intermediate with inversion/racemization, while SN2 involves concerted single-step transition state with complete inversion.",process,Tertiary alkyl halides prefer SN1 due to carbocation stability. (refer to diagram for full details),PARTIALLY_COVERED,0.5,True,NCERT Textbooks,"NCERT Class 12 Chemistry Part 2, Chapter 10, Section 10.7"
REC-CHE-00291,Chemistry,Class 12,Chemical Kinetics,Arrhenius Equation,Arrhenius equation k = A * exp(-Ea / (R * T)) describes temperature dependence of reaction rate constant k.,formula,Note: ln(k2/k1) = (Ea/R) * (1/T1 - 1/T2) derived from Arrhenius equation. [Ref: NCERT Chapter notes],FULLY_COVERED,1.0,False,NCERT Textbooks,"NCERT Class 12 Chemistry Part 1, Chapter 4, Section 4.5"
REC-BIO-00617,Biology,Class 12,Molecular Basis of Inheritance,DNA Double Helix Structure,"Watson and Crick DNA double helix model features antiparallel polynucleotide chains with complementary base pairing (A=T with 2 H-bonds, G=C with 3 H-bonds).",definition,"DNA double helix consists of two antiparallel sugar-phosphate backbones. Adenine pairs with Thymine via 2 hydrogen bonds, Guanine pairs with Cytosine via 3 hydrogen bonds.",FULLY_COVERED,1.0,False,NCERT Textbooks,"NCERT Class 12 Biology, Chapter 6, Section 6.1"
REC-MAT-00825,Mathematics,Class 12,Matrices and Determinants,Inverse of a Matrix,Inverse of a square matrix A exists if det(A) != 0 (non-singular) and is calculated by A^(-1) = (1 / det(A)) * adj(A).,formula,Inverse matrix satisfies property A * A^-1 = A^-1 * A = I.,PARTIALLY_COVERED,0.5,True,NCERT Textbooks,"NCERT Class 12 Mathematics Part 1, Chapter 4, Section 4.5"
REC-MAT-00950,Mathematics,Class 10,Quadratic Equations,Quadratic Formula and Discriminant,Quadratic formula x = [-b +- sqrt(b^2 - 4ac)] / (2a) solves ax^2 + bx + c = 0 with discriminant D = b^2 - 4ac determining root nature.,formula,"Exam Revision: Roots of ax^2 + bx + c = 0 given by x = (-b +- sqrt(b^2 - 4ac)) / (2a). Discriminant D = b^2 - 4ac: D>0 real distinct, D=0 real equal, D<0 complex. (Important for final exam)",FULLY_COVERED,1.0,False,NCERT Textbooks,"NCERT Class 10 Mathematics, Chapter 4, Section 4.4"
REC-PHY-00160,Physics,Class 12,Electric Charges and Fields,Field Inside a Thin Spherical Shell,Electric field inside a uniformly charged thin spherical shell (r < R) is strictly zero (E = 0) because enclosed charge is zero.,core_concept,Key Point: A thin spherical shell carries total charge Q distributed on surface. [Summary],PARTIALLY_COVERED,0.5,True,NCERT Textbooks,"NCERT Class 12 Physics Part 1, Chapter 1, Section 1.15.3"
REC-PHY-00185,Physics,Class 12,Electromagnetic Induction,Faraday's Law of Induction,Induced electromotive force emf = - d(phi_B) / dt is proportional to negative rate of change of magnetic flux.,formula,Faraday law states induced EMF is epsilon = - d(phi_B)/dt where negative sign represents Lenz's law direction.,FULLY_COVERED,1.0,False,NCERT Textbooks,"NCERT Class 12 Physics Part 1, Chapter 6, Section 6.3"
REC-PHY-00111,Physics,Class 12,Electric Charges and Fields,Field Due to Infinitely Long Straight Wire,Derivation of electric field due to infinitely long wire using Gauss's Law yielding E = lambda / (2 * pi * epsilon_0 * r).,derivation,Electric field of long line charge = E = lambda / (2 * pi * e0 * r).,PARTIALLY_COVERED,0.5,True,NCERT Textbooks,"NCERT Class 12 Physics Part 1, Chapter 1, Section 1.15"
REC-GEO-01025,Geography,Class 11,Fundamentals of Physical Geography,Theory of Plate Tectonics,"Theory of plate tectonics explains large-scale movement of Earth's lithospheric plates over convective asthenosphere forming divergent, convergent, and transform boundaries.",core_concept,Plate tectonics was proposed by Alfred Wegener in 1912.,MISSING,0.0,True,NCERT Textbooks,"NCERT Class 11 Geography, Chapter 4, Section 4.4"
REC-GEO-01202,Geography,Class 11,Atmosphere and Climate,Atmospheric Pressure Belts and Planetary Winds,"Global atmospheric circulation features Equatorial Low (Doldrums), Subtropical Highs (Horse Latitudes), Subpolar Lows, and Polar Highs driving Trade Winds, Westerlies, and Easterlies.",core_concept,- Pressure belts shift north and south with apparent movement of the sun.,PARTIALLY_COVERED,0.5,True,NCERT Textbooks,"NCERT Class 11 Geography, Chapter 10, Section 10.4"
REC-PHY-00021,Physics,Class 12,Electrostatic Potential and Capacitance,Parallel Plate Capacitor,Capacitance of a parallel plate capacitor in vacuum is C = (epsilon_0 * A) / d where A is plate area and d is separation.,formula,Capacitance depends on area A and plate distance d. (refer to diagram for full details),PARTIALLY_COVERED,0.5,True,NCERT Textbooks,"NCERT Class 12 Physics Part 1, Chapter 2, Section 2.8"
REC-MAT-00802,Mathematics,Class 12,Integrals,Integration by Parts,Integration by parts formula is int(u * dv) = u * v - int(v * du) with ILATE rule for selecting first function u.,formula,- Derivative of sin(x) is cos(x) and integral of cos(x) is sin(x) + C.,MISSING,0.0,False,NCERT Textbooks,"NCERT Class 12 Mathematics Part 2, Chapter 7, Section 7.5"
REC-PHY-00243,Physics,Class 12,Ray Optics and Optical Instruments,Lens Maker's Formula,"Lens maker's formula 1/f = (n - 1) * (1/R1 - 1/R2) relates focal length f of a thin lens to refractive index n and radii of curvature R1, R2.",formula,Note: 1/f = (n - 1) (1/R1 - 1/R2) for thin spherical lens in air. [Ref: NCERT Chapter notes],FULLY_COVERED,1.0,False,NCERT Textbooks,"NCERT Class 12 Physics Part 2, Chapter 9, Section 9.5"
REC-CHE-00362,Chemistry,Class 12,Electrochemistry,Nernst Equation,Nernst equation for electrode potential E = E_0 - (RT / nF) * ln(Q) where Q is reaction quotient.,formula,- Faraday's first law of electrolysis states mass deposited is m = Z * Q.,MISSING,0.0,True,NCERT Textbooks,"NCERT Class 12 Chemistry Part 1, Chapter 3, Section 3.3"
REC-PHY-00240,Physics,Class 12,Ray Optics and Optical Instruments,Lens Maker's Formula,"Lens maker's formula 1/f = (n - 1) * (1/R1 - 1/R2) relates focal length f of a thin lens to refractive index n and radii of curvature R1, R2.",formula,Key Point: Lens maker formula: 1/f = (mu - 1) * (1/R1 - 1/R2) where R1 and R2 are radii of curvature of two lens surfaces. [Summary],FULLY_COVERED,1.0,False,NCERT Textbooks,"NCERT Class 12 Physics Part 2, Chapter 9, Section 9.5"
REC-GEO-01104,Geography,Class 11,Landforms and their Evolution,Agents of Gradation and River Landforms,"Running water as a geomorphic agent creates erosional landforms (V-shaped valleys, waterfalls, gorges) in youthful stage and depositional landforms (deltas, alluvial fans, levees) in old stage.",process,Key Point: Fluvial landforms: upper course erosion creates gorges/waterfalls; lower course deposition creates oxbow lakes and deltas. [Summary],FULLY_COVERED,1.0,False,NCERT Textbooks,"NCERT Class 11 Geography, Chapter 7, Section 7.2"
REC-CHE-00515,Chemistry,Class 11,States of Matter,Ideal Gas Equation,"Ideal gas equation P * V = n * R * T combines Boyle's law, Charles's law, and Avogadro's law for ideal gas behavior.",formula,Note: Dalton's law of partial pressures P_total = P1 + P2 + P3.,MISSING,0.0,False,NCERT Textbooks,"NCERT Class 11 Chemistry Part 1, Chapter 5, Section 5.5"
REC-BIO-00650,Biology,Class 12,Molecular Basis of Inheritance,DNA Double Helix Structure,"Watson and Crick DNA double helix model features antiparallel polynucleotide chains with complementary base pairing (A=T with 2 H-bonds, G=C with 3 H-bonds).",definition,- RNA contains ribose sugar and uracil base instead of thymine.,MISSING,0.0,True,NCERT Textbooks,"NCERT Class 12 Biology, Chapter 6, Section 6.1"
REC-MAT-00886,Mathematics,Class 11,Limits and Derivatives,First Principles Derivation,Derivative of function f(x) from first principles is f'(x) = lim_{h->0} [f(x+h) - f(x)] / h.,derivation,Exam Revision: Product rule for derivatives: (u v)' = u' v + u v'. (Important for final exam),MISSING,0.0,True,NCERT Textbooks,"NCERT Class 11 Mathematics, Chapter 13, Section 13.5"
REC-PHY-00054,Physics,Class 12,Electrostatic Potential and Capacitance,Energy Stored in a Capacitor,Electrostatic potential energy stored in a charged capacitor is U = (1/2) * C * V^2 = Q^2 / (2C).,formula,Exam Revision: The energy stored in a charged capacitor is U = 1/2 C V^2 or Q^2 / 2C. (Important for final exam),FULLY_COVERED,1.0,False,NCERT Textbooks,"NCERT Class 12 Physics Part 1, Chapter 2, Section 2.10"
REC-GEO-01018,Geography,Class 11,Fundamentals of Physical Geography,Theory of Plate Tectonics,"Theory of plate tectonics explains large-scale movement of Earth's lithospheric plates over convective asthenosphere forming divergent, convergent, and transform boundaries.",core_concept,- Earth's crust is divided into tectonic plates.,PARTIALLY_COVERED,0.5,True,NCERT Textbooks,"NCERT Class 11 Geography, Chapter 4, Section 4.4"
REC-MAT-00953,Mathematics,Class 10,Quadratic Equations,Quadratic Formula and Discriminant,Quadratic formula x = [-b +- sqrt(b^2 - 4ac)] / (2a) solves ax^2 + bx + c = 0 with discriminant D = b^2 - 4ac determining root nature.,formula,Quadratic formula x = (-b +- sqrt(D)) / (2a) where D = b^2 - 4ac.,FULLY_COVERED,1.0,False,NCERT Textbooks,"NCERT Class 10 Mathematics, Chapter 4, Section 4.4"
REC-PHY-00186,Physics,Class 12,Electromagnetic Induction,Faraday's Law of Induction,Induced electromotive force emf = - d(phi_B) / dt is proportional to negative rate of change of magnetic flux.,formula,- Faraday law states induced EMF is epsilon = - d(phi_B)/dt where negative sign represents Lenz's law direction.,FULLY_COVERED,1.0,False,NCERT Textbooks,"NCERT Class 12 Physics Part 1, Chapter 6, Section 6.3"
REC-CHE-00432,Chemistry,Class 12,Haloalkanes and Haloarenes,SN1 vs SN2 Nucleophilic Substitution Mechanism,"SN1 mechanism involves carbocation intermediate with inversion/racemization, while SN2 involves concerted single-step transition state with complete inversion.",process,Key Point: SN1 proceeds via 2 steps with carbocation intermediate giving racemization. SN2 is 1 step concerted backside attack giving stereochemical inversion of configuration. [Summary],FULLY_COVERED,1.0,False,NCERT Textbooks,"NCERT Class 12 Chemistry Part 2, Chapter 10, Section 10.7"
REC-CHE-00454,Chemistry,Class 12,Haloalkanes and Haloarenes,SN1 vs SN2 Nucleophilic Substitution Mechanism,"SN1 mechanism involves carbocation intermediate with inversion/racemization, while SN2 involves concerted single-step transition state with complete inversion.",process,Exam Revision: Tertiary alkyl halides prefer SN1 due to carbocation stability. (Important for final exam),PARTIALLY_COVERED,0.5,True,NCERT Textbooks,"NCERT Class 12 Chemistry Part 2, Chapter 10, Section 10.7"
REC-PHY-00050,Physics,Class 12,Electrostatic Potential and Capacitance,Energy Stored in a Capacitor,Electrostatic potential energy stored in a charged capacitor is U = (1/2) * C * V^2 = Q^2 / (2C).,formula,- The energy stored in a charged capacitor is U = 1/2 C V^2 or Q^2 / 2C.,FULLY_COVERED,1.0,False,NCERT Textbooks,"NCERT Class 12 Physics Part 1, Chapter 2, Section 2.10"
REC-MAT-00901,Mathematics,Class 12,Probability,Bayes' Theorem,Bayes' theorem calculates conditional probability P(Ai|B) = [P(Ai) * P(B|Ai)] / sum[P(Ak) * P(B|Ak)] for partition events Ai.,formula,Bayes theorem formla: P(E_i|A) = [P(E_i)*P(A|E_i)] / sum_{j=1}^n [P(E_j)*P(A|E_j)] for pairwise disjoint events E_i.,FULLY_COVERED,1.0,False,NCERT Textbooks,"NCERT Class 12 Mathematics Part 2, Chapter 13, Section 13.3"
REC-PHY-00187,Physics,Class 12,Electromagnetic Induction,Faraday's Law of Induction,Induced electromotive force emf = - d(phi_B) / dt is proportional to negative rate of change of magnetic flux.,formula,Note: Faraday law states induced EMF is epsilon = - d(phi_B)/dt where negative sign represents Lenz's law direction. [Ref: NCERT Chapter notes],FULLY_COVERED,1.0,False,NCERT Textbooks,"NCERT Class 12 Physics Part 1, Chapter 6, Section 6.3"
REC-MAT-00826,Mathematics,Class 12,Matrices and Determinants,Inverse of a Matrix,Inverse of a square matrix A exists if det(A) != 0 (non-singular) and is calculated by A^(-1) = (1 / det(A)) * adj(A).,formula,- Inverse matrix satisfies property A * A^-1 = A^-1 * A = I.,PARTIALLY_COVERED,0.5,True,NCERT Textbooks,"NCERT Class 12 Mathematics Part 1, Chapter 4, Section 4.5"
REC-MAT-00872,Mathematics,Class 11,Limits and Derivatives,First Principles Derivation,Derivative of function f(x) from first principles is f'(x) = lim_{h->0} [f(x+h) - f(x)] / h.,derivation,Key Point: Definition of derivative: dy/dx = lim_{h->0} [f(x+h) - f(x)] / h. [Summary],FULLY_COVERED,1.0,False,NCERT Textbooks,"NCERT Class 11 Mathematics, Chapter 13, Section 13.5"
REC-CHE-00503,Chemistry,Class 11,States of Matter,Ideal Gas Equation,"Ideal gas equation P * V = n * R * T combines Boyle's law, Charles's law, and Avogadro's law for ideal gas behavior.",formula,Boyle's law states P = inversely proportional to V at constant T.,PARTIALLY_COVERED,0.5,True,NCERT Textbooks,"NCERT Class 11 Chemistry Part 1, Chapter 5, Section 5.5"
REC-BIO-00674,Biology,Class 12,Principles of Inheritance and Variation,Mendel's Law of Segregation,Mendel's Law of Segregation states that allele pairs separate during gamete formation so each gamete carries only one allele for each gene.,core_concept,- Alleles segregate during gamete formation with 1:2:1 monohybrid genotypic ratio.,FULLY_COVERED,1.0,False,NCERT Textbooks,"NCERT Class 12 Biology, Chapter 5, Section 5.2.1"
REC-PHY-00169,Physics,Class 12,Electric Charges and Fields,Field Inside a Thin Spherical Shell,Electric field inside a uniformly charged thin spherical shell (r < R) is strictly zero (E = 0) because enclosed charge is zero.,core_concept,"Outside a spherical shell, electric field behaves as if all charge were at center E = kQ/r^2.",MISSING,0.0,True,NCERT Textbooks,"NCERT Class 12 Physics Part 1, Chapter 1, Section 1.15.3"
REC-PHY-00177,Physics,Class 12,Electric Charges and Fields,Field Inside a Thin Spherical Shell,Electric field inside a uniformly charged thin spherical shell (r < R) is strictly zero (E = 0) because enclosed charge is zero.,core_concept,Gravitational potential at Earth center is negative.,MISSING,0.0,False,NCERT Textbooks,"NCERT Class 12 Physics Part 1, Chapter 1, Section 1.15.3"
REC-MAT-00912,Mathematics,Class 12,Probability,Bayes' Theorem,Bayes' theorem calculates conditional probability P(Ai|B) = [P(Ai) * P(B|Ai)] / sum[P(Ak) * P(B|Ak)] for partition events Ai.,formula,Key Point: Bayes theorem: posterior probability P(A|B) = P(B|A)*P(A) / P(B). [Summary],FULLY_COVERED,1.0,False,NCERT Textbooks,"NCERT Class 12 Mathematics Part 2, Chapter 13, Section 13.3"
REC-CHE-00419,Chemistry,Class 11,Equilibrium,Le Chatelier's Principle,"Le Chatelier's principle states that if a dynamic equilibrium is disturbed by changing concentration, pressure, or temperature, the system shifts to counteract the disturbance.",core_concept,Note: Buffer solutions maintain constant pH upon addition of small amounts of acid or base.,MISSING,0.0,False,NCERT Textbooks,"NCERT Class 11 Chemistry Part 1, Chapter 7, Section 7.8"
REC-BIO-00582,Biology,Class 11,Photosynthesis in Higher Plants,Light Reaction and Photophosphorylation,"Non-cyclic photophosphorylation (Z-scheme) involves Photosystems II and I, water splitting (photolysis), ATP synthesis, and NADPH formation.",process,"Exam Revision: Z-scheme light reaction splits water into 2H+, 2e-, and O2, producing ATP & NADPH. (Important for final exam)",FULLY_COVERED,1.0,False,NCERT Textbooks,"NCERT Class 11 Biology, Chapter 13, Section 13.6"
REC-GEO-01222,Geography,Class 11,Atmosphere and Climate,Atmospheric Pressure Belts and Planetary Winds,"Global atmospheric circulation features Equatorial Low (Doldrums), Subtropical Highs (Horse Latitudes), Subpolar Lows, and Polar Highs driving Trade Winds, Westerlies, and Easterlies.",core_concept,Exam Revision: Monsoon winds are seasonal land and sea breeze systems over South Asia. (Important for final exam),MISSING,0.0,True,NCERT Textbooks,"NCERT Class 11 Geography, Chapter 10, Section 10.4"
REC-BIO-00657,Biology,Class 12,Molecular Basis of Inheritance,DNA Double Helix Structure,"Watson and Crick DNA double helix model features antiparallel polynucleotide chains with complementary base pairing (A=T with 2 H-bonds, G=C with 3 H-bonds).",definition,Protein synthesis occurs at ribosomes via mRNA translation.,MISSING,0.0,False,NCERT Textbooks,"NCERT Class 12 Biology, Chapter 6, Section 6.1"
REC-GEO-01216,Geography,Class 11,Atmosphere and Climate,Atmospheric Pressure Belts and Planetary Winds,"Global atmospheric circulation features Equatorial Low (Doldrums), Subtropical Highs (Horse Latitudes), Subpolar Lows, and Polar Highs driving Trade Winds, Westerlies, and Easterlies.",core_concept,Key Point: Coriolis force deflects winds to right in northern hemisphere and left in southern hemisphere. [Summary],PARTIALLY_COVERED,0.5,True,NCERT Textbooks,"NCERT Class 11 Geography, Chapter 10, Section 10.4"
REC-GEO-01059,Geography,Class 11,Fundamentals of Physical Geography,Locating Tectonic Plates on World Map,"Locating and mapping major tectonic plates (Pacific, Eurasian, African, Indo-Australian, North American, South American, Antarctic) on a world map.",process,Note: Major tectonic plates are located across ocean basins and continents.,PARTIALLY_COVERED,0.5,True,NCERT Textbooks,"NCERT Class 11 Geography, Chapter 4, Section 4.4.1"
REC-PHY-00218,Physics,Class 12,Electromagnetic Induction,Faraday's Law of Induction,Induced electromotive force emf = - d(phi_B) / dt is proportional to negative rate of change of magnetic flux.,formula,- Self inductance of solenoid is L = mu_0 * N^2 * A / l.,MISSING,0.0,True,NCERT Textbooks,"NCERT Class 12 Physics Part 1, Chapter 6, Section 6.3"
REC-MAT-00917,Mathematics,Class 12,Probability,Bayes' Theorem,Bayes' theorem calculates conditional probability P(Ai|B) = [P(Ai) * P(B|Ai)] / sum[P(Ak) * P(B|Ak)] for partition events Ai.,formula,Bayes theorem calculates reverse conditional probability given prior probabilities. (refer to diagram for full details),PARTIALLY_COVERED,0.5,True,NCERT Textbooks,"NCERT Class 12 Mathematics Part 2, Chapter 13, Section 13.3"
REC-BIO-00656,Biology,Class 12,Molecular Basis of Inheritance,DNA Double Helix Structure,"Watson and Crick DNA double helix model features antiparallel polynucleotide chains with complementary base pairing (A=T with 2 H-bonds, G=C with 3 H-bonds).",definition,Key Point: RNA contains ribose sugar and uracil base instead of thymine. [Summary],MISSING,0.0,True,NCERT Textbooks,"NCERT Class 12 Biology, Chapter 6, Section 6.1"
REC-PHY-00090,Physics,Class 12,Electrostatic Potential and Capacitance,Energy Stored in a Capacitor,Electrostatic potential energy stored in a charged capacitor is U = (1/2) * C * V^2 = Q^2 / (2C).,formula,- Resistance dissipates energy as heat according to Joule's law H = I^2 R t.,MISSING,0.0,False,NCERT Textbooks,"NCERT Class 12 Physics Part 1, Chapter 2, Section 2.10"
REC-CHE-00417,Chemistry,Class 11,Equilibrium,Le Chatelier's Principle,"Le Chatelier's principle states that if a dynamic equilibrium is disturbed by changing concentration, pressure, or temperature, the system shifts to counteract the disturbance.",core_concept,Buffer solutions maintain constant pH upon addition of small amounts of acid or base.,MISSING,0.0,False,NCERT Textbooks,"NCERT Class 11 Chemistry Part 1, Chapter 7, Section 7.8"
REC-MAT-00800,Mathematics,Class 12,Integrals,Integration by Parts,Integration by parts formula is int(u * dv) = u * v - int(v * du) with ILATE rule for selecting first function u.,formula,Key Point: Definite integral int_a^b f(x)dx represents net area under curve f(x) between x=a and x=b. [Summary],MISSING,0.0,True,NCERT Textbooks,"NCERT Class 12 Mathematics Part 2, Chapter 7, Section 7.5"
REC-BIO-00585,Biology,Class 11,Photosynthesis in Higher Plants,Light Reaction and Photophosphorylation,"Non-cyclic photophosphorylation (Z-scheme) involves Photosystems II and I, water splitting (photolysis), ATP synthesis, and NADPH formation.",process,Light reaction converts solar energy into chemical energy ATP.,PARTIALLY_COVERED,0.5,True,NCERT Textbooks,"NCERT Class 11 Biology, Chapter 13, Section 13.6"
REC-GEO-01211,Geography,Class 11,Atmosphere and Climate,Atmospheric Pressure Belts and Planetary Winds,"Global atmospheric circulation features Equatorial Low (Doldrums), Subtropical Highs (Horse Latitudes), Subpolar Lows, and Polar Highs driving Trade Winds, Westerlies, and Easterlies.",core_concept,Note: Coriolis force deflects winds to right in northern hemisphere and left in southern hemisphere.,PARTIALLY_COVERED,0.5,True,NCERT Textbooks,"NCERT Class 11 Geography, Chapter 10, Section 10.4"
REC-GEO-01227,Geography,Class 11,Atmosphere and Climate,Atmospheric Pressure Belts and Planetary Winds,"Global atmospheric circulation features Equatorial Low (Doldrums), Subtropical Highs (Horse Latitudes), Subpolar Lows, and Polar Highs driving Trade Winds, Westerlies, and Easterlies.",core_concept,Note: Ocean currents are continuous directional movements of seawater driven by wind and density.,MISSING,0.0,False,NCERT Textbooks,"NCERT Class 11 Geography, Chapter 10, Section 10.4"
REC-CHE-00326,Chemistry,Class 12,Chemical Kinetics,Arrhenius Equation,Arrhenius equation k = A * exp(-Ea / (R * T)) describes temperature dependence of reaction rate constant k.,formula,Exam Revision: Catalysts lower activation energy without being consumed. (Important for final exam),MISSING,0.0,True,NCERT Textbooks,"NCERT Class 12 Chemistry Part 1, Chapter 4, Section 4.5"
REC-CHE-00367,Chemistry,Class 12,Electrochemistry,Nernst Equation,Nernst equation for electrode potential E = E_0 - (RT / nF) * ln(Q) where Q is reaction quotient.,formula,Faraday's first law of electrolys= states mass deposited = m = Z * Q.,MISSING,0.0,True,NCERT Textbooks,"NCERT Class 12 Chemistry Part 1, Chapter 3, Section 3.3"
REC-BIO-00600,Biology,Class 11,Photosynthesis in Higher Plants,Light Reaction and Photophosphorylation,"Non-cyclic photophosphorylation (Z-scheme) involves Photosystems II and I, water splitting (photolysis), ATP synthesis, and NADPH formation.",process,Key Point: Photosynthesis occurs in chloroplast stroma and thylakoid membranes. [Summary],PARTIALLY_COVERED,0.5,True,NCERT Textbooks,"NCERT Class 11 Biology, Chapter 13, Section 13.6"
REC-GEO-01022,Geography,Class 11,Fundamentals of Physical Geography,Theory of Plate Tectonics,"Theory of plate tectonics explains large-scale movement of Earth's lithospheric plates over convective asthenosphere forming divergent, convergent, and transform boundaries.",core_concept,Exam Revision: Earth's crust is divided into tectonic plates. (Important for final exam),PARTIALLY_COVERED,0.5,True,NCERT Textbooks,"NCERT Class 11 Geography, Chapter 4, Section 4.4"
REC-GEO-01058,Geography,Class 11,Fundamentals of Physical Geography,Locating Tectonic Plates on World Map,"Locating and mapping major tectonic plates (Pacific, Eurasian, African, Indo-Australian, North American, South American, Antarctic) on a world map.",process,- Major tectonic plates are located across ocean basins and continents.,PARTIALLY_COVERED,0.5,True,NCERT Textbooks,"NCERT Class 11 Geography, Chapter 4, Section 4.4.1"
REC-PHY-00072,Physics,Class 12,Electrostatic Potential and Capacitance,Energy Stored in a Capacitor,Electrostatic potential energy stored in a charged capacitor is U = (1/2) * C * V^2 = Q^2 / (2C).,formula,Key Point: A charged capacitor stores electrostatic potential energy in its electric field. [Summary],PARTIALLY_COVERED,0.5,True,NCERT Textbooks,"NCERT Class 12 Physics Part 1, Chapter 2, Section 2.10"
REC-MAT-00808,Mathematics,Class 12,Integrals,Integration by Parts,Integration by parts formula is int(u * dv) = u * v - int(v * du) with ILATE rule for selecting first function u.,formula,Key Point: Derivative of sin(x) is cos(x) and integral of cos(x) is sin(x) + C. [Summary],MISSING,0.0,False,NCERT Textbooks,"NCERT Class 12 Mathematics Part 2, Chapter 7, Section 7.5"
REC-CHE-00426,Chemistry,Class 12,Haloalkanes and Haloarenes,SN1 vs SN2 Nucleophilic Substitution Mechanism,"SN1 mechanism involves carbocation intermediate with inversion/racemization, while SN2 involves concerted single-step transition state with complete inversion.",process,- SN1 proceeds via 2 steps with carbocation intermediate giving racemization. SN2 is 1 step concerted backside attack giving stereochemical inversion of configuration.,FULLY_COVERED,1.0,False,NCERT Textbooks,"NCERT Class 12 Chemistry Part 2, Chapter 10, Section 10.7"
REC-PHY-00166,Physics,Class 12,Electric Charges and Fields,Field Inside a Thin Spherical Shell,Electric field inside a uniformly charged thin spherical shell (r < R) is strictly zero (E = 0) because enclosed charge is zero.,core_concept,Exam Revision: Spherical shell has surface charge density sigma. (Important for final exam),PARTIALLY_COVERED,0.5,True,NCERT Textbooks,"NCERT Class 12 Physics Part 1, Chapter 1, Section 1.15.3"
REC-BIO-00670,Biology,Class 12,Principles of Inheritance and Variation,Mendel's Law of Segregation,Mendel's Law of Segregation states that allele pairs separate during gamete formation so each gamete carries only one allele for each gene.,core_concept,"Exam Revision: Law of segregation: during meiosis gametogenesis, the two alleles of a gene pair segregate cleanly so each haploid gamete receives only one allele. (Important for final exam)",FULLY_COVERED,1.0,False,NCERT Textbooks,"NCERT Class 12 Biology, Chapter 5, Section 5.2.1"
REC-GEO-01051,Geography,Class 11,Fundamentals of Physical Geography,Locating Tectonic Plates on World Map,"Locating and mapping major tectonic plates (Pacific, Eurasian, African, Indo-Australian, North American, South American, Antarctic) on a world map.",process,"Note: World map plate locations: Pacific, Eurasian, African, Indo-Australian, North/South American, Antarctic plates. [Ref: NCERT Chapter notes]",FULLY_COVERED,1.0,False,NCERT Textbooks,"NCERT Class 11 Geography, Chapter 4, Section 4.4.1"
REC-MAT-00843,Mathematics,Class 12,Matrices and Determinants,Inverse of a Matrix,Inverse of a square matrix A exists if det(A) != 0 (non-singular) and is calculated by A^(-1) = (1 / det(A)) * adj(A).,formula,"Note: Determinant of 2x2 matrix [[a,b],[c,d]] is ad - bc.",MISSING,0.0,True,NCERT Textbooks,"NCERT Class 12 Mathematics Part 1, Chapter 4, Section 4.5"
REC-MAT-00864,Mathematics,Class 11,Limits and Derivatives,First Principles Derivation,Derivative of function f(x) from first principles is f'(x) = lim_{h->0} [f(x+h) - f(x)] / h.,derivation,Key Point: First principle of derivative: f'(x) = lim(h->0) [f(x+h) - f(x)] / h. Derives rate of change from secant slope limit. [Summary],FULLY_COVERED,1.0,False,NCERT Textbooks,"NCERT Class 11 Mathematics, Chapter 13, Section 13.5"
REC-CHE-00406,Chemistry,Class 11,Equilibrium,Le Chatelier's Principle,"Le Chatelier's principle states that if a dynamic equilibrium is disturbed by changing concentration, pressure, or temperature, the system shifts to counteract the disturbance.",core_concept,Exam Revision: Exothermic reactions shift left when temperature is increased. (Important for final exam),PARTIALLY_COVERED,0.5,True,NCERT Textbooks,"NCERT Class 11 Chemistry Part 1, Chapter 7, Section 7.8"
REC-CHE-00290,Chemistry,Class 12,Chemical Kinetics,Arrhenius Equation,Arrhenius equation k = A * exp(-Ea / (R * T)) describes temperature dependence of reaction rate constant k.,formula,- ln(k2/k1) = (Ea/R) * (1/T1 - 1/T2) derived from Arrhenius equation.,FULLY_COVERED,1.0,False,NCERT Textbooks,"NCERT Class 12 Chemistry Part 1, Chapter 4, Section 4.5"
REC-GEO-01126,Geography,Class 11,Landforms and their Evolution,Agents of Gradation and River Landforms,"Running water as a geomorphic agent creates erosional landforms (V-shaped valleys, waterfalls, gorges) in youthful stage and depositional landforms (deltas, alluvial fans, levees) in old stage.",process,"Exam Revision: Glaciers form U-shaped glacial troughs, cirques, and moraines. (Important for final exam)",MISSING,0.0,True,NCERT Textbooks,"NCERT Class 11 Geography, Chapter 7, Section 7.2"
REC-PHY-00048,Physics,Class 12,Electrostatic Potential and Capacitance,Parallel Plate Capacitor,Capacitance of a parallel plate capacitor in vacuum is C = (epsilon_0 * A) / d where A is plate area and d is separation.,formula,Key Point: Current in a conductor is proportional to applied potential difference. [Summary],MISSING,0.0,False,NCERT Textbooks,"NCERT Class 12 Physics Part 1, Chapter 2, Section 2.8"
REC-MAT-00883,Mathematics,Class 11,Limits and Derivatives,First Principles Derivation,Derivative of function f(x) from first principles is f'(x) = lim_{h->0} [f(x+h) - f(x)] / h.,derivation,Note: Product rule for derivatives: (u v)' = u' v + u v'.,MISSING,0.0,True,NCERT Textbooks,"NCERT Class 11 Mathematics, Chapter 13, Section 13.5"
REC-PHY-00168,Physics,Class 12,Electric Charges and Fields,Field Inside a Thin Spherical Shell,Electric field inside a uniformly charged thin spherical shell (r < R) is strictly zero (E = 0) because enclosed charge is zero.,core_concept,Key Point: Spherical shell has surface charge density sigma. [Summary],PARTIALLY_COVERED,0.5,True,NCERT Textbooks,"NCERT Class 12 Physics Part 1, Chapter 1, Section 1.15.3"
REC-PHY-00029,Physics,Class 12,Electrostatic Potential and Capacitance,Parallel Plate Capacitor,Capacitance of a parallel plate capacitor in vacuum is C = (epsilon_0 * A) / d where A is plate area and d is separation.,formula,Capacitance is the ratio of charge Q to potential difference V. (refer to diagram for full details),PARTIALLY_COVERED,0.5,True,NCERT Textbooks,"NCERT Class 12 Physics Part 1, Chapter 2, Section 2.8"
REC-BIO-00561,Biology,Class 11,Cell: The Unit of Life,Fluid Mosaic Model of Cell Membrane,"Fluid mosaic model describes cell membrane as a phospholipid bilayer with polar hydrophilic heads outside and nonpolar hydrophobic tails inside, with embedded proteins.",definition,Mitochondria are double membrane bound organelles responsible for ATP synthesis.,MISSING,0.0,False,NCERT Textbooks,"NCERT Class 11 Biology, Chapter 8, Section 8.5.1"
REC-BIO-00637,Biology,Class 12,Molecular Basis of Inheritance,DNA Double Helix Structure,"Watson and Crick DNA double helix model features antiparallel polynucleotide chains with complementary base pairing (A=T with 2 H-bonds, G=C with 3 H-bonds).",definition,"DNA consists of nitrogenous bases adenine, guanine, cytosine, and thymine. (refer to diagram for full details)",PARTIALLY_COVERED,0.5,True,NCERT Textbooks,"NCERT Class 12 Biology, Chapter 6, Section 6.1"
REC-PHY-00136,Physics,Class 12,Electric Charges and Fields,Field Due to Infinitely Long Straight Wire,Derivation of electric field due to infinitely long wire using Gauss's Law yielding E = lambda / (2 * pi * epsilon_0 * r).,derivation,Key Point: Biot Savart law calculates magnetic field B = mu_0 I / (2 pi r) near a current carrying wire. [Summary],MISSING,0.0,False,NCERT Textbooks,"NCERT Class 12 Physics Part 1, Chapter 1, Section 1.15"
REC-PHY-00155,Physics,Class 12,Electric Charges and Fields,Field Inside a Thin Spherical Shell,Electric field inside a uniformly charged thin spherical shell (r < R) is strictly zero (E = 0) because enclosed charge is zero.,core_concept,Note: A thin spherical shell carries total charge Q distributed on surface.,PARTIALLY_COVERED,0.5,True,NCERT Textbooks,"NCERT Class 12 Physics Part 1, Chapter 1, Section 1.15.3"
REC-BIO-00622,Biology,Class 12,Molecular Basis of Inheritance,DNA Double Helix Structure,"Watson and Crick DNA double helix model features antiparallel polynucleotide chains with complementary base pairing (A=T with 2 H-bonds, G=C with 3 H-bonds).",definition,"Exam Revision: DNA double helix consists of two antiparallel sugar-phosphate backbones. Adenine pairs with Thymine via 2 hydrogen bonds, Guanine pairs with Cytosine via 3 hydrogen bonds. (Important for final exam)",FULLY_COVERED,1.0,False,NCERT Textbooks,"NCERT Class 12 Biology, Chapter 6, Section 6.1"
REC-PHY-00161,Physics,Class 12,Electric Charges and Fields,Field Inside a Thin Spherical Shell,Electric field inside a uniformly charged thin spherical shell (r < R) is strictly zero (E = 0) because enclosed charge is zero.,core_concept,Spherical shell has surface charge density sigma.,PARTIALLY_COVERED,0.5,True,NCERT Textbooks,"NCERT Class 12 Physics Part 1, Chapter 1, Section 1.15.3"
REC-BIO-00681,Biology,Class 12,Principles of Inheritance and Variation,Mendel's Law of Segregation,Mendel's Law of Segregation states that allele pairs separate during gamete formation so each gamete carries only one allele for each gene.,core_concept,Monohybrid cross produces a 3:1 phenotypic ratio in F2 generation.,PARTIALLY_COVERED,0.5,True,NCERT Textbooks,"NCERT Class 12 Biology, Chapter 5, Section 5.2.1"
REC-PHY-00232,Physics,Class 12,Electromagnetic Induction,Faraday's Law of Induction,Induced electromotive force emf = - d(phi_B) / dt is proportional to negative rate of change of magnetic flux.,formula,Key Point: Refraction occurs when light passes between optically dense media. [Summary],MISSING,0.0,False,NCERT Textbooks,"NCERT Class 12 Physics Part 1, Chapter 6, Section 6.3"
REC-CHE-00363,Chemistry,Class 12,Electrochemistry,Nernst Equation,Nernst equation for electrode potential E = E_0 - (RT / nF) * ln(Q) where Q is reaction quotient.,formula,Note: Faraday's first law of electrolysis states mass deposited is m = Z * Q.,MISSING,0.0,True,NCERT Textbooks,"NCERT Class 12 Chemistry Part 1, Chapter 3, Section 3.3"
REC-PHY-00194,Physics,Class 12,Electromagnetic Induction,Faraday's Law of Induction,Induced electromotive force emf = - d(phi_B) / dt is proportional to negative rate of change of magnetic flux.,formula,- Induced voltage = - dPhi / dt.,FULLY_COVERED,1.0,False,NCERT Textbooks,"NCERT Class 12 Physics Part 1, Chapter 6, Section 6.3"
REC-PHY-00056,Physics,Class 12,Electrostatic Potential and Capacitance,Energy Stored in a Capacitor,Electrostatic potential energy stored in a charged capacitor is U = (1/2) * C * V^2 = Q^2 / (2C).,formula,Key Point: The energy stored in a charged capacitor is U = 1/2 C V^2 or Q^2 / 2C. [Summary],FULLY_COVERED,1.0,False,NCERT Textbooks,"NCERT Class 12 Physics Part 1, Chapter 2, Section 2.10"
REC-PHY-00113,Physics,Class 12,Electric Charges and Fields,Field Due to Infinitely Long Straight Wire,Derivation of electric field due to infinitely long wire using Gauss's Law yielding E = lambda / (2 * pi * epsilon_0 * r).,derivation,A thin charged wire produces radial electric field outward.,PARTIALLY_COVERED,0.5,True,NCERT Textbooks,"NCERT Class 12 Physics Part 1, Chapter 1, Section 1.15"
REC-MAT-00823,Mathematics,Class 12,Matrices and Determinants,Inverse of a Matrix,Inverse of a square matrix A exists if det(A) != 0 (non-singular) and is calculated by A^(-1) = (1 / det(A)) * adj(A).,formula,Inverse A^-1 = adj(A) / |A| ex=ts only if |A| != 0 (non-singular matrix).,FULLY_COVERED,1.0,False,NCERT Textbooks,"NCERT Class 12 Mathematics Part 1, Chapter 4, Section 4.5"
REC-CHE-00518,Chemistry,Class 11,States of Matter,Ideal Gas Equation,"Ideal gas equation P * V = n * R * T combines Boyle's law, Charles's law, and Avogadro's law for ideal gas behavior.",formula,Exam Revision: Dalton's law of partial pressures P_total = P1 + P2 + P3. (Important for final exam),MISSING,0.0,False,NCERT Textbooks,"NCERT Class 11 Chemistry Part 1, Chapter 5, Section 5.5"
REC-BIO-00710,Biology,Class 12,Principles of Inheritance and Variation,Mendel's Law of Segregation,Mendel's Law of Segregation states that allele pairs separate during gamete formation so each gamete carries only one allele for each gene.,core_concept,Exam Revision: Sex determination in humans depends on XX female and XY male chromosome combinations. (Important for final exam),MISSING,0.0,False,NCERT Textbooks,"NCERT Class 12 Biology, Chapter 5, Section 5.2.1"
REC-BIO-00742,Biology,Class 11,Biomolecules,Enzyme Action and Mechanism,Enzymes lower activation energy barrier to accelerate biochemical reactions via active site substrate binding (lock and key / induced fit).,process,Exam Revision: Active site of enzyme binds specific substrate molecules. (Important for final exam),PARTIALLY_COVERED,0.5,True,NCERT Textbooks,"NCERT Class 11 Biology, Chapter 9, Section 9.8"
REC-GEO-01008,Geography,Class 11,Fundamentals of Physical Geography,Theory of Plate Tectonics,"Theory of plate tectonics explains large-scale movement of Earth's lithospheric plates over convective asthenosphere forming divergent, convergent, and transform boundaries.",core_concept,"Key Point: Plate tectonics: lithospheric plates float on asthenosphere, interacting along divergent (rift), convergent (trench/mountain), and transform faults. [Summary]",FULLY_COVERED,1.0,False,NCERT Textbooks,"NCERT Class 11 Geography, Chapter 4, Section 4.4"
REC-GEO-01120,Geography,Class 11,Landforms and their Evolution,Agents of Gradation and River Landforms,"Running water as a geomorphic agent creates erosional landforms (V-shaped valleys, waterfalls, gorges) in youthful stage and depositional landforms (deltas, alluvial fans, levees) in old stage.",process,Key Point: Deltas are depositional landforms formed at river mouths. [Summary],PARTIALLY_COVERED,0.5,True,NCERT Textbooks,"NCERT Class 11 Geography, Chapter 7, Section 7.2"
REC-PHY-00222,Physics,Class 12,Electromagnetic Induction,Faraday's Law of Induction,Induced electromotive force emf = - d(phi_B) / dt is proportional to negative rate of change of magnetic flux.,formula,Exam Revision: Self inductance of solenoid is L = mu_0 * N^2 * A / l. (Important for final exam),MISSING,0.0,True,NCERT Textbooks,"NCERT Class 12 Physics Part 1, Chapter 6, Section 6.3"
REC-BIO-00587,Biology,Class 11,Photosynthesis in Higher Plants,Light Reaction and Photophosphorylation,"Non-cyclic photophosphorylation (Z-scheme) involves Photosystems II and I, water splitting (photolysis), ATP synthesis, and NADPH formation.",process,Note: Light reaction converts solar energy into chemical energy ATP.,PARTIALLY_COVERED,0.5,True,NCERT Textbooks,"NCERT Class 11 Biology, Chapter 13, Section 13.6"
REC-GEO-01122,Geography,Class 11,Landforms and their Evolution,Agents of Gradation and River Landforms,"Running water as a geomorphic agent creates erosional landforms (V-shaped valleys, waterfalls, gorges) in youthful stage and depositional landforms (deltas, alluvial fans, levees) in old stage.",process,"- Glaciers form U-shaped glacial troughs, cirques, and moraines.",MISSING,0.0,True,NCERT Textbooks,"NCERT Class 11 Geography, Chapter 7, Section 7.2"
REC-BIO-00578,Biology,Class 11,Photosynthesis in Higher Plants,Light Reaction and Photophosphorylation,"Non-cyclic photophosphorylation (Z-scheme) involves Photosystems II and I, water splitting (photolysis), ATP synthesis, and NADPH formation.",process,"- Z-scheme light reaction splits water into 2H+, 2e-, and O2, producing ATP & NADPH.",FULLY_COVERED,1.0,False,NCERT Textbooks,"NCERT Class 11 Biology, Chapter 13, Section 13.6"
REC-BIO-00623,Biology,Class 12,Molecular Basis of Inheritance,DNA Double Helix Structure,"Watson and Crick DNA double helix model features antiparallel polynucleotide chains with complementary base pairing (A=T with 2 H-bonds, G=C with 3 H-bonds).",definition,"DNA double helix cons=ts of two antiparallel sugar-phosphate backbones. Adenine pairs with Thymine via 2 hydrogen bonds, Guanine pairs with Cytosine via 3 hydrogen bonds.",FULLY_COVERED,1.0,False,NCERT Textbooks,"NCERT Class 12 Biology, Chapter 6, Section 6.1"
REC-GEO-01215,Geography,Class 11,Atmosphere and Climate,Atmospheric Pressure Belts and Planetary Winds,"Global atmospheric circulation features Equatorial Low (Doldrums), Subtropical Highs (Horse Latitudes), Subpolar Lows, and Polar Highs driving Trade Winds, Westerlies, and Easterlies.",core_concept,Coriol= force deflects winds to right in northern hem=phere and left in southern hem=phere.,PARTIALLY_COVERED,0.5,True,NCERT Textbooks,"NCERT Class 11 Geography, Chapter 10, Section 10.4"
REC-PHY-00209,Physics,Class 12,Electromagnetic Induction,Faraday's Law of Induction,Induced electromotive force emf = - d(phi_B) / dt is proportional to negative rate of change of magnetic flux.,formula,Magnetic flux phi_B = B * A * cos(theta).,PARTIALLY_COVERED,0.5,True,NCERT Textbooks,"NCERT Class 12 Physics Part 1, Chapter 6, Section 6.3"
REC-CHE-00504,Chemistry,Class 11,States of Matter,Ideal Gas Equation,"Ideal gas equation P * V = n * R * T combines Boyle's law, Charles's law, and Avogadro's law for ideal gas behavior.",formula,Key Point: Boyle's law states P is inversely proportional to V at constant T. [Summary],PARTIALLY_COVERED,0.5,True,NCERT Textbooks,"NCERT Class 11 Chemistry Part 1, Chapter 5, Section 5.5"
REC-CHE-00387,Chemistry,Class 11,Equilibrium,Le Chatelier's Principle,"Le Chatelier's principle states that if a dynamic equilibrium is disturbed by changing concentration, pressure, or temperature, the system shifts to counteract the disturbance.",core_concept,Note: System at equilibrium responds to stress by shifting left or right to re-establish equilibrium. [Ref: NCERT Chapter notes],FULLY_COVERED,1.0,False,NCERT Textbooks,"NCERT Class 11 Chemistry Part 1, Chapter 7, Section 7.8"
REC-CHE-00282,Chemistry,Class 12,Chemical Kinetics,Arrhenius Equation,Arrhenius equation k = A * exp(-Ea / (R * T)) describes temperature dependence of reaction rate constant k.,formula,- Arrhenius equation k = A * e^(-Ea/RT) relates rate constant k to activation energy Ea and absolute temperature T.,FULLY_COVERED,1.0,False,NCERT Textbooks,"NCERT Class 12 Chemistry Part 1, Chapter 4, Section 4.5"
REC-PHY-00208,Physics,Class 12,Electromagnetic Induction,Faraday's Law of Induction,Induced electromotive force emf = - d(phi_B) / dt is proportional to negative rate of change of magnetic flux.,formula,Key Point: Changing magnetic field produces induced electric current in closed loop. [Summary],PARTIALLY_COVERED,0.5,True,NCERT Textbooks,"NCERT Class 12 Physics Part 1, Chapter 6, Section 6.3"
REC-BIO-00725,Biology,Class 11,Biomolecules,Enzyme Action and Mechanism,Enzymes lower activation energy barrier to accelerate biochemical reactions via active site substrate binding (lock and key / induced fit).,process,"Enzyme mechnism: substrate binds active site forming ES intermediate, lowering reaction activation energy.",FULLY_COVERED,1.0,False,NCERT Textbooks,"NCERT Class 11 Biology, Chapter 9, Section 9.8"
REC-CHE-00435,Chemistry,Class 12,Haloalkanes and Haloarenes,SN1 vs SN2 Nucleophilic Substitution Mechanism,"SN1 mechanism involves carbocation intermediate with inversion/racemization, while SN2 involves concerted single-step transition state with complete inversion.",process,Note: SN2 mechanism: bimolecular nucleophilic substitution with Walden inversion. [Ref: NCERT Chapter notes],FULLY_COVERED,1.0,False,NCERT Textbooks,"NCERT Class 12 Chemistry Part 2, Chapter 10, Section 10.7"
REC-GEO-01213,Geography,Class 11,Atmosphere and Climate,Atmospheric Pressure Belts and Planetary Winds,"Global atmospheric circulation features Equatorial Low (Doldrums), Subtropical Highs (Horse Latitudes), Subpolar Lows, and Polar Highs driving Trade Winds, Westerlies, and Easterlies.",core_concept,Coriolis force deflects winds to right in northern hemisphere and left in southern hemisphere. (refer to diagram for full details),PARTIALLY_COVERED,0.5,True,NCERT Textbooks,"NCERT Class 11 Geography, Chapter 10, Section 10.4"
REC-GEO-01218,Geography,Class 11,Atmosphere and Climate,Atmospheric Pressure Belts and Planetary Winds,"Global atmospheric circulation features Equatorial Low (Doldrums), Subtropical Highs (Horse Latitudes), Subpolar Lows, and Polar Highs driving Trade Winds, Westerlies, and Easterlies.",core_concept,- Monsoon winds are seasonal land and sea breeze systems over South Asia.,MISSING,0.0,True,NCERT Textbooks,"NCERT Class 11 Geography, Chapter 10, Section 10.4"
REC-CHE-00296,Chemistry,Class 12,Chemical Kinetics,Arrhenius Equation,Arrhenius equation k = A * exp(-Ea / (R * T)) describes temperature dependence of reaction rate constant k.,formula,Key Point: ln(k2/k1) = (Ea/R) * (1/T1 - 1/T2) derived from Arrhenius equation. [Summary],FULLY_COVERED,1.0,False,NCERT Textbooks,"NCERT Class 12 Chemistry Part 1, Chapter 4, Section 4.5"
REC-BIO-00559,Biology,Class 11,Cell: The Unit of Life,Fluid Mosaic Model of Cell Membrane,"Fluid mosaic model describes cell membrane as a phospholipid bilayer with polar hydrophilic heads outside and nonpolar hydrophobic tails inside, with embedded proteins.",definition,Cell wall in plants = made of cellulose providing structural rigidity.,MISSING,0.0,True,NCERT Textbooks,"NCERT Class 11 Biology, Chapter 8, Section 8.5.1"
REC-MAT-00840,Mathematics,Class 12,Matrices and Determinants,Inverse of a Matrix,Inverse of a square matrix A exists if det(A) != 0 (non-singular) and is calculated by A^(-1) = (1 / det(A)) * adj(A).,formula,Key Point: Adjugate matrix adj(A) is the transpose of cofactor matrix. [Summary],PARTIALLY_COVERED,0.5,True,NCERT Textbooks,"NCERT Class 12 Mathematics Part 1, Chapter 4, Section 4.5"
REC-CHE-00392,Chemistry,Class 11,Equilibrium,Le Chatelier's Principle,"Le Chatelier's principle states that if a dynamic equilibrium is disturbed by changing concentration, pressure, or temperature, the system shifts to counteract the disturbance.",core_concept,Key Point: System at equilibrium responds to stress by shifting left or right to re-establish equilibrium. [Summary],FULLY_COVERED,1.0,False,NCERT Textbooks,"NCERT Class 11 Chemistry Part 1, Chapter 7, Section 7.8"
REC-PHY-00203,Physics,Class 12,Electromagnetic Induction,Faraday's Law of Induction,Induced electromotive force emf = - d(phi_B) / dt is proportional to negative rate of change of magnetic flux.,formula,Note: Changing magnetic field produces induced electric current in closed loop.,PARTIALLY_COVERED,0.5,True,NCERT Textbooks,"NCERT Class 12 Physics Part 1, Chapter 6, Section 6.3"
REC-CHE-00281,Chemistry,Class 12,Chemical Kinetics,Arrhenius Equation,Arrhenius equation k = A * exp(-Ea / (R * T)) describes temperature dependence of reaction rate constant k.,formula,Arrhenius equation k = A * e^(-Ea/RT) relates rate constant k to activation energy Ea and absolute temperature T.,FULLY_COVERED,1.0,False,NCERT Textbooks,"NCERT Class 12 Chemistry Part 1, Chapter 4, Section 4.5"
REC-GEO-01088,Geography,Class 11,Fundamentals of Physical Geography,Locating Tectonic Plates on World Map,"Locating and mapping major tectonic plates (Pacific, Eurasian, African, Indo-Australian, North American, South American, Antarctic) on a world map.",process,Key Point: Tropical rainforests are located near the equator between 10N and 10S latitude. [Summary],MISSING,0.0,False,NCERT Textbooks,"NCERT Class 11 Geography, Chapter 4, Section 4.4.1"
REC-MAT-00942,Mathematics,Class 12,Probability,Bayes' Theorem,Bayes' theorem calculates conditional probability P(Ai|B) = [P(Ai) * P(B|Ai)] / sum[P(Ak) * P(B|Ak)] for partition events Ai.,formula,Exam Revision: Binomial distribution mean is n*p and variance is n*p*q. (Important for final exam),MISSING,0.0,False,NCERT Textbooks,"NCERT Class 12 Mathematics Part 2, Chapter 13, Section 13.3"
REC-GEO-01026,Geography,Class 11,Fundamentals of Physical Geography,Theory of Plate Tectonics,"Theory of plate tectonics explains large-scale movement of Earth's lithospheric plates over convective asthenosphere forming divergent, convergent, and transform boundaries.",core_concept,- Plate tectonics was proposed by Alfred Wegener in 1912.,MISSING,0.0,True,NCERT Textbooks,"NCERT Class 11 Geography, Chapter 4, Section 4.4"
REC-MAT-00795,Mathematics,Class 12,Integrals,Integration by Parts,Integration by parts formula is int(u * dv) = u * v - int(v * du) with ILATE rule for selecting first function u.,formula,Note: Definite integral int_a^b f(x)dx represents net area under curve f(x) between x=a and x=b.,MISSING,0.0,True,NCERT Textbooks,"NCERT Class 12 Mathematics Part 2, Chapter 7, Section 7.5"
REC-CHE-00358,Chemistry,Class 12,Electrochemistry,Nernst Equation,Nernst equation for electrode potential E = E_0 - (RT / nF) * ln(Q) where Q is reaction quotient.,formula,Exam Revision: Standard cell potential E0_cell = E0_cathode - E0_anode. (Important for final exam),PARTIALLY_COVERED,0.5,True,NCERT Textbooks,"NCERT Class 12 Chemistry Part 1, Chapter 3, Section 3.3"
REC-PHY-00206,Physics,Class 12,Electromagnetic Induction,Faraday's Law of Induction,Induced electromotive force emf = - d(phi_B) / dt is proportional to negative rate of change of magnetic flux.,formula,Exam Revision: Changing magnetic field produces induced electric current in closed loop. (Important for final exam),PARTIALLY_COVERED,0.5,True,NCERT Textbooks,"NCERT Class 12 Physics Part 1, Chapter 6, Section 6.3"
REC-PHY-00083,Physics,Class 12,Electrostatic Potential and Capacitance,Energy Stored in a Capacitor,Electrostatic potential energy stored in a charged capacitor is U = (1/2) * C * V^2 = Q^2 / (2C).,formula,Note: Capacitors are used to store electric charge in electronic power supplies.,MISSING,0.0,True,NCERT Textbooks,"NCERT Class 12 Physics Part 1, Chapter 2, Section 2.10"
REC-CHE-00466,Chemistry,Class 12,Haloalkanes and Haloarenes,SN1 vs SN2 Nucleophilic Substitution Mechanism,"SN1 mechanism involves carbocation intermediate with inversion/racemization, while SN2 involves concerted single-step transition state with complete inversion.",process,- Grignard reagents react with carbonyl compounds to form alcohols.,MISSING,0.0,False,NCERT Textbooks,"NCERT Class 12 Chemistry Part 2, Chapter 10, Section 10.7"
REC-BIO-00726,Biology,Class 11,Biomolecules,Enzyme Action and Mechanism,Enzymes lower activation energy barrier to accelerate biochemical reactions via active site substrate binding (lock and key / induced fit).,process,"Exam Revision: Enzyme mechanism: substrate binds active site forming ES intermediate, lowering reaction activation energy. (Important for final exam)",FULLY_COVERED,1.0,False,NCERT Textbooks,"NCERT Class 11 Biology, Chapter 9, Section 9.8"
REC-GEO-01194,Geography,Class 11,Atmosphere and Climate,Atmospheric Pressure Belts and Planetary Winds,"Global atmospheric circulation features Equatorial Low (Doldrums), Subtropical Highs (Horse Latitudes), Subpolar Lows, and Polar Highs driving Trade Winds, Westerlies, and Easterlies.",core_concept,"- Planetary wind system: Trade winds, Westerlies, and Polar Easterlies driven by pressure gradient force and Coriolis effect.",FULLY_COVERED,1.0,False,NCERT Textbooks,"NCERT Class 11 Geography, Chapter 10, Section 10.4"
REC-BIO-00542,Biology,Class 11,Cell: The Unit of Life,Fluid Mosaic Model of Cell Membrane,"Fluid mosaic model describes cell membrane as a phospholipid bilayer with polar hydrophilic heads outside and nonpolar hydrophobic tails inside, with embedded proteins.",definition,Exam Revision: Plasma membrane consists of lipids and proteins arranged in a bilayer. (Important for final exam),PARTIALLY_COVERED,0.5,True,NCERT Textbooks,"NCERT Class 11 Biology, Chapter 8, Section 8.5.1"
REC-CHE-00467,Chemistry,Class 12,Haloalkanes and Haloarenes,SN1 vs SN2 Nucleophilic Substitution Mechanism,"SN1 mechanism involves carbocation intermediate with inversion/racemization, while SN2 involves concerted single-step transition state with complete inversion.",process,Note: Grignard reagents react with carbonyl compounds to form alcohols.,MISSING,0.0,False,NCERT Textbooks,"NCERT Class 12 Chemistry Part 2, Chapter 10, Section 10.7"
REC-MAT-00841,Mathematics,Class 12,Matrices and Determinants,Inverse of a Matrix,Inverse of a square matrix A exists if det(A) != 0 (non-singular) and is calculated by A^(-1) = (1 / det(A)) * adj(A).,formula,"Determinant of 2x2 matrix [[a,b],[c,d]] is ad - bc.",MISSING,0.0,True,NCERT Textbooks,"NCERT Class 12 Mathematics Part 1, Chapter 4, Section 4.5"
REC-BIO-00635,Biology,Class 12,Molecular Basis of Inheritance,DNA Double Helix Structure,"Watson and Crick DNA double helix model features antiparallel polynucleotide chains with complementary base pairing (A=T with 2 H-bonds, G=C with 3 H-bonds).",definition,"Note: DNA consists of nitrogenous bases adenine, guanine, cytosine, and thymine.",PARTIALLY_COVERED,0.5,True,NCERT Textbooks,"NCERT Class 12 Biology, Chapter 6, Section 6.1"
REC-BIO-00630,Biology,Class 12,Molecular Basis of Inheritance,DNA Double Helix Structure,"Watson and Crick DNA double helix model features antiparallel polynucleotide chains with complementary base pairing (A=T with 2 H-bonds, G=C with 3 H-bonds).",definition,Exam Revision: DNA structure: antiparallel double helix with complementary base pairs A=T (2 H-bonds) and G=C (3 H-bonds). (Important for final exam),FULLY_COVERED,1.0,False,NCERT Textbooks,"NCERT Class 12 Biology, Chapter 6, Section 6.1"
REC-GEO-01038,Geography,Class 11,Fundamentals of Physical Geography,Theory of Plate Tectonics,"Theory of plate tectonics explains large-scale movement of Earth's lithospheric plates over convective asthenosphere forming divergent, convergent, and transform boundaries.",core_concept,Exam Revision: Weathering breaks down surface rocks physically and chemically. (Important for final exam),MISSING,0.0,False,NCERT Textbooks,"NCERT Class 11 Geography, Chapter 4, Section 4.4"
REC-CHE-00473,Chemistry,Class 11,States of Matter,Ideal Gas Equation,"Ideal gas equation P * V = n * R * T combines Boyle's law, Charles's law, and Avogadro's law for ideal gas behavior.",formula,"Ideal gas equation: P V = n R T where P is pressure, V is volume, n is moles, R is gas constant (8.314 J/mol K), and T is absolute temperature.",FULLY_COVERED,1.0,False,NCERT Textbooks,"NCERT Class 11 Chemistry Part 1, Chapter 5, Section 5.5"
REC-BIO-00696,Biology,Class 12,Principles of Inheritance and Variation,Mendel's Law of Segregation,Mendel's Law of Segregation states that allele pairs separate during gamete formation so each gamete carries only one allele for each gene.,core_concept,Key Point: Dominant alleles express in heterozygous conditions while recessive alleles require homozygous condition. [Summary],PARTIALLY_COVERED,0.5,True,NCERT Textbooks,"NCERT Class 12 Biology, Chapter 5, Section 5.2.1"
REC-CHE-00379,Chemistry,Class 11,Equilibrium,Le Chatelier's Principle,"Le Chatelier's principle states that if a dynamic equilibrium is disturbed by changing concentration, pressure, or temperature, the system shifts to counteract the disturbance.",core_concept,"Note: Le Chatelier principle: modifying temperature, pressure, or concentration of an equilibrium system shifts position in direction that counteracts the applied change. [Ref: NCERT Chapter notes]",FULLY_COVERED,1.0,False,NCERT Textbooks,"NCERT Class 11 Chemistry Part 1, Chapter 7, Section 7.8"
REC-CHE-00368,Chemistry,Class 12,Electrochemistry,Nernst Equation,Nernst equation for electrode potential E = E_0 - (RT / nF) * ln(Q) where Q is reaction quotient.,formula,Key Point: Faraday's first law of electrolysis states mass deposited is m = Z * Q. [Summary],MISSING,0.0,True,NCERT Textbooks,"NCERT Class 12 Chemistry Part 1, Chapter 3, Section 3.3"
REC-MAT-00962,Mathematics,Class 10,Quadratic Equations,Quadratic Formula and Discriminant,Quadratic formula x = [-b +- sqrt(b^2 - 4ac)] / (2a) solves ax^2 + bx + c = 0 with discriminant D = b^2 - 4ac determining root nature.,formula,- Discriminant D = b^2 - 4ac determines whether roots are real or imaginary.,PARTIALLY_COVERED,0.5,True,NCERT Textbooks,"NCERT Class 10 Mathematics, Chapter 4, Section 4.4"
REC-BIO-00595,Biology,Class 11,Photosynthesis in Higher Plants,Light Reaction and Photophosphorylation,"Non-cyclic photophosphorylation (Z-scheme) involves Photosystems II and I, water splitting (photolysis), ATP synthesis, and NADPH formation.",process,Note: Photosynthesis occurs in chloroplast stroma and thylakoid membranes.,PARTIALLY_COVERED,0.5,True,NCERT Textbooks,"NCERT Class 11 Biology, Chapter 13, Section 13.6"
REC-MAT-00859,Mathematics,Class 11,Limits and Derivatives,First Principles Derivation,Derivative of function f(x) from first principles is f'(x) = lim_{h->0} [f(x+h) - f(x)] / h.,derivation,Note: First principle of derivative: f'(x) = lim(h->0) [f(x+h) - f(x)] / h. Derives rate of change from secant slope limit. [Ref: NCERT Chapter notes],FULLY_COVERED,1.0,False,NCERT Textbooks,"NCERT Class 11 Mathematics, Chapter 13, Section 13.5"
REC-GEO-01143,Geography,Class 11,Natural Hazards and Disasters,Causes of Disasters and Mitigation Strategies,"Natural disasters (earthquakes, landslides, GLOF, floods) require proactive mitigation strategies including hazard risk mapping, early warning systems, slope stabilization, and afforestation.",process,"D=aster mitigation strategies include hazard r=k mapping, early warning sensor networks, earthquake res=tant building codes, slope bio-engineering, and afforestation.",FULLY_COVERED,1.0,False,NCERT Textbooks,"NCERT Class 11 Geography, Chapter 7 (Disasters), Section 7.4"
REC-PHY-00174,Physics,Class 12,Electric Charges and Fields,Field Inside a Thin Spherical Shell,Electric field inside a uniformly charged thin spherical shell (r < R) is strictly zero (E = 0) because enclosed charge is zero.,core_concept,"Exam Revision: Outside a spherical shell, electric field behaves as if all charge were at center E = kQ/r^2. (Important for final exam)",MISSING,0.0,True,NCERT Textbooks,"NCERT Class 12 Physics Part 1, Chapter 1, Section 1.15.3"
REC-PHY-00129,Physics,Class 12,Electric Charges and Fields,Field Due to Infinitely Long Straight Wire,Derivation of electric field due to infinitely long wire using Gauss's Law yielding E = lambda / (2 * pi * epsilon_0 * r).,derivation,Biot Savart law calculates magnetic field B = mu_0 I / (2 pi r) near a current carrying wire.,MISSING,0.0,False,NCERT Textbooks,"NCERT Class 12 Physics Part 1, Chapter 1, Section 1.15"
REC-CHE-00407,Chemistry,Class 11,Equilibrium,Le Chatelier's Principle,"Le Chatelier's principle states that if a dynamic equilibrium is disturbed by changing concentration, pressure, or temperature, the system shifts to counteract the disturbance.",core_concept,Exothermic reactions shift left when temperature = increased.,PARTIALLY_COVERED,0.5,True,NCERT Textbooks,"NCERT Class 11 Chemistry Part 1, Chapter 7, Section 7.8"
REC-PHY-00266,Physics,Class 12,Ray Optics and Optical Instruments,Lens Maker's Formula,"Lens maker's formula 1/f = (n - 1) * (1/R1 - 1/R2) relates focal length f of a thin lens to refractive index n and radii of curvature R1, R2.",formula,- Total internal reflection occurs when light exceeds critical angle.,MISSING,0.0,True,NCERT Textbooks,"NCERT Class 12 Physics Part 2, Chapter 9, Section 9.5"
REC-GEO-01117,Geography,Class 11,Landforms and their Evolution,Agents of Gradation and River Landforms,"Running water as a geomorphic agent creates erosional landforms (V-shaped valleys, waterfalls, gorges) in youthful stage and depositional landforms (deltas, alluvial fans, levees) in old stage.",process,Deltas are depositional landforms formed at river mouths. (refer to diagram for full details),PARTIALLY_COVERED,0.5,True,NCERT Textbooks,"NCERT Class 11 Geography, Chapter 7, Section 7.2"
REC-CHE-00361,Chemistry,Class 12,Electrochemistry,Nernst Equation,Nernst equation for electrode potential E = E_0 - (RT / nF) * ln(Q) where Q is reaction quotient.,formula,Faraday's first law of electrolysis states mass deposited is m = Z * Q.,MISSING,0.0,True,NCERT Textbooks,"NCERT Class 12 Chemistry Part 1, Chapter 3, Section 3.3"
REC-CHE-00430,Chemistry,Class 12,Haloalkanes and Haloarenes,SN1 vs SN2 Nucleophilic Substitution Mechanism,"SN1 mechanism involves carbocation intermediate with inversion/racemization, while SN2 involves concerted single-step transition state with complete inversion.",process,Exam Revision: SN1 proceeds via 2 steps with carbocation intermediate giving racemization. SN2 is 1 step concerted backside attack giving stereochemical inversion of configuration. (Important for final exam),FULLY_COVERED,1.0,False,NCERT Textbooks,"NCERT Class 12 Chemistry Part 2, Chapter 10, Section 10.7"
REC-GEO-01205,Geography,Class 11,Atmosphere and Climate,Atmospheric Pressure Belts and Planetary Winds,"Global atmospheric circulation features Equatorial Low (Doldrums), Subtropical Highs (Horse Latitudes), Subpolar Lows, and Polar Highs driving Trade Winds, Westerlies, and Easterlies.",core_concept,Pressure belts shift north and south with apparent movement of the sun. (refer to diagram for full details),PARTIALLY_COVERED,0.5,True,NCERT Textbooks,"NCERT Class 11 Geography, Chapter 10, Section 10.4"
REC-PHY-00216,Physics,Class 12,Electromagnetic Induction,Faraday's Law of Induction,Induced electromotive force emf = - d(phi_B) / dt is proportional to negative rate of change of magnetic flux.,formula,Key Point: Magnetic flux phi_B = B * A * cos(theta). [Summary],PARTIALLY_COVERED,0.5,True,NCERT Textbooks,"NCERT Class 12 Physics Part 1, Chapter 6, Section 6.3"
REC-GEO-01112,Geography,Class 11,Landforms and their Evolution,Agents of Gradation and River Landforms,"Running water as a geomorphic agent creates erosional landforms (V-shaped valleys, waterfalls, gorges) in youthful stage and depositional landforms (deltas, alluvial fans, levees) in old stage.",process,Key Point: Running water is a primary agent of gradation shaping Earth's surface. [Summary],PARTIALLY_COVERED,0.5,True,NCERT Textbooks,"NCERT Class 11 Geography, Chapter 7, Section 7.2"
REC-PHY-00238,Physics,Class 12,Ray Optics and Optical Instruments,Lens Maker's Formula,"Lens maker's formula 1/f = (n - 1) * (1/R1 - 1/R2) relates focal length f of a thin lens to refractive index n and radii of curvature R1, R2.",formula,Exam Revision: Lens maker formula: 1/f = (mu - 1) * (1/R1 - 1/R2) where R1 and R2 are radii of curvature of two lens surfaces. (Important for final exam),FULLY_COVERED,1.0,False,NCERT Textbooks,"NCERT Class 12 Physics Part 2, Chapter 9, Section 9.5"
REC-MAT-00792,Mathematics,Class 12,Integrals,Integration by Parts,Integration by parts formula is int(u * dv) = u * v - int(v * du) with ILATE rule for selecting first function u.,formula,Key Point: Formula int(u dv) = u v - int(v du). [Summary],PARTIALLY_COVERED,0.5,True,NCERT Textbooks,"NCERT Class 12 Mathematics Part 2, Chapter 7, Section 7.5"
REC-MAT-00974,Mathematics,Class 10,Quadratic Equations,Quadratic Formula and Discriminant,Quadratic formula x = [-b +- sqrt(b^2 - 4ac)] / (2a) solves ax^2 + bx + c = 0 with discriminant D = b^2 - 4ac determining root nature.,formula,Exam Revision: Sum of roots is -b/a and product of roots is c/a. (Important for final exam),PARTIALLY_COVERED,0.5,True,NCERT Textbooks,"NCERT Class 10 Mathematics, Chapter 4, Section 4.4"
REC-BIO-00577,Biology,Class 11,Photosynthesis in Higher Plants,Light Reaction and Photophosphorylation,"Non-cyclic photophosphorylation (Z-scheme) involves Photosystems II and I, water splitting (photolysis), ATP synthesis, and NADPH formation.",process,"Z-scheme light reaction splits water into 2H+, 2e-, and O2, producing ATP & NADPH.",FULLY_COVERED,1.0,False,NCERT Textbooks,"NCERT Class 11 Biology, Chapter 13, Section 13.6"
REC-GEO-01136,Geography,Class 11,Landforms and their Evolution,Agents of Gradation and River Landforms,"Running water as a geomorphic agent creates erosional landforms (V-shaped valleys, waterfalls, gorges) in youthful stage and depositional landforms (deltas, alluvial fans, levees) in old stage.",process,Key Point: Wind erosion creates sand dunes and mushroom rocks in arid desert regions. [Summary],MISSING,0.0,False,NCERT Textbooks,"NCERT Class 11 Geography, Chapter 7, Section 7.2"
REC-BIO-00691,Biology,Class 12,Principles of Inheritance and Variation,Mendel's Law of Segregation,Mendel's Law of Segregation states that allele pairs separate during gamete formation so each gamete carries only one allele for each gene.,core_concept,Note: Dominant alleles express in heterozygous conditions while recessive alleles require homozygous condition.,PARTIALLY_COVERED,0.5,True,NCERT Textbooks,"NCERT Class 12 Biology, Chapter 5, Section 5.2.1"
REC-CHE-00409,Chemistry,Class 11,Equilibrium,Le Chatelier's Principle,"Le Chatelier's principle states that if a dynamic equilibrium is disturbed by changing concentration, pressure, or temperature, the system shifts to counteract the disturbance.",core_concept,Catalysts increase both forward and reverse reaction rates equally without changing Kc.,MISSING,0.0,True,NCERT Textbooks,"NCERT Class 11 Chemistry Part 1, Chapter 7, Section 7.8"
REC-MAT-00838,Mathematics,Class 12,Matrices and Determinants,Inverse of a Matrix,Inverse of a square matrix A exists if det(A) != 0 (non-singular) and is calculated by A^(-1) = (1 / det(A)) * adj(A).,formula,Exam Revision: Adjugate matrix adj(A) is the transpose of cofactor matrix. (Important for final exam),PARTIALLY_COVERED,0.5,True,NCERT Textbooks,"NCERT Class 12 Mathematics Part 1, Chapter 4, Section 4.5"
REC-PHY-00178,Physics,Class 12,Electric Charges and Fields,Field Inside a Thin Spherical Shell,Electric field inside a uniformly charged thin spherical shell (r < R) is strictly zero (E = 0) because enclosed charge is zero.,core_concept,- Gravitational potential at Earth center is negative.,MISSING,0.0,False,NCERT Textbooks,"NCERT Class 12 Physics Part 1, Chapter 1, Section 1.15.3"
REC-MAT-00790,Mathematics,Class 12,Integrals,Integration by Parts,Integration by parts formula is int(u * dv) = u * v - int(v * du) with ILATE rule for selecting first function u.,formula,Exam Revision: Formula int(u dv) = u v - int(v du). (Important for final exam),PARTIALLY_COVERED,0.5,True,NCERT Textbooks,"NCERT Class 12 Mathematics Part 2, Chapter 7, Section 7.5"
REC-PHY-00018,Physics,Class 12,Electrostatic Potential and Capacitance,Parallel Plate Capacitor,Capacitance of a parallel plate capacitor in vacuum is C = (epsilon_0 * A) / d where A is plate area and d is separation.,formula,- Capacitance depends on area A and plate distance d.,PARTIALLY_COVERED,0.5,True,NCERT Textbooks,"NCERT Class 12 Physics Part 1, Chapter 2, Section 2.8"
REC-MAT-00934,Mathematics,Class 12,Probability,Bayes' Theorem,Bayes' theorem calculates conditional probability P(Ai|B) = [P(Ai) * P(B|Ai)] / sum[P(Ak) * P(B|Ak)] for partition events Ai.,formula,Exam Revision: Independent events satisfy P(A and B) = P(A) * P(B). (Important for final exam),MISSING,0.0,True,NCERT Textbooks,"NCERT Class 12 Mathematics Part 2, Chapter 13, Section 13.3"
REC-GEO-01066,Geography,Class 11,Fundamentals of Physical Geography,Locating Tectonic Plates on World Map,"Locating and mapping major tectonic plates (Pacific, Eurasian, African, Indo-Australian, North American, South American, Antarctic) on a world map.",process,- Himalayas formed by collision of Indian and Eurasian plates.,PARTIALLY_COVERED,0.5,True,NCERT Textbooks,"NCERT Class 11 Geography, Chapter 4, Section 4.4.1"
REC-MAT-00848,Mathematics,Class 12,Matrices and Determinants,Inverse of a Matrix,Inverse of a square matrix A exists if det(A) != 0 (non-singular) and is calculated by A^(-1) = (1 / det(A)) * adj(A).,formula,"Key Point: Determinant of 2x2 matrix [[a,b],[c,d]] is ad - bc. [Summary]",MISSING,0.0,True,NCERT Textbooks,"NCERT Class 12 Mathematics Part 1, Chapter 4, Section 4.5"
REC-MAT-00857,Mathematics,Class 11,Limits and Derivatives,First Principles Derivation,Derivative of function f(x) from first principles is f'(x) = lim_{h->0} [f(x+h) - f(x)] / h.,derivation,First principle of derivative: f'(x) = lim(h->0) [f(x+h) - f(x)] / h. Derives rate of change from secant slope limit.,FULLY_COVERED,1.0,False,NCERT Textbooks,"NCERT Class 11 Mathematics, Chapter 13, Section 13.5"
REC-CHE-00360,Chemistry,Class 12,Electrochemistry,Nernst Equation,Nernst equation for electrode potential E = E_0 - (RT / nF) * ln(Q) where Q is reaction quotient.,formula,Key Point: Standard cell potential E0_cell = E0_cathode - E0_anode. [Summary],PARTIALLY_COVERED,0.5,True,NCERT Textbooks,"NCERT Class 12 Chemistry Part 1, Chapter 3, Section 3.3"
REC-CHE-00451,Chemistry,Class 12,Haloalkanes and Haloarenes,SN1 vs SN2 Nucleophilic Substitution Mechanism,"SN1 mechanism involves carbocation intermediate with inversion/racemization, while SN2 involves concerted single-step transition state with complete inversion.",process,Note: Tertiary alkyl halides prefer SN1 due to carbocation stability.,PARTIALLY_COVERED,0.5,True,NCERT Textbooks,"NCERT Class 12 Chemistry Part 2, Chapter 10, Section 10.7"
REC-BIO-00568,Biology,Class 11,Cell: The Unit of Life,Fluid Mosaic Model of Cell Membrane,"Fluid mosaic model describes cell membrane as a phospholipid bilayer with polar hydrophilic heads outside and nonpolar hydrophobic tails inside, with embedded proteins.",definition,Key Point: Mitochondria are double membrane bound organelles responsible for ATP synthesis. [Summary],MISSING,0.0,False,NCERT Textbooks,"NCERT Class 11 Biology, Chapter 8, Section 8.5.1"
REC-BIO-00554,Biology,Class 11,Cell: The Unit of Life,Fluid Mosaic Model of Cell Membrane,"Fluid mosaic model describes cell membrane as a phospholipid bilayer with polar hydrophilic heads outside and nonpolar hydrophobic tails inside, with embedded proteins.",definition,- Cell wall in plants is made of cellulose providing structural rigidity.,MISSING,0.0,True,NCERT Textbooks,"NCERT Class 11 Biology, Chapter 8, Section 8.5.1"
REC-BIO-00546,Biology,Class 11,Cell: The Unit of Life,Fluid Mosaic Model of Cell Membrane,"Fluid mosaic model describes cell membrane as a phospholipid bilayer with polar hydrophilic heads outside and nonpolar hydrophobic tails inside, with embedded proteins.",definition,- Cell membrane regulates active and passive transport of molecules.,PARTIALLY_COVERED,0.5,True,NCERT Textbooks,"NCERT Class 11 Biology, Chapter 8, Section 8.5.1"
REC-PHY-00046,Physics,Class 12,Electrostatic Potential and Capacitance,Parallel Plate Capacitor,Capacitance of a parallel plate capacitor in vacuum is C = (epsilon_0 * A) / d where A is plate area and d is separation.,formula,Exam Revision: Current in a conductor is proportional to applied potential difference. (Important for final exam),MISSING,0.0,False,NCERT Textbooks,"NCERT Class 12 Physics Part 1, Chapter 2, Section 2.8"
REC-GEO-01046,Geography,Class 11,Fundamentals of Physical Geography,Locating Tectonic Plates on World Map,"Locating and mapping major tectonic plates (Pacific, Eurasian, African, Indo-Australian, North American, South American, Antarctic) on a world map.",process,"Exam Revision: Mapping 7 major plates: Pacific plate surrounds Ring of Fire, Indo-Australian plate meets Eurasian plate at Himalayas, Mid-Atlantic Ridge lies between American and African plates. (Important for final exam)",FULLY_COVERED,1.0,False,NCERT Textbooks,"NCERT Class 11 Geography, Chapter 4, Section 4.4.1"
REC-MAT-00810,Mathematics,Class 12,Matrices and Determinants,Inverse of a Matrix,Inverse of a square matrix A exists if det(A) != 0 (non-singular) and is calculated by A^(-1) = (1 / det(A)) * adj(A).,formula,- Square matrix A has inverse A^-1 = (1 / det(A)) * adj(A) provided determinant det(A) != 0.,FULLY_COVERED,1.0,False,NCERT Textbooks,"NCERT Class 12 Mathematics Part 1, Chapter 4, Section 4.5"
REC-PHY-00278,Physics,Class 12,Ray Optics and Optical Instruments,Lens Maker's Formula,"Lens maker's formula 1/f = (n - 1) * (1/R1 - 1/R2) relates focal length f of a thin lens to refractive index n and radii of curvature R1, R2.",formula,Exam Revision: Snell's law n1 sin(theta1) = n2 sin(theta2) governs refraction. (Important for final exam),MISSING,0.0,False,NCERT Textbooks,"NCERT Class 12 Physics Part 2, Chapter 9, Section 9.5"
REC-PHY-00130,Physics,Class 12,Electric Charges and Fields,Field Due to Infinitely Long Straight Wire,Derivation of electric field due to infinitely long wire using Gauss's Law yielding E = lambda / (2 * pi * epsilon_0 * r).,derivation,- Biot Savart law calculates magnetic field B = mu_0 I / (2 pi r) near a current carrying wire.,MISSING,0.0,False,NCERT Textbooks,"NCERT Class 12 Physics Part 1, Chapter 1, Section 1.15"
REC-CHE-00464,Chemistry,Class 12,Haloalkanes and Haloarenes,SN1 vs SN2 Nucleophilic Substitution Mechanism,"SN1 mechanism involves carbocation intermediate with inversion/racemization, while SN2 involves concerted single-step transition state with complete inversion.",process,Key Point: Electrophilic aromatic substitution occurs in benzene rings using Lewis acid catalysts. [Summary],MISSING,0.0,True,NCERT Textbooks,"NCERT Class 12 Chemistry Part 2, Chapter 10, Section 10.7"
REC-BIO-00683,Biology,Class 12,Principles of Inheritance and Variation,Mendel's Law of Segregation,Mendel's Law of Segregation states that allele pairs separate during gamete formation so each gamete carries only one allele for each gene.,core_concept,Note: Monohybrid cross produces a 3:1 phenotypic ratio in F2 generation.,PARTIALLY_COVERED,0.5,True,NCERT Textbooks,"NCERT Class 12 Biology, Chapter 5, Section 5.2.1"
REC-MAT-00955,Mathematics,Class 10,Quadratic Equations,Quadratic Formula and Discriminant,Quadratic formula x = [-b +- sqrt(b^2 - 4ac)] / (2a) solves ax^2 + bx + c = 0 with discriminant D = b^2 - 4ac determining root nature.,formula,Note: Quadratic formula x = (-b +- sqrt(D)) / (2a) where D = b^2 - 4ac. [Ref: NCERT Chapter notes],FULLY_COVERED,1.0,False,NCERT Textbooks,"NCERT Class 10 Mathematics, Chapter 4, Section 4.4"
REC-PHY-00157,Physics,Class 12,Electric Charges and Fields,Field Inside a Thin Spherical Shell,Electric field inside a uniformly charged thin spherical shell (r < R) is strictly zero (E = 0) because enclosed charge is zero.,core_concept,A thin spherical shell carries total charge Q distributed on surface. (refer to diagram for full details),PARTIALLY_COVERED,0.5,True,NCERT Textbooks,"NCERT Class 12 Physics Part 1, Chapter 1, Section 1.15.3"
REC-BIO-00627,Biology,Class 12,Molecular Basis of Inheritance,DNA Double Helix Structure,"Watson and Crick DNA double helix model features antiparallel polynucleotide chains with complementary base pairing (A=T with 2 H-bonds, G=C with 3 H-bonds).",definition,Note: DNA structure: antiparallel double helix with complementary base pairs A=T (2 H-bonds) and G=C (3 H-bonds). [Ref: NCERT Chapter notes],FULLY_COVERED,1.0,False,NCERT Textbooks,"NCERT Class 12 Biology, Chapter 6, Section 6.1"
REC-MAT-00968,Mathematics,Class 10,Quadratic Equations,Quadratic Formula and Discriminant,Quadratic formula x = [-b +- sqrt(b^2 - 4ac)] / (2a) solves ax^2 + bx + c = 0 with discriminant D = b^2 - 4ac determining root nature.,formula,Key Point: Discriminant D = b^2 - 4ac determines whether roots are real or imaginary. [Summary],PARTIALLY_COVERED,0.5,True,NCERT Textbooks,"NCERT Class 10 Mathematics, Chapter 4, Section 4.4"
REC-PHY-00242,Physics,Class 12,Ray Optics and Optical Instruments,Lens Maker's Formula,"Lens maker's formula 1/f = (n - 1) * (1/R1 - 1/R2) relates focal length f of a thin lens to refractive index n and radii of curvature R1, R2.",formula,- 1/f = (n - 1) (1/R1 - 1/R2) for thin spherical lens in air.,FULLY_COVERED,1.0,False,NCERT Textbooks,"NCERT Class 12 Physics Part 2, Chapter 9, Section 9.5"
REC-MAT-00903,Mathematics,Class 12,Probability,Bayes' Theorem,Bayes' theorem calculates conditional probability P(Ai|B) = [P(Ai) * P(B|Ai)] / sum[P(Ak) * P(B|Ak)] for partition events Ai.,formula,Bayes theorem formula: P(E_i|A) = [P(E_i)*P(A|E_i)] / sum_{j=1}^n [P(E_j)*P(A|E_j)] for pairw=e d=joint events E_i.,FULLY_COVERED,1.0,False,NCERT Textbooks,"NCERT Class 12 Mathematics Part 2, Chapter 13, Section 13.3"
REC-BIO-00737,Biology,Class 11,Biomolecules,Enzyme Action and Mechanism,Enzymes lower activation energy barrier to accelerate biochemical reactions via active site substrate binding (lock and key / induced fit).,process,Active site of enzyme binds specific substrate molecules.,PARTIALLY_COVERED,0.5,True,NCERT Textbooks,"NCERT Class 11 Biology, Chapter 9, Section 9.8"
REC-PHY-00153,Physics,Class 12,Electric Charges and Fields,Field Inside a Thin Spherical Shell,Electric field inside a uniformly charged thin spherical shell (r < R) is strictly zero (E = 0) because enclosed charge is zero.,core_concept,A thin spherical shell carries total charge Q distributed on surface.,PARTIALLY_COVERED,0.5,True,NCERT Textbooks,"NCERT Class 12 Physics Part 1, Chapter 1, Section 1.15.3"
REC-GEO-01078,Geography,Class 11,Fundamentals of Physical Geography,Locating Tectonic Plates on World Map,"Locating and mapping major tectonic plates (Pacific, Eurasian, African, Indo-Australian, North American, South American, Antarctic) on a world map.",process,Exam Revision: Earthquakes occur along fault lines and volcanic arcs. (Important for final exam),MISSING,0.0,True,NCERT Textbooks,"NCERT Class 11 Geography, Chapter 4, Section 4.4.1"
REC-MAT-00957,Mathematics,Class 10,Quadratic Equations,Quadratic Formula and Discriminant,Quadratic formula x = [-b +- sqrt(b^2 - 4ac)] / (2a) solves ax^2 + bx + c = 0 with discriminant D = b^2 - 4ac determining root nature.,formula,Quadratic formla x = (-b +- sqrt(D)) / (2a) where D = b^2 - 4ac.,FULLY_COVERED,1.0,False,NCERT Textbooks,"NCERT Class 10 Mathematics, Chapter 4, Section 4.4"
REC-PHY-00264,Physics,Class 12,Ray Optics and Optical Instruments,Lens Maker's Formula,"Lens maker's formula 1/f = (n - 1) * (1/R1 - 1/R2) relates focal length f of a thin lens to refractive index n and radii of curvature R1, R2.",formula,Key Point: Lens formula 1/v - 1/u = 1/f relates object and image distances. [Summary],PARTIALLY_COVERED,0.5,True,NCERT Textbooks,"NCERT Class 12 Physics Part 2, Chapter 9, Section 9.5"
REC-GEO-01155,Geography,Class 11,Natural Hazards and Disasters,Causes of Disasters and Mitigation Strategies,"Natural disasters (earthquakes, landslides, GLOF, floods) require proactive mitigation strategies including hazard risk mapping, early warning systems, slope stabilization, and afforestation.",process,Note: Disaster mitigation involves preparing for natural hazards like earthquakes and floods.,PARTIALLY_COVERED,0.5,True,NCERT Textbooks,"NCERT Class 11 Geography, Chapter 7 (Disasters), Section 7.4"
REC-CHE-00496,Chemistry,Class 11,States of Matter,Ideal Gas Equation,"Ideal gas equation P * V = n * R * T combines Boyle's law, Charles's law, and Avogadro's law for ideal gas behavior.",formula,"Key Point: Ideal gas equation relates pressure P, volume V, and temperature T. [Summary]",PARTIALLY_COVERED,0.5,True,NCERT Textbooks,"NCERT Class 11 Chemistry Part 1, Chapter 5, Section 5.5"
REC-BIO-00558,Biology,Class 11,Cell: The Unit of Life,Fluid Mosaic Model of Cell Membrane,"Fluid mosaic model describes cell membrane as a phospholipid bilayer with polar hydrophilic heads outside and nonpolar hydrophobic tails inside, with embedded proteins.",definition,Exam Revision: Cell wall in plants is made of cellulose providing structural rigidity. (Important for final exam),MISSING,0.0,True,NCERT Textbooks,"NCERT Class 11 Biology, Chapter 8, Section 8.5.1"
REC-GEO-01121,Geography,Class 11,Landforms and their Evolution,Agents of Gradation and River Landforms,"Running water as a geomorphic agent creates erosional landforms (V-shaped valleys, waterfalls, gorges) in youthful stage and depositional landforms (deltas, alluvial fans, levees) in old stage.",process,"Glaciers form U-shaped glacial troughs, cirques, and moraines.",MISSING,0.0,True,NCERT Textbooks,"NCERT Class 11 Geography, Chapter 7, Section 7.2"
REC-PHY-00183,Physics,Class 12,Electric Charges and Fields,Field Inside a Thin Spherical Shell,Electric field inside a uniformly charged thin spherical shell (r < R) is strictly zero (E = 0) because enclosed charge is zero.,core_concept,Gravitational potential at Earth center = negative.,MISSING,0.0,False,NCERT Textbooks,"NCERT Class 12 Physics Part 1, Chapter 1, Section 1.15.3"
REC-BIO-00619,Biology,Class 12,Molecular Basis of Inheritance,DNA Double Helix Structure,"Watson and Crick DNA double helix model features antiparallel polynucleotide chains with complementary base pairing (A=T with 2 H-bonds, G=C with 3 H-bonds).",definition,"Note: DNA double helix consists of two antiparallel sugar-phosphate backbones. Adenine pairs with Thymine via 2 hydrogen bonds, Guanine pairs with Cytosine via 3 hydrogen bonds. [Ref: NCERT Chapter notes]",FULLY_COVERED,1.0,False,NCERT Textbooks,"NCERT Class 12 Biology, Chapter 6, Section 6.1"
REC-BIO-00693,Biology,Class 12,Principles of Inheritance and Variation,Mendel's Law of Segregation,Mendel's Law of Segregation states that allele pairs separate during gamete formation so each gamete carries only one allele for each gene.,core_concept,Dominant alleles express in heterozygous conditions while recessive alleles require homozygous condition. (refer to diagram for full details),PARTIALLY_COVERED,0.5,True,NCERT Textbooks,"NCERT Class 12 Biology, Chapter 5, Section 5.2.1"
REC-CHE-00520,Chemistry,Class 11,States of Matter,Ideal Gas Equation,"Ideal gas equation P * V = n * R * T combines Boyle's law, Charles's law, and Avogadro's law for ideal gas behavior.",formula,Key Point: Dalton's law of partial pressures P_total = P1 + P2 + P3. [Summary],MISSING,0.0,False,NCERT Textbooks,"NCERT Class 11 Chemistry Part 1, Chapter 5, Section 5.5"
REC-CHE-00472,Chemistry,Class 12,Haloalkanes and Haloarenes,SN1 vs SN2 Nucleophilic Substitution Mechanism,"SN1 mechanism involves carbocation intermediate with inversion/racemization, while SN2 involves concerted single-step transition state with complete inversion.",process,Key Point: Grignard reagents react with carbonyl compounds to form alcohols. [Summary],MISSING,0.0,False,NCERT Textbooks,"NCERT Class 12 Chemistry Part 2, Chapter 10, Section 10.7"
REC-MAT-00814,Mathematics,Class 12,Matrices and Determinants,Inverse of a Matrix,Inverse of a square matrix A exists if det(A) != 0 (non-singular) and is calculated by A^(-1) = (1 / det(A)) * adj(A).,formula,Exam Revision: Square matrix A has inverse A^-1 = (1 / det(A)) * adj(A) provided determinant det(A) != 0. (Important for final exam),FULLY_COVERED,1.0,False,NCERT Textbooks,"NCERT Class 12 Mathematics Part 1, Chapter 4, Section 4.5"
REC-CHE-00288,Chemistry,Class 12,Chemical Kinetics,Arrhenius Equation,Arrhenius equation k = A * exp(-Ea / (R * T)) describes temperature dependence of reaction rate constant k.,formula,Key Point: Arrhenius equation k = A * e^(-Ea/RT) relates rate constant k to activation energy Ea and absolute temperature T. [Summary],FULLY_COVERED,1.0,False,NCERT Textbooks,"NCERT Class 12 Chemistry Part 1, Chapter 4, Section 4.5"
REC-BIO-00553,Biology,Class 11,Cell: The Unit of Life,Fluid Mosaic Model of Cell Membrane,"Fluid mosaic model describes cell membrane as a phospholipid bilayer with polar hydrophilic heads outside and nonpolar hydrophobic tails inside, with embedded proteins.",definition,Cell wall in plants is made of cellulose providing structural rigidity.,MISSING,0.0,True,NCERT Textbooks,"NCERT Class 11 Biology, Chapter 8, Section 8.5.1"
REC-MAT-00937,Mathematics,Class 12,Probability,Bayes' Theorem,Bayes' theorem calculates conditional probability P(Ai|B) = [P(Ai) * P(B|Ai)] / sum[P(Ak) * P(B|Ak)] for partition events Ai.,formula,Binomial distribution mean is n*p and variance is n*p*q.,MISSING,0.0,False,NCERT Textbooks,"NCERT Class 12 Mathematics Part 2, Chapter 13, Section 13.3"
REC-BIO-00521,Biology,Class 11,Cell: The Unit of Life,Fluid Mosaic Model of Cell Membrane,"Fluid mosaic model describes cell membrane as a phospholipid bilayer with polar hydrophilic heads outside and nonpolar hydrophobic tails inside, with embedded proteins.",definition,"Fluid mosaic model proposed by Singer and Nicolson: quasi-fluid phospholipid bilayer with polar hydrophilic heads facing outward and nonpolar hydrophobic fatty acid tails facing inward, integrated with transport proteins.",FULLY_COVERED,1.0,False,NCERT Textbooks,"NCERT Class 11 Biology, Chapter 8, Section 8.5.1"
REC-PHY-00120,Physics,Class 12,Electric Charges and Fields,Field Due to Infinitely Long Straight Wire,Derivation of electric field due to infinitely long wire using Gauss's Law yielding E = lambda / (2 * pi * epsilon_0 * r).,derivation,Key Point: A thin charged wire produces radial electric field outward. [Summary],PARTIALLY_COVERED,0.5,True,NCERT Textbooks,"NCERT Class 12 Physics Part 1, Chapter 1, Section 1.15"
REC-PHY-00016,Physics,Class 12,Electrostatic Potential and Capacitance,Parallel Plate Capacitor,Capacitance of a parallel plate capacitor in vacuum is C = (epsilon_0 * A) / d where A is plate area and d is separation.,formula,Key Point: Parallel plate cap. formula: C = epsilon0 * A / d. [Summary],FULLY_COVERED,1.0,False,NCERT Textbooks,"NCERT Class 12 Physics Part 1, Chapter 2, Section 2.8"
REC-CHE-00289,Chemistry,Class 12,Chemical Kinetics,Arrhenius Equation,Arrhenius equation k = A * exp(-Ea / (R * T)) describes temperature dependence of reaction rate constant k.,formula,ln(k2/k1) = (Ea/R) * (1/T1 - 1/T2) derived from Arrhenius equation.,FULLY_COVERED,1.0,False,NCERT Textbooks,"NCERT Class 12 Chemistry Part 1, Chapter 4, Section 4.5"
REC-PHY-00118,Physics,Class 12,Electric Charges and Fields,Field Due to Infinitely Long Straight Wire,Derivation of electric field due to infinitely long wire using Gauss's Law yielding E = lambda / (2 * pi * epsilon_0 * r).,derivation,Exam Revision: A thin charged wire produces radial electric field outward. (Important for final exam),PARTIALLY_COVERED,0.5,True,NCERT Textbooks,"NCERT Class 12 Physics Part 1, Chapter 1, Section 1.15"
REC-BIO-00574,Biology,Class 11,Photosynthesis in Higher Plants,Light Reaction and Photophosphorylation,"Non-cyclic photophosphorylation (Z-scheme) involves Photosystems II and I, water splitting (photolysis), ATP synthesis, and NADPH formation.",process,"Exam Revision: Light reactions occur in thylakoid membrane. PSII absorbs 680nm light, photolysis of water releases O2, electrons flow through Z-scheme to PSI generating ATP and NADPH. (Important for final exam)",FULLY_COVERED,1.0,False,NCERT Textbooks,"NCERT Class 11 Biology, Chapter 13, Section 13.6"
REC-BIO-00566,Biology,Class 11,Cell: The Unit of Life,Fluid Mosaic Model of Cell Membrane,"Fluid mosaic model describes cell membrane as a phospholipid bilayer with polar hydrophilic heads outside and nonpolar hydrophobic tails inside, with embedded proteins.",definition,Exam Revision: Mitochondria are double membrane bound organelles responsible for ATP synthesis. (Important for final exam),MISSING,0.0,False,NCERT Textbooks,"NCERT Class 11 Biology, Chapter 8, Section 8.5.1"
REC-MAT-00762,Mathematics,Class 12,Integrals,Integration by Parts,Integration by parts formula is int(u * dv) = u * v - int(v * du) with ILATE rule for selecting first function u.,formula,"- Integration by parts formula: int(u dv) = u*v - int(v du). ILATE rule determines priority for u: Inverse trig, Logarithmic, Algebraic, Trigonometric, Exponential.",FULLY_COVERED,1.0,False,NCERT Textbooks,"NCERT Class 12 Mathematics Part 2, Chapter 7, Section 7.5"
REC-PHY-00162,Physics,Class 12,Electric Charges and Fields,Field Inside a Thin Spherical Shell,Electric field inside a uniformly charged thin spherical shell (r < R) is strictly zero (E = 0) because enclosed charge is zero.,core_concept,- Spherical shell has surface charge density sigma.,PARTIALLY_COVERED,0.5,True,NCERT Textbooks,"NCERT Class 12 Physics Part 1, Chapter 1, Section 1.15.3"
REC-PHY-00105,Physics,Class 12,Electric Charges and Fields,Field Due to Infinitely Long Straight Wire,Derivation of electric field due to infinitely long wire using Gauss's Law yielding E = lambda / (2 * pi * epsilon_0 * r).,derivation,Electric field of long line charge is E = lambda / (2 * pi * e0 * r).,PARTIALLY_COVERED,0.5,True,NCERT Textbooks,"NCERT Class 12 Physics Part 1, Chapter 1, Section 1.15"
REC-BIO-00530,Biology,Class 11,Cell: The Unit of Life,Fluid Mosaic Model of Cell Membrane,"Fluid mosaic model describes cell membrane as a phospholipid bilayer with polar hydrophilic heads outside and nonpolar hydrophobic tails inside, with embedded proteins.",definition,"- Membrane structure: lipid bilayer with hydrophilic heads outside, hydrophobic tails inside.",FULLY_COVERED,1.0,False,NCERT Textbooks,"NCERT Class 11 Biology, Chapter 8, Section 8.5.1"
REC-CHE-00438,Chemistry,Class 12,Haloalkanes and Haloarenes,SN1 vs SN2 Nucleophilic Substitution Mechanism,"SN1 mechanism involves carbocation intermediate with inversion/racemization, while SN2 involves concerted single-step transition state with complete inversion.",process,Exam Revision: SN2 mechanism: bimolecular nucleophilic substitution with Walden inversion. (Important for final exam),FULLY_COVERED,1.0,False,NCERT Textbooks,"NCERT Class 12 Chemistry Part 2, Chapter 10, Section 10.7"
REC-CHE-00283,Chemistry,Class 12,Chemical Kinetics,Arrhenius Equation,Arrhenius equation k = A * exp(-Ea / (R * T)) describes temperature dependence of reaction rate constant k.,formula,Note: Arrhenius equation k = A * e^(-Ea/RT) relates rate constant k to activation energy Ea and absolute temperature T. [Ref: NCERT Chapter notes],FULLY_COVERED,1.0,False,NCERT Textbooks,"NCERT Class 12 Chemistry Part 1, Chapter 4, Section 4.5"
REC-CHE-00395,Chemistry,Class 11,Equilibrium,Le Chatelier's Principle,"Le Chatelier's principle states that if a dynamic equilibrium is disturbed by changing concentration, pressure, or temperature, the system shifts to counteract the disturbance.",core_concept,Note: Equilibrium constant Kc depends only on temperature.,PARTIALLY_COVERED,0.5,True,NCERT Textbooks,"NCERT Class 11 Chemistry Part 1, Chapter 7, Section 7.8"
REC-MAT-00807,Mathematics,Class 12,Integrals,Integration by Parts,Integration by parts formula is int(u * dv) = u * v - int(v * du) with ILATE rule for selecting first function u.,formula,Derivative of sin(x) = cos(x) and integral of cos(x) = sin(x) + C.,MISSING,0.0,False,NCERT Textbooks,"NCERT Class 12 Mathematics Part 2, Chapter 7, Section 7.5"
REC-PHY-00246,Physics,Class 12,Ray Optics and Optical Instruments,Lens Maker's Formula,"Lens maker's formula 1/f = (n - 1) * (1/R1 - 1/R2) relates focal length f of a thin lens to refractive index n and radii of curvature R1, R2.",formula,Exam Revision: 1/f = (n - 1) (1/R1 - 1/R2) for thin spherical lens in air. (Important for final exam),FULLY_COVERED,1.0,False,NCERT Textbooks,"NCERT Class 12 Physics Part 2, Chapter 9, Section 9.5"
REC-PHY-00069,Physics,Class 12,Electrostatic Potential and Capacitance,Energy Stored in a Capacitor,Electrostatic potential energy stored in a charged capacitor is U = (1/2) * C * V^2 = Q^2 / (2C).,formula,A charged capacitor stores electrostatic potential energy in its electrc field. (refer to diagram for full details),PARTIALLY_COVERED,0.5,True,NCERT Textbooks,"NCERT Class 12 Physics Part 1, Chapter 2, Section 2.10"
REC-CHE-00470,Chemistry,Class 12,Haloalkanes and Haloarenes,SN1 vs SN2 Nucleophilic Substitution Mechanism,"SN1 mechanism involves carbocation intermediate with inversion/racemization, while SN2 involves concerted single-step transition state with complete inversion.",process,Exam Revision: Grignard reagents react with carbonyl compounds to form alcohols. (Important for final exam),MISSING,0.0,False,NCERT Textbooks,"NCERT Class 12 Chemistry Part 2, Chapter 10, Section 10.7"
REC-GEO-01153,Geography,Class 11,Natural Hazards and Disasters,Causes of Disasters and Mitigation Strategies,"Natural disasters (earthquakes, landslides, GLOF, floods) require proactive mitigation strategies including hazard risk mapping, early warning systems, slope stabilization, and afforestation.",process,Disaster mitigation involves preparing for natural hazards like earthquakes and floods.,PARTIALLY_COVERED,0.5,True,NCERT Textbooks,"NCERT Class 11 Geography, Chapter 7 (Disasters), Section 7.4"
REC-CHE-00481,Chemistry,Class 11,States of Matter,Ideal Gas Equation,"Ideal gas equation P * V = n * R * T combines Boyle's law, Charles's law, and Avogadro's law for ideal gas behavior.",formula,P * V = n * R * T combines gas laws into single state equation.,FULLY_COVERED,1.0,False,NCERT Textbooks,"NCERT Class 11 Chemistry Part 1, Chapter 5, Section 5.5"
REC-BIO-00702,Biology,Class 12,Principles of Inheritance and Variation,Mendel's Law of Segregation,Mendel's Law of Segregation states that allele pairs separate during gamete formation so each gamete carries only one allele for each gene.,core_concept,Exam Revision: Law of independent assortment states genes for different traits segregate independently during gamete formation. (Important for final exam),MISSING,0.0,True,NCERT Textbooks,"NCERT Class 12 Biology, Chapter 5, Section 5.2.1"
REC-PHY-00249,Physics,Class 12,Ray Optics and Optical Instruments,Lens Maker's Formula,"Lens maker's formula 1/f = (n - 1) * (1/R1 - 1/R2) relates focal length f of a thin lens to refractive index n and radii of curvature R1, R2.",formula,Focal length f of a thin lens depends on refractive index and surface curvature.,PARTIALLY_COVERED,0.5,True,NCERT Textbooks,"NCERT Class 12 Physics Part 2, Chapter 9, Section 9.5"
REC-PHY-00025,Physics,Class 12,Electrostatic Potential and Capacitance,Parallel Plate Capacitor,Capacitance of a parallel plate capacitor in vacuum is C = (epsilon_0 * A) / d where A is plate area and d is separation.,formula,Capacitance is the ratio of charge Q to potential difference V.,PARTIALLY_COVERED,0.5,True,NCERT Textbooks,"NCERT Class 12 Physics Part 1, Chapter 2, Section 2.8"
REC-BIO-00607,Biology,Class 11,Photosynthesis in Higher Plants,Light Reaction and Photophosphorylation,"Non-cyclic photophosphorylation (Z-scheme) involves Photosystems II and I, water splitting (photolysis), ATP synthesis, and NADPH formation.",process,Calvin cycle (dark reaction) fixes CO2 into glucose using RuB=CO enzyme in C3 plants.,MISSING,0.0,True,NCERT Textbooks,"NCERT Class 11 Biology, Chapter 13, Section 13.6"
REC-BIO-00562,Biology,Class 11,Cell: The Unit of Life,Fluid Mosaic Model of Cell Membrane,"Fluid mosaic model describes cell membrane as a phospholipid bilayer with polar hydrophilic heads outside and nonpolar hydrophobic tails inside, with embedded proteins.",definition,- Mitochondria are double membrane bound organelles responsible for ATP synthesis.,MISSING,0.0,False,NCERT Textbooks,"NCERT Class 11 Biology, Chapter 8, Section 8.5.1"
REC-PHY-00253,Physics,Class 12,Ray Optics and Optical Instruments,Lens Maker's Formula,"Lens maker's formula 1/f = (n - 1) * (1/R1 - 1/R2) relates focal length f of a thin lens to refractive index n and radii of curvature R1, R2.",formula,Focal length f of a thin lens depends on refractive index and surface curvature. (refer to diagram for full details),PARTIALLY_COVERED,0.5,True,NCERT Textbooks,"NCERT Class 12 Physics Part 2, Chapter 9, Section 9.5"
REC-PHY-00211,Physics,Class 12,Electromagnetic Induction,Faraday's Law of Induction,Induced electromotive force emf = - d(phi_B) / dt is proportional to negative rate of change of magnetic flux.,formula,Note: Magnetic flux phi_B = B * A * cos(theta).,PARTIALLY_COVERED,0.5,True,NCERT Textbooks,"NCERT Class 12 Physics Part 1, Chapter 6, Section 6.3"
REC-GEO-01080,Geography,Class 11,Fundamentals of Physical Geography,Locating Tectonic Plates on World Map,"Locating and mapping major tectonic plates (Pacific, Eurasian, African, Indo-Australian, North American, South American, Antarctic) on a world map.",process,Key Point: Earthquakes occur along fault lines and volcanic arcs. [Summary],MISSING,0.0,True,NCERT Textbooks,"NCERT Class 11 Geography, Chapter 4, Section 4.4.1"
REC-GEO-00993,Geography,Class 11,Fundamentals of Physical Geography,Theory of Plate Tectonics,"Theory of plate tectonics explains large-scale movement of Earth's lithospheric plates over convective asthenosphere forming divergent, convergent, and transform boundaries.",core_concept,"Earth's rigid outer lithosphere is broken into major and minor tectonic plates moving over warm convective asthenosphere. Plate interactions form divergent, convergent, and transform boundaries.",FULLY_COVERED,1.0,False,NCERT Textbooks,"NCERT Class 11 Geography, Chapter 4, Section 4.4"
REC-GEO-01166,Geography,Class 11,Natural Hazards and Disasters,Causes of Disasters and Mitigation Strategies,"Natural disasters (earthquakes, landslides, GLOF, floods) require proactive mitigation strategies including hazard risk mapping, early warning systems, slope stabilization, and afforestation.",process,Exam Revision: Landslides and earthquakes cause severe loss of life and property. (Important for final exam),PARTIALLY_COVERED,0.5,True,NCERT Textbooks,"NCERT Class 11 Geography, Chapter 7 (Disasters), Section 7.4"
REC-BIO-00736,Biology,Class 11,Biomolecules,Enzyme Action and Mechanism,Enzymes lower activation energy barrier to accelerate biochemical reactions via active site substrate binding (lock and key / induced fit).,process,Key Point: Enzymes accelerate reaction velocity at optimum temperature and pH. [Summary],PARTIALLY_COVERED,0.5,True,NCERT Textbooks,"NCERT Class 11 Biology, Chapter 9, Section 9.8"
REC-MAT-00856,Mathematics,Class 12,Matrices and Determinants,Inverse of a Matrix,Inverse of a square matrix A exists if det(A) != 0 (non-singular) and is calculated by A^(-1) = (1 / det(A)) * adj(A).,formula,Key Point: System of linear equations can be solved using Cramer's rule. [Summary],MISSING,0.0,False,NCERT Textbooks,"NCERT Class 12 Mathematics Part 1, Chapter 4, Section 4.5"
REC-CHE-00410,Chemistry,Class 11,Equilibrium,Le Chatelier's Principle,"Le Chatelier's principle states that if a dynamic equilibrium is disturbed by changing concentration, pressure, or temperature, the system shifts to counteract the disturbance.",core_concept,- Catalysts increase both forward and reverse reaction rates equally without changing Kc.,MISSING,0.0,True,NCERT Textbooks,"NCERT Class 11 Chemistry Part 1, Chapter 7, Section 7.8"
REC-PHY-00257,Physics,Class 12,Ray Optics and Optical Instruments,Lens Maker's Formula,"Lens maker's formula 1/f = (n - 1) * (1/R1 - 1/R2) relates focal length f of a thin lens to refractive index n and radii of curvature R1, R2.",formula,Lens formula 1/v - 1/u = 1/f relates object and image distances.,PARTIALLY_COVERED,0.5,True,NCERT Textbooks,"NCERT Class 12 Physics Part 2, Chapter 9, Section 9.5"
REC-BIO-00590,Biology,Class 11,Photosynthesis in Higher Plants,Light Reaction and Photophosphorylation,"Non-cyclic photophosphorylation (Z-scheme) involves Photosystems II and I, water splitting (photolysis), ATP synthesis, and NADPH formation.",process,Exam Revision: Light reaction converts solar energy into chemical energy ATP. (Important for final exam),PARTIALLY_COVERED,0.5,True,NCERT Textbooks,"NCERT Class 11 Biology, Chapter 13, Section 13.6"
REC-PHY-00023,Physics,Class 12,Electrostatic Potential and Capacitance,Parallel Plate Capacitor,Capacitance of a parallel plate capacitor in vacuum is C = (epsilon_0 * A) / d where A is plate area and d is separation.,formula,Capacitance depends on area A and plate d=tance d.,PARTIALLY_COVERED,0.5,True,NCERT Textbooks,"NCERT Class 12 Physics Part 1, Chapter 2, Section 2.8"
REC-CHE-00386,Chemistry,Class 11,Equilibrium,Le Chatelier's Principle,"Le Chatelier's principle states that if a dynamic equilibrium is disturbed by changing concentration, pressure, or temperature, the system shifts to counteract the disturbance.",core_concept,- System at equilibrium responds to stress by shifting left or right to re-establish equilibrium.,FULLY_COVERED,1.0,False,NCERT Textbooks,"NCERT Class 11 Chemistry Part 1, Chapter 7, Section 7.8"
REC-PHY-00102,Physics,Class 12,Electric Charges and Fields,Field Due to Infinitely Long Straight Wire,Derivation of electric field due to infinitely long wire using Gauss's Law yielding E = lambda / (2 * pi * epsilon_0 * r).,derivation,Exam Revision: Construct a cylindrical Gaussian surface of radius r and length L. Flux through end caps is 0. Curved flux = E(2*pi*r*L) = Q_enclosed/e0 = lambda*L/e0 => E = lambda / (2*pi*e0*r). (Important for final exam),FULLY_COVERED,1.0,False,NCERT Textbooks,"NCERT Class 12 Physics Part 1, Chapter 1, Section 1.15"
REC-MAT-00915,Mathematics,Class 12,Probability,Bayes' Theorem,Bayes' theorem calculates conditional probability P(Ai|B) = [P(Ai) * P(B|Ai)] / sum[P(Ak) * P(B|Ak)] for partition events Ai.,formula,Note: Bayes theorem calculates reverse conditional probability given prior probabilities.,PARTIALLY_COVERED,0.5,True,NCERT Textbooks,"NCERT Class 12 Mathematics Part 2, Chapter 13, Section 13.3"
REC-CHE-00488,Chemistry,Class 11,States of Matter,Ideal Gas Equation,"Ideal gas equation P * V = n * R * T combines Boyle's law, Charles's law, and Avogadro's law for ideal gas behavior.",formula,Key Point: P * V = n * R * T combines gas laws into single state equation. [Summary],FULLY_COVERED,1.0,False,NCERT Textbooks,"NCERT Class 11 Chemistry Part 1, Chapter 5, Section 5.5"
REC-BIO-00624,Biology,Class 12,Molecular Basis of Inheritance,DNA Double Helix Structure,"Watson and Crick DNA double helix model features antiparallel polynucleotide chains with complementary base pairing (A=T with 2 H-bonds, G=C with 3 H-bonds).",definition,"Key Point: DNA double helix consists of two antiparallel sugar-phosphate backbones. Adenine pairs with Thymine via 2 hydrogen bonds, Guanine pairs with Cytosine via 3 hydrogen bonds. [Summary]",FULLY_COVERED,1.0,False,NCERT Textbooks,"NCERT Class 12 Biology, Chapter 6, Section 6.1"
REC-PHY-00049,Physics,Class 12,Electrostatic Potential and Capacitance,Energy Stored in a Capacitor,Electrostatic potential energy stored in a charged capacitor is U = (1/2) * C * V^2 = Q^2 / (2C).,formula,The energy stored in a charged capacitor is U = 1/2 C V^2 or Q^2 / 2C.,FULLY_COVERED,1.0,False,NCERT Textbooks,"NCERT Class 12 Physics Part 1, Chapter 2, Section 2.10"
REC-GEO-01072,Geography,Class 11,Fundamentals of Physical Geography,Locating Tectonic Plates on World Map,"Locating and mapping major tectonic plates (Pacific, Eurasian, African, Indo-Australian, North American, South American, Antarctic) on a world map.",process,Key Point: Himalayas formed by collision of Indian and Eurasian plates. [Summary],PARTIALLY_COVERED,0.5,True,NCERT Textbooks,"NCERT Class 11 Geography, Chapter 4, Section 4.4.1"
REC-PHY-00006,Physics,Class 12,Electrostatic Potential and Capacitance,Parallel Plate Capacitor,Capacitance of a parallel plate capacitor in vacuum is C = (epsilon_0 * A) / d where A is plate area and d is separation.,formula,"Exam Revision: For two parallel conducting plates of area A separated by distance d in vacuum, capacitance is C = e0 * A / d. (Important for final exam)",FULLY_COVERED,1.0,False,NCERT Textbooks,"NCERT Class 12 Physics Part 1, Chapter 2, Section 2.8"
REC-CHE-00397,Chemistry,Class 11,Equilibrium,Le Chatelier's Principle,"Le Chatelier's principle states that if a dynamic equilibrium is disturbed by changing concentration, pressure, or temperature, the system shifts to counteract the disturbance.",core_concept,Equilibrium constant Kc depends only on temperature. (refer to diagram for full details),PARTIALLY_COVERED,0.5,True,NCERT Textbooks,"NCERT Class 11 Chemistry Part 1, Chapter 7, Section 7.8"
REC-BIO-00734,Biology,Class 11,Biomolecules,Enzyme Action and Mechanism,Enzymes lower activation energy barrier to accelerate biochemical reactions via active site substrate binding (lock and key / induced fit).,process,Exam Revision: Enzymes accelerate reaction velocity at optimum temperature and pH. (Important for final exam),PARTIALLY_COVERED,0.5,True,NCERT Textbooks,"NCERT Class 11 Biology, Chapter 9, Section 9.8"
REC-CHE-00498,Chemistry,Class 11,States of Matter,Ideal Gas Equation,"Ideal gas equation P * V = n * R * T combines Boyle's law, Charles's law, and Avogadro's law for ideal gas behavior.",formula,- Boyle's law states P is inversely proportional to V at constant T.,PARTIALLY_COVERED,0.5,True,NCERT Textbooks,"NCERT Class 11 Chemistry Part 1, Chapter 5, Section 5.5"
REC-CHE-00391,Chemistry,Class 11,Equilibrium,Le Chatelier's Principle,"Le Chatelier's principle states that if a dynamic equilibrium is disturbed by changing concentration, pressure, or temperature, the system shifts to counteract the disturbance.",core_concept,System at equilibrium responds to stress by shifting left or right to re-establ=h equilibrium.,FULLY_COVERED,1.0,False,NCERT Textbooks,"NCERT Class 11 Chemistry Part 1, Chapter 7, Section 7.8"
REC-CHE-00310,Chemistry,Class 12,Chemical Kinetics,Arrhenius Equation,Arrhenius equation k = A * exp(-Ea / (R * T)) describes temperature dependence of reaction rate constant k.,formula,Exam Revision: Activation energy Ea is the minimum energy required to form activated complex. (Important for final exam),PARTIALLY_COVERED,0.5,True,NCERT Textbooks,"NCERT Class 12 Chemistry Part 1, Chapter 4, Section 4.5"
REC-GEO-01110,Geography,Class 11,Landforms and their Evolution,Agents of Gradation and River Landforms,"Running water as a geomorphic agent creates erosional landforms (V-shaped valleys, waterfalls, gorges) in youthful stage and depositional landforms (deltas, alluvial fans, levees) in old stage.",process,Exam Revision: Running water is a primary agent of gradation shaping Earth's surface. (Important for final exam),PARTIALLY_COVERED,0.5,True,NCERT Textbooks,"NCERT Class 11 Geography, Chapter 7, Section 7.2"
REC-MAT-00776,Mathematics,Class 12,Integrals,Integration by Parts,Integration by parts formula is int(u * dv) = u * v - int(v * du) with ILATE rule for selecting first function u.,formula,Key Point: int(f(x)g'(x)dx) = f(x)g(x) - int(f'(x)g(x)dx) with ILATE function selection. [Summary],FULLY_COVERED,1.0,False,NCERT Textbooks,"NCERT Class 12 Mathematics Part 2, Chapter 7, Section 7.5"
REC-GEO-01057,Geography,Class 11,Fundamentals of Physical Geography,Locating Tectonic Plates on World Map,"Locating and mapping major tectonic plates (Pacific, Eurasian, African, Indo-Australian, North American, South American, Antarctic) on a world map.",process,Major tectonic plates are located across ocean basins and continents.,PARTIALLY_COVERED,0.5,True,NCERT Textbooks,"NCERT Class 11 Geography, Chapter 4, Section 4.4.1"
REC-CHE-00449,Chemistry,Class 12,Haloalkanes and Haloarenes,SN1 vs SN2 Nucleophilic Substitution Mechanism,"SN1 mechanism involves carbocation intermediate with inversion/racemization, while SN2 involves concerted single-step transition state with complete inversion.",process,Tertiary alkyl halides prefer SN1 due to carbocation stability.,PARTIALLY_COVERED,0.5,True,NCERT Textbooks,"NCERT Class 12 Chemistry Part 2, Chapter 10, Section 10.7"
REC-PHY-00088,Physics,Class 12,Electrostatic Potential and Capacitance,Energy Stored in a Capacitor,Electrostatic potential energy stored in a charged capacitor is U = (1/2) * C * V^2 = Q^2 / (2C).,formula,Key Point: Capacitors are used to store electric charge in electronic power supplies. [Summary],MISSING,0.0,True,NCERT Textbooks,"NCERT Class 12 Physics Part 1, Chapter 2, Section 2.10"
REC-GEO-01011,Geography,Class 11,Fundamentals of Physical Geography,Theory of Plate Tectonics,"Theory of plate tectonics explains large-scale movement of Earth's lithospheric plates over convective asthenosphere forming divergent, convergent, and transform boundaries.",core_concept,Note: Plate tectonics explains continental drift and mountain formation.,PARTIALLY_COVERED,0.5,True,NCERT Textbooks,"NCERT Class 11 Geography, Chapter 4, Section 4.4"
REC-MAT-00822,Mathematics,Class 12,Matrices and Determinants,Inverse of a Matrix,Inverse of a square matrix A exists if det(A) != 0 (non-singular) and is calculated by A^(-1) = (1 / det(A)) * adj(A).,formula,Exam Revision: Inverse A^-1 = adj(A) / |A| exists only if |A| != 0 (non-singular matrix). (Important for final exam),FULLY_COVERED,1.0,False,NCERT Textbooks,"NCERT Class 12 Mathematics Part 1, Chapter 4, Section 4.5"
REC-PHY-00002,Physics,Class 12,Electrostatic Potential and Capacitance,Parallel Plate Capacitor,Capacitance of a parallel plate capacitor in vacuum is C = (epsilon_0 * A) / d where A is plate area and d is separation.,formula,"- For two parallel conducting plates of area A separated by distance d in vacuum, capacitance is C = e0 * A / d.",FULLY_COVERED,1.0,False,NCERT Textbooks,"NCERT Class 12 Physics Part 1, Chapter 2, Section 2.8"
REC-PHY-00027,Physics,Class 12,Electrostatic Potential and Capacitance,Parallel Plate Capacitor,Capacitance of a parallel plate capacitor in vacuum is C = (epsilon_0 * A) / d where A is plate area and d is separation.,formula,Note: Capacitance is the ratio of charge Q to potential difference V.,PARTIALLY_COVERED,0.5,True,NCERT Textbooks,"NCERT Class 12 Physics Part 1, Chapter 2, Section 2.8"
REC-GEO-01027,Geography,Class 11,Fundamentals of Physical Geography,Theory of Plate Tectonics,"Theory of plate tectonics explains large-scale movement of Earth's lithospheric plates over convective asthenosphere forming divergent, convergent, and transform boundaries.",core_concept,Note: Plate tectonics was proposed by Alfred Wegener in 1912.,MISSING,0.0,True,NCERT Textbooks,"NCERT Class 11 Geography, Chapter 4, Section 4.4"
REC-BIO-00586,Biology,Class 11,Photosynthesis in Higher Plants,Light Reaction and Photophosphorylation,"Non-cyclic photophosphorylation (Z-scheme) involves Photosystems II and I, water splitting (photolysis), ATP synthesis, and NADPH formation.",process,- Light reaction converts solar energy into chemical energy ATP.,PARTIALLY_COVERED,0.5,True,NCERT Textbooks,"NCERT Class 11 Biology, Chapter 13, Section 13.6"
REC-MAT-00926,Mathematics,Class 12,Probability,Bayes' Theorem,Bayes' theorem calculates conditional probability P(Ai|B) = [P(Ai) * P(B|Ai)] / sum[P(Ak) * P(B|Ak)] for partition events Ai.,formula,Exam Revision: Conditional probability P(A|B) = P(A intersection B) / P(B) where P(B) != 0. (Important for final exam),PARTIALLY_COVERED,0.5,True,NCERT Textbooks,"NCERT Class 12 Mathematics Part 2, Chapter 13, Section 13.3"
REC-BIO-00694,Biology,Class 12,Principles of Inheritance and Variation,Mendel's Law of Segregation,Mendel's Law of Segregation states that allele pairs separate during gamete formation so each gamete carries only one allele for each gene.,core_concept,Exam Revision: Dominant alleles express in heterozygous conditions while recessive alleles require homozygous condition. (Important for final exam),PARTIALLY_COVERED,0.5,True,NCERT Textbooks,"NCERT Class 12 Biology, Chapter 5, Section 5.2.1"
REC-PHY-00062,Physics,Class 12,Electrostatic Potential and Capacitance,Energy Stored in a Capacitor,Electrostatic potential energy stored in a charged capacitor is U = (1/2) * C * V^2 = Q^2 / (2C).,formula,Exam Revision: Stored energy U = 0.5 * C * V^2. (Important for final exam),FULLY_COVERED,1.0,False,NCERT Textbooks,"NCERT Class 12 Physics Part 1, Chapter 2, Section 2.10"
REC-PHY-00032,Physics,Class 12,Electrostatic Potential and Capacitance,Parallel Plate Capacitor,Capacitance of a parallel plate capacitor in vacuum is C = (epsilon_0 * A) / d where A is plate area and d is separation.,formula,Key Point: Capacitance is the ratio of charge Q to potential difference V. [Summary],PARTIALLY_COVERED,0.5,True,NCERT Textbooks,"NCERT Class 12 Physics Part 1, Chapter 2, Section 2.8"
REC-MAT-00801,Mathematics,Class 12,Integrals,Integration by Parts,Integration by parts formula is int(u * dv) = u * v - int(v * du) with ILATE rule for selecting first function u.,formula,Derivative of sin(x) is cos(x) and integral of cos(x) is sin(x) + C.,MISSING,0.0,False,NCERT Textbooks,"NCERT Class 12 Mathematics Part 2, Chapter 7, Section 7.5"
REC-MAT-00985,Mathematics,Class 10,Quadratic Equations,Quadratic Formula and Discriminant,Quadratic formula x = [-b +- sqrt(b^2 - 4ac)] / (2a) solves ax^2 + bx + c = 0 with discriminant D = b^2 - 4ac determining root nature.,formula,Arithmetic progression nth term is a_n = a + (n-1)d.,MISSING,0.0,False,NCERT Textbooks,"NCERT Class 10 Mathematics, Chapter 4, Section 4.4"
REC-BIO-00639,Biology,Class 12,Molecular Basis of Inheritance,DNA Double Helix Structure,"Watson and Crick DNA double helix model features antiparallel polynucleotide chains with complementary base pairing (A=T with 2 H-bonds, G=C with 3 H-bonds).",definition,"DNA cons=ts of nitrogenous bases adenine, guanine, cytosine, and thymine.",PARTIALLY_COVERED,0.5,True,NCERT Textbooks,"NCERT Class 12 Biology, Chapter 6, Section 6.1"
REC-MAT-00939,Mathematics,Class 12,Probability,Bayes' Theorem,Bayes' theorem calculates conditional probability P(Ai|B) = [P(Ai) * P(B|Ai)] / sum[P(Ak) * P(B|Ak)] for partition events Ai.,formula,Note: Binomial distribution mean is n*p and variance is n*p*q.,MISSING,0.0,False,NCERT Textbooks,"NCERT Class 12 Mathematics Part 2, Chapter 13, Section 13.3"
REC-BIO-00727,Biology,Class 11,Biomolecules,Enzyme Action and Mechanism,Enzymes lower activation energy barrier to accelerate biochemical reactions via active site substrate binding (lock and key / induced fit).,process,"Enzyme mechan=m: substrate binds active site forming ES intermediate, lowering reaction activation energy.",FULLY_COVERED,1.0,False,NCERT Textbooks,"NCERT Class 11 Biology, Chapter 9, Section 9.8"
REC-CHE-00357,Chemistry,Class 12,Electrochemistry,Nernst Equation,Nernst equation for electrode potential E = E_0 - (RT / nF) * ln(Q) where Q is reaction quotient.,formula,Standard cell potential E0_cell = E0_cathode - E0_anode. (refer to diagram for full details),PARTIALLY_COVERED,0.5,True,NCERT Textbooks,"NCERT Class 12 Chemistry Part 1, Chapter 3, Section 3.3"
REC-BIO-00730,Biology,Class 11,Biomolecules,Enzyme Action and Mechanism,Enzymes lower activation energy barrier to accelerate biochemical reactions via active site substrate binding (lock and key / induced fit).,process,- Enzymes accelerate reaction velocity at optimum temperature and pH.,PARTIALLY_COVERED,0.5,True,NCERT Textbooks,"NCERT Class 11 Biology, Chapter 9, Section 9.8"
REC-BIO-00601,Biology,Class 11,Photosynthesis in Higher Plants,Light Reaction and Photophosphorylation,"Non-cyclic photophosphorylation (Z-scheme) involves Photosystems II and I, water splitting (photolysis), ATP synthesis, and NADPH formation.",process,Calvin cycle (dark reaction) fixes CO2 into glucose using RuBisCO enzyme in C3 plants.,MISSING,0.0,True,NCERT Textbooks,"NCERT Class 11 Biology, Chapter 13, Section 13.6"
REC-CHE-00446,Chemistry,Class 12,Haloalkanes and Haloarenes,SN1 vs SN2 Nucleophilic Substitution Mechanism,"SN1 mechanism involves carbocation intermediate with inversion/racemization, while SN2 involves concerted single-step transition state with complete inversion.",process,Exam Revision: Nucleophilic substitution replaces halogen atom with nucleophile like OH-. (Important for final exam),PARTIALLY_COVERED,0.5,True,NCERT Textbooks,"NCERT Class 12 Chemistry Part 2, Chapter 10, Section 10.7"
REC-CHE-00483,Chemistry,Class 11,States of Matter,Ideal Gas Equation,"Ideal gas equation P * V = n * R * T combines Boyle's law, Charles's law, and Avogadro's law for ideal gas behavior.",formula,Note: P * V = n * R * T combines gas laws into single state equation. [Ref: NCERT Chapter notes],FULLY_COVERED,1.0,False,NCERT Textbooks,"NCERT Class 11 Chemistry Part 1, Chapter 5, Section 5.5"
REC-GEO-01162,Geography,Class 11,Natural Hazards and Disasters,Causes of Disasters and Mitigation Strategies,"Natural disasters (earthquakes, landslides, GLOF, floods) require proactive mitigation strategies including hazard risk mapping, early warning systems, slope stabilization, and afforestation.",process,- Landslides and earthquakes cause severe loss of life and property.,PARTIALLY_COVERED,0.5,True,NCERT Textbooks,"NCERT Class 11 Geography, Chapter 7 (Disasters), Section 7.4"
REC-GEO-01094,Geography,Class 11,Landforms and their Evolution,Agents of Gradation and River Landforms,"Running water as a geomorphic agent creates erosional landforms (V-shaped valleys, waterfalls, gorges) in youthful stage and depositional landforms (deltas, alluvial fans, levees) in old stage.",process,"Exam Revision: Rivers erode V-shaped valleys, canyons, and waterfalls in steep upper courses, and deposit alluvial fans, meanders, and deltas in lower plains. (Important for final exam)",FULLY_COVERED,1.0,False,NCERT Textbooks,"NCERT Class 11 Geography, Chapter 7, Section 7.2"
REC-GEO-01158,Geography,Class 11,Natural Hazards and Disasters,Causes of Disasters and Mitigation Strategies,"Natural disasters (earthquakes, landslides, GLOF, floods) require proactive mitigation strategies including hazard risk mapping, early warning systems, slope stabilization, and afforestation.",process,Exam Revision: Disaster mitigation involves preparing for natural hazards like earthquakes and floods. (Important for final exam),PARTIALLY_COVERED,0.5,True,NCERT Textbooks,"NCERT Class 11 Geography, Chapter 7 (Disasters), Section 7.4"
REC-PHY-00145,Physics,Class 12,Electric Charges and Fields,Field Inside a Thin Spherical Shell,Electric field inside a uniformly charged thin spherical shell (r < R) is strictly zero (E = 0) because enclosed charge is zero.,core_concept,Electric field inside a thin spherical shell is zero (E = 0 for r < R).,FULLY_COVERED,1.0,False,NCERT Textbooks,"NCERT Class 12 Physics Part 1, Chapter 1, Section 1.15.3"
REC-MAT-00777,Mathematics,Class 12,Integrals,Integration by Parts,Integration by parts formula is int(u * dv) = u * v - int(v * du) with ILATE rule for selecting first function u.,formula,Integration by parts is used to integrate product of two functions.,PARTIALLY_COVERED,0.5,True,NCERT Textbooks,"NCERT Class 12 Mathematics Part 2, Chapter 7, Section 7.5"
REC-PHY-00193,Physics,Class 12,Electromagnetic Induction,Faraday's Law of Induction,Induced electromotive force emf = - d(phi_B) / dt is proportional to negative rate of change of magnetic flux.,formula,Induced voltage = - dPhi / dt.,FULLY_COVERED,1.0,False,NCERT Textbooks,"NCERT Class 12 Physics Part 1, Chapter 6, Section 6.3"
REC-CHE-00385,Chemistry,Class 11,Equilibrium,Le Chatelier's Principle,"Le Chatelier's principle states that if a dynamic equilibrium is disturbed by changing concentration, pressure, or temperature, the system shifts to counteract the disturbance.",core_concept,System at equilibrium responds to stress by shifting left or right to re-establish equilibrium.,FULLY_COVERED,1.0,False,NCERT Textbooks,"NCERT Class 11 Chemistry Part 1, Chapter 7, Section 7.8"
REC-GEO-01168,Geography,Class 11,Natural Hazards and Disasters,Causes of Disasters and Mitigation Strategies,"Natural disasters (earthquakes, landslides, GLOF, floods) require proactive mitigation strategies including hazard risk mapping, early warning systems, slope stabilization, and afforestation.",process,Key Point: Landslides and earthquakes cause severe loss of life and property. [Summary],PARTIALLY_COVERED,0.5,True,NCERT Textbooks,"NCERT Class 11 Geography, Chapter 7 (Disasters), Section 7.4"
REC-PHY-00147,Physics,Class 12,Electric Charges and Fields,Field Inside a Thin Spherical Shell,Electric field inside a uniformly charged thin spherical shell (r < R) is strictly zero (E = 0) because enclosed charge is zero.,core_concept,Note: Electric field inside a thin spherical shell is zero (E = 0 for r < R). [Ref: NCERT Chapter notes],FULLY_COVERED,1.0,False,NCERT Textbooks,"NCERT Class 12 Physics Part 1, Chapter 1, Section 1.15.3"
REC-PHY-00159,Physics,Class 12,Electric Charges and Fields,Field Inside a Thin Spherical Shell,Electric field inside a uniformly charged thin spherical shell (r < R) is strictly zero (E = 0) because enclosed charge is zero.,core_concept,A thin spherical shell carries total charge Q d=tributed on surface.,PARTIALLY_COVERED,0.5,True,NCERT Textbooks,"NCERT Class 12 Physics Part 1, Chapter 1, Section 1.15.3"
REC-GEO-01154,Geography,Class 11,Natural Hazards and Disasters,Causes of Disasters and Mitigation Strategies,"Natural disasters (earthquakes, landslides, GLOF, floods) require proactive mitigation strategies including hazard risk mapping, early warning systems, slope stabilization, and afforestation.",process,- Disaster mitigation involves preparing for natural hazards like earthquakes and floods.,PARTIALLY_COVERED,0.5,True,NCERT Textbooks,"NCERT Class 11 Geography, Chapter 7 (Disasters), Section 7.4"
REC-PHY-00184,Physics,Class 12,Electric Charges and Fields,Field Inside a Thin Spherical Shell,Electric field inside a uniformly charged thin spherical shell (r < R) is strictly zero (E = 0) because enclosed charge is zero.,core_concept,Key Point: Gravitational potential at Earth center is negative. [Summary],MISSING,0.0,False,NCERT Textbooks,"NCERT Class 12 Physics Part 1, Chapter 1, Section 1.15.3"
REC-PHY-00144,Physics,Class 12,Electric Charges and Fields,Field Inside a Thin Spherical Shell,Electric field inside a uniformly charged thin spherical shell (r < R) is strictly zero (E = 0) because enclosed charge is zero.,core_concept,"Key Point: Inside a thin charged shell (r < R), enclosed charge Q_enc = 0. By Gauss law E*(4*pi*r^2) = 0 => E = 0 everywhere inside. [Summary]",FULLY_COVERED,1.0,False,NCERT Textbooks,"NCERT Class 12 Physics Part 1, Chapter 1, Section 1.15.3"
REC-CHE-00424,Chemistry,Class 11,Equilibrium,Le Chatelier's Principle,"Le Chatelier's principle states that if a dynamic equilibrium is disturbed by changing concentration, pressure, or temperature, the system shifts to counteract the disturbance.",core_concept,Key Point: Buffer solutions maintain constant pH upon addition of small amounts of acid or base. [Summary],MISSING,0.0,False,NCERT Textbooks,"NCERT Class 11 Chemistry Part 1, Chapter 7, Section 7.8"
REC-PHY-00010,Physics,Class 12,Electrostatic Potential and Capacitance,Parallel Plate Capacitor,Capacitance of a parallel plate capacitor in vacuum is C = (epsilon_0 * A) / d where A is plate area and d is separation.,formula,- Parallel plate cap. formula: C = epsilon0 * A / d.,FULLY_COVERED,1.0,False,NCERT Textbooks,"NCERT Class 12 Physics Part 1, Chapter 2, Section 2.8"
REC-CHE-00427,Chemistry,Class 12,Haloalkanes and Haloarenes,SN1 vs SN2 Nucleophilic Substitution Mechanism,"SN1 mechanism involves carbocation intermediate with inversion/racemization, while SN2 involves concerted single-step transition state with complete inversion.",process,Note: SN1 proceeds via 2 steps with carbocation intermediate giving racemization. SN2 is 1 step concerted backside attack giving stereochemical inversion of configuration. [Ref: NCERT Chapter notes],FULLY_COVERED,1.0,False,NCERT Textbooks,"NCERT Class 12 Chemistry Part 2, Chapter 10, Section 10.7"
REC-MAT-00918,Mathematics,Class 12,Probability,Bayes' Theorem,Bayes' theorem calculates conditional probability P(Ai|B) = [P(Ai) * P(B|Ai)] / sum[P(Ak) * P(B|Ak)] for partition events Ai.,formula,Exam Revision: Bayes theorem calculates reverse conditional probability given prior probabilities. (Important for final exam),PARTIALLY_COVERED,0.5,True,NCERT Textbooks,"NCERT Class 12 Mathematics Part 2, Chapter 13, Section 13.3"
REC-MAT-00935,Mathematics,Class 12,Probability,Bayes' Theorem,Bayes' theorem calculates conditional probability P(Ai|B) = [P(Ai) * P(B|Ai)] / sum[P(Ak) * P(B|Ak)] for partition events Ai.,formula,Independent events sat=fy P(A and B) = P(A) * P(B).,MISSING,0.0,True,NCERT Textbooks,"NCERT Class 12 Mathematics Part 2, Chapter 13, Section 13.3"
REC-CHE-00402,Chemistry,Class 11,Equilibrium,Le Chatelier's Principle,"Le Chatelier's principle states that if a dynamic equilibrium is disturbed by changing concentration, pressure, or temperature, the system shifts to counteract the disturbance.",core_concept,- Exothermic reactions shift left when temperature is increased.,PARTIALLY_COVERED,0.5,True,NCERT Textbooks,"NCERT Class 11 Chemistry Part 1, Chapter 7, Section 7.8"
REC-BIO-00522,Biology,Class 11,Cell: The Unit of Life,Fluid Mosaic Model of Cell Membrane,"Fluid mosaic model describes cell membrane as a phospholipid bilayer with polar hydrophilic heads outside and nonpolar hydrophobic tails inside, with embedded proteins.",definition,"- Fluid mosaic model proposed by Singer and Nicolson: quasi-fluid phospholipid bilayer with polar hydrophilic heads facing outward and nonpolar hydrophobic fatty acid tails facing inward, integrated with transport proteins.",FULLY_COVERED,1.0,False,NCERT Textbooks,"NCERT Class 11 Biology, Chapter 8, Section 8.5.1"
REC-GEO-01089,Geography,Class 11,Landforms and their Evolution,Agents of Gradation and River Landforms,"Running water as a geomorphic agent creates erosional landforms (V-shaped valleys, waterfalls, gorges) in youthful stage and depositional landforms (deltas, alluvial fans, levees) in old stage.",process,"Rivers erode V-shaped valleys, canyons, and waterfalls in steep upper courses, and deposit alluvial fans, meanders, and deltas in lower plains.",FULLY_COVERED,1.0,False,NCERT Textbooks,"NCERT Class 11 Geography, Chapter 7, Section 7.2"
REC-MAT-00771,Mathematics,Class 12,Integrals,Integration by Parts,Integration by parts formula is int(u * dv) = u * v - int(v * du) with ILATE rule for selecting first function u.,formula,Note: int(f(x)g'(x)dx) = f(x)g(x) - int(f'(x)g(x)dx) with ILATE function selection. [Ref: NCERT Chapter notes],FULLY_COVERED,1.0,False,NCERT Textbooks,"NCERT Class 12 Mathematics Part 2, Chapter 7, Section 7.5"
REC-CHE-00493,Chemistry,Class 11,States of Matter,Ideal Gas Equation,"Ideal gas equation P * V = n * R * T combines Boyle's law, Charles's law, and Avogadro's law for ideal gas behavior.",formula,"Ideal gas equation relates pressure P, volume V, and temperature T. (refer to diagram for full details)",PARTIALLY_COVERED,0.5,True,NCERT Textbooks,"NCERT Class 11 Chemistry Part 1, Chapter 5, Section 5.5"
REC-GEO-01138,Geography,Class 11,Natural Hazards and Disasters,Causes of Disasters and Mitigation Strategies,"Natural disasters (earthquakes, landslides, GLOF, floods) require proactive mitigation strategies including hazard risk mapping, early warning systems, slope stabilization, and afforestation.",process,"- Disaster mitigation strategies include hazard risk mapping, early warning sensor networks, earthquake resistant building codes, slope bio-engineering, and afforestation.",FULLY_COVERED,1.0,False,NCERT Textbooks,"NCERT Class 11 Geography, Chapter 7 (Disasters), Section 7.4"
REC-BIO-00750,Biology,Class 11,Biomolecules,Enzyme Action and Mechanism,Enzymes lower activation energy barrier to accelerate biochemical reactions via active site substrate binding (lock and key / induced fit).,process,Exam Revision: Competitive inhibitors bind active site competing with substrate Vmax remains constant while Km increases. (Important for final exam),MISSING,0.0,True,NCERT Textbooks,"NCERT Class 11 Biology, Chapter 9, Section 9.8"
REC-BIO-00718,Biology,Class 11,Biomolecules,Enzyme Action and Mechanism,Enzymes lower activation energy barrier to accelerate biochemical reactions via active site substrate binding (lock and key / induced fit).,process,"Exam Revision: Enzymes act as biocatalysts by binding substrate at active site to form ES complex, lowering activation energy Ea without changing overall equilibrium. (Important for final exam)",FULLY_COVERED,1.0,False,NCERT Textbooks,"NCERT Class 11 Biology, Chapter 9, Section 9.8"
REC-MAT-00816,Mathematics,Class 12,Matrices and Determinants,Inverse of a Matrix,Inverse of a square matrix A exists if det(A) != 0 (non-singular) and is calculated by A^(-1) = (1 / det(A)) * adj(A).,formula,Key Point: Square matrix A has inverse A^-1 = (1 / det(A)) * adj(A) provided determinant det(A) != 0. [Summary],FULLY_COVERED,1.0,False,NCERT Textbooks,"NCERT Class 12 Mathematics Part 1, Chapter 4, Section 4.5"
REC-PHY-00099,Physics,Class 12,Electric Charges and Fields,Field Due to Infinitely Long Straight Wire,Derivation of electric field due to infinitely long wire using Gauss's Law yielding E = lambda / (2 * pi * epsilon_0 * r).,derivation,Note: Construct a cylindrical Gaussian surface of radius r and length L. Flux through end caps is 0. Curved flux = E(2*pi*r*L) = Q_enclosed/e0 = lambda*L/e0 => E = lambda / (2*pi*e0*r). [Ref: NCERT Chapter notes],FULLY_COVERED,1.0,False,NCERT Textbooks,"NCERT Class 12 Physics Part 1, Chapter 1, Section 1.15"
REC-PHY-00137,Physics,Class 12,Electric Charges and Fields,Field Inside a Thin Spherical Shell,Electric field inside a uniformly charged thin spherical shell (r < R) is strictly zero (E = 0) because enclosed charge is zero.,core_concept,"Inside a thin charged shell (r < R), enclosed charge Q_enc = 0. By Gauss law E*(4*pi*r^2) = 0 => E = 0 everywhere inside.",FULLY_COVERED,1.0,False,NCERT Textbooks,"NCERT Class 12 Physics Part 1, Chapter 1, Section 1.15.3"
REC-GEO-01226,Geography,Class 11,Atmosphere and Climate,Atmospheric Pressure Belts and Planetary Winds,"Global atmospheric circulation features Equatorial Low (Doldrums), Subtropical Highs (Horse Latitudes), Subpolar Lows, and Polar Highs driving Trade Winds, Westerlies, and Easterlies.",core_concept,- Ocean currents are continuous directional movements of seawater driven by wind and density.,MISSING,0.0,False,NCERT Textbooks,"NCERT Class 11 Geography, Chapter 10, Section 10.4"
REC-PHY-00011,Physics,Class 12,Electrostatic Potential and Capacitance,Parallel Plate Capacitor,Capacitance of a parallel plate capacitor in vacuum is C = (epsilon_0 * A) / d where A is plate area and d is separation.,formula,Note: Parallel plate cap. formula: C = epsilon0 * A / d. [Ref: NCERT Chapter notes],FULLY_COVERED,1.0,False,NCERT Textbooks,"NCERT Class 12 Physics Part 1, Chapter 2, Section 2.8"
REC-PHY-00098,Physics,Class 12,Electric Charges and Fields,Field Due to Infinitely Long Straight Wire,Derivation of electric field due to infinitely long wire using Gauss's Law yielding E = lambda / (2 * pi * epsilon_0 * r).,derivation,- Construct a cylindrical Gaussian surface of radius r and length L. Flux through end caps is 0. Curved flux = E(2*pi*r*L) = Q_enclosed/e0 = lambda*L/e0 => E = lambda / (2*pi*e0*r).,FULLY_COVERED,1.0,False,NCERT Textbooks,"NCERT Class 12 Physics Part 1, Chapter 1, Section 1.15"
REC-BIO-00758,Biology,Class 11,Biomolecules,Enzyme Action and Mechanism,Enzymes lower activation energy barrier to accelerate biochemical reactions via active site substrate binding (lock and key / induced fit).,process,Exam Revision: Cofactors like coenzymes and prosthetic groups increase catalytic activity. (Important for final exam),MISSING,0.0,False,NCERT Textbooks,"NCERT Class 11 Biology, Chapter 9, Section 9.8"
REC-BIO-00645,Biology,Class 12,Molecular Basis of Inheritance,DNA Double Helix Structure,"Watson and Crick DNA double helix model features antiparallel polynucleotide chains with complementary base pairing (A=T with 2 H-bonds, G=C with 3 H-bonds).",definition,Watson and Crick proposed double helical structure of DNA in 1953. (refer to diagram for full details),PARTIALLY_COVERED,0.5,True,NCERT Textbooks,"NCERT Class 12 Biology, Chapter 6, Section 6.1"
REC-CHE-00425,Chemistry,Class 12,Haloalkanes and Haloarenes,SN1 vs SN2 Nucleophilic Substitution Mechanism,"SN1 mechanism involves carbocation intermediate with inversion/racemization, while SN2 involves concerted single-step transition state with complete inversion.",process,SN1 proceeds via 2 steps with carbocation intermediate giving racemization. SN2 is 1 step concerted backside attack giving stereochemical inversion of configuration.,FULLY_COVERED,1.0,False,NCERT Textbooks,"NCERT Class 12 Chemistry Part 2, Chapter 10, Section 10.7"
REC-PHY-00179,Physics,Class 12,Electric Charges and Fields,Field Inside a Thin Spherical Shell,Electric field inside a uniformly charged thin spherical shell (r < R) is strictly zero (E = 0) because enclosed charge is zero.,core_concept,Note: Gravitational potential at Earth center is negative.,MISSING,0.0,False,NCERT Textbooks,"NCERT Class 12 Physics Part 1, Chapter 1, Section 1.15.3"
REC-GEO-01054,Geography,Class 11,Fundamentals of Physical Geography,Locating Tectonic Plates on World Map,"Locating and mapping major tectonic plates (Pacific, Eurasian, African, Indo-Australian, North American, South American, Antarctic) on a world map.",process,"Exam Revision: World map plate locations: Pacific, Eurasian, African, Indo-Australian, North/South American, Antarctic plates. (Important for final exam)",FULLY_COVERED,1.0,False,NCERT Textbooks,"NCERT Class 11 Geography, Chapter 4, Section 4.4.1"
REC-MAT-00806,Mathematics,Class 12,Integrals,Integration by Parts,Integration by parts formula is int(u * dv) = u * v - int(v * du) with ILATE rule for selecting first function u.,formula,Exam Revision: Derivative of sin(x) is cos(x) and integral of cos(x) is sin(x) + C. (Important for final exam),MISSING,0.0,False,NCERT Textbooks,"NCERT Class 12 Mathematics Part 2, Chapter 7, Section 7.5"
REC-CHE-00337,Chemistry,Class 12,Electrochemistry,Nernst Equation,Nernst equation for electrode potential E = E_0 - (RT / nF) * ln(Q) where Q is reaction quotient.,formula,Cell potential E = E0 - (RT/nF) ln Q.,FULLY_COVERED,1.0,False,NCERT Textbooks,"NCERT Class 12 Chemistry Part 1, Chapter 3, Section 3.3"
REC-MAT-00786,Mathematics,Class 12,Integrals,Integration by Parts,Integration by parts formula is int(u * dv) = u * v - int(v * du) with ILATE rule for selecting first function u.,formula,- Formula int(u dv) = u v - int(v du).,PARTIALLY_COVERED,0.5,True,NCERT Textbooks,"NCERT Class 12 Mathematics Part 2, Chapter 7, Section 7.5"
REC-CHE-00286,Chemistry,Class 12,Chemical Kinetics,Arrhenius Equation,Arrhenius equation k = A * exp(-Ea / (R * T)) describes temperature dependence of reaction rate constant k.,formula,Exam Revision: Arrhenius equation k = A * e^(-Ea/RT) relates rate constant k to activation energy Ea and absolute temperature T. (Important for final exam),FULLY_COVERED,1.0,False,NCERT Textbooks,"NCERT Class 12 Chemistry Part 1, Chapter 4, Section 4.5"
REC-CHE-00369,Chemistry,Class 12,Electrochemistry,Nernst Equation,Nernst equation for electrode potential E = E_0 - (RT / nF) * ln(Q) where Q is reaction quotient.,formula,Galvanic cells convert chemical energy into electrical energy.,MISSING,0.0,False,NCERT Textbooks,"NCERT Class 12 Chemistry Part 1, Chapter 3, Section 3.3"
REC-GEO-01069,Geography,Class 11,Fundamentals of Physical Geography,Locating Tectonic Plates on World Map,"Locating and mapping major tectonic plates (Pacific, Eurasian, African, Indo-Australian, North American, South American, Antarctic) on a world map.",process,Himalayas formed by collision of Indian and Eurasian plates. (refer to diagram for full details),PARTIALLY_COVERED,0.5,True,NCERT Textbooks,"NCERT Class 11 Geography, Chapter 4, Section 4.4.1"
REC-BIO-00739,Biology,Class 11,Biomolecules,Enzyme Action and Mechanism,Enzymes lower activation energy barrier to accelerate biochemical reactions via active site substrate binding (lock and key / induced fit).,process,Note: Active site of enzyme binds specific substrate molecules.,PARTIALLY_COVERED,0.5,True,NCERT Textbooks,"NCERT Class 11 Biology, Chapter 9, Section 9.8"
REC-GEO-01190,Geography,Class 11,Atmosphere and Climate,Atmospheric Pressure Belts and Planetary Winds,"Global atmospheric circulation features Equatorial Low (Doldrums), Subtropical Highs (Horse Latitudes), Subpolar Lows, and Polar Highs driving Trade Winds, Westerlies, and Easterlies.",core_concept,"Exam Revision: Atmospheric pressure belts: Equatorial low pressure (doldrums), Subtropical high pressure (30N/S horse latitudes), Subpolar low (60N/S), Polar high. Trade winds blow from Subtropical High towards Equatorial Low. (Important for final exam)",FULLY_COVERED,1.0,False,NCERT Textbooks,"NCERT Class 11 Geography, Chapter 10, Section 10.4"
REC-PHY-00110,Physics,Class 12,Electric Charges and Fields,Field Due to Infinitely Long Straight Wire,Derivation of electric field due to infinitely long wire using Gauss's Law yielding E = lambda / (2 * pi * epsilon_0 * r).,derivation,Exam Revision: Electric field of long line charge is E = lambda / (2 * pi * e0 * r). (Important for final exam),PARTIALLY_COVERED,0.5,True,NCERT Textbooks,"NCERT Class 12 Physics Part 1, Chapter 1, Section 1.15"
REC-PHY-00051,Physics,Class 12,Electrostatic Potential and Capacitance,Energy Stored in a Capacitor,Electrostatic potential energy stored in a charged capacitor is U = (1/2) * C * V^2 = Q^2 / (2C).,formula,Note: The energy stored in a charged capacitor is U = 1/2 C V^2 or Q^2 / 2C. [Ref: NCERT Chapter notes],FULLY_COVERED,1.0,False,NCERT Textbooks,"NCERT Class 12 Physics Part 1, Chapter 2, Section 2.10"
REC-GEO-01043,Geography,Class 11,Fundamentals of Physical Geography,Locating Tectonic Plates on World Map,"Locating and mapping major tectonic plates (Pacific, Eurasian, African, Indo-Australian, North American, South American, Antarctic) on a world map.",process,"Note: Mapping 7 major plates: Pacific plate surrounds Ring of Fire, Indo-Australian plate meets Eurasian plate at Himalayas, Mid-Atlantic Ridge lies between American and African plates. [Ref: NCERT Chapter notes]",FULLY_COVERED,1.0,False,NCERT Textbooks,"NCERT Class 11 Geography, Chapter 4, Section 4.4.1"
REC-PHY-00163,Physics,Class 12,Electric Charges and Fields,Field Inside a Thin Spherical Shell,Electric field inside a uniformly charged thin spherical shell (r < R) is strictly zero (E = 0) because enclosed charge is zero.,core_concept,Note: Spherical shell has surface charge density sigma.,PARTIALLY_COVERED,0.5,True,NCERT Textbooks,"NCERT Class 12 Physics Part 1, Chapter 1, Section 1.15.3"
REC-BIO-00570,Biology,Class 11,Photosynthesis in Higher Plants,Light Reaction and Photophosphorylation,"Non-cyclic photophosphorylation (Z-scheme) involves Photosystems II and I, water splitting (photolysis), ATP synthesis, and NADPH formation.",process,"- Light reactions occur in thylakoid membrane. PSII absorbs 680nm light, photolysis of water releases O2, electrons flow through Z-scheme to PSI generating ATP and NADPH.",FULLY_COVERED,1.0,False,NCERT Textbooks,"NCERT Class 11 Biology, Chapter 13, Section 13.6"
REC-CHE-00330,Chemistry,Class 12,Electrochemistry,Nernst Equation,Nernst equation for electrode potential E = E_0 - (RT / nF) * ln(Q) where Q is reaction quotient.,formula,- Nernst equation at 298K: E = E0 - (0.0591 / n) * log([Red]/[Ox]). Calculates cell EMF at non-standard concentrations.,FULLY_COVERED,1.0,False,NCERT Textbooks,"NCERT Class 12 Chemistry Part 1, Chapter 3, Section 3.3"
REC-GEO-01139,Geography,Class 11,Natural Hazards and Disasters,Causes of Disasters and Mitigation Strategies,"Natural disasters (earthquakes, landslides, GLOF, floods) require proactive mitigation strategies including hazard risk mapping, early warning systems, slope stabilization, and afforestation.",process,"Note: Disaster mitigation strategies include hazard risk mapping, early warning sensor networks, earthquake resistant building codes, slope bio-engineering, and afforestation. [Ref: NCERT Chapter notes]",FULLY_COVERED,1.0,False,NCERT Textbooks,"NCERT Class 11 Geography, Chapter 7 (Disasters), Section 7.4"
REC-MAT-00943,Mathematics,Class 12,Probability,Bayes' Theorem,Bayes' theorem calculates conditional probability P(Ai|B) = [P(Ai) * P(B|Ai)] / sum[P(Ak) * P(B|Ak)] for partition events Ai.,formula,Binomial d=tribution mean = n*p and variance = n*p*q.,MISSING,0.0,False,NCERT Textbooks,"NCERT Class 12 Mathematics Part 2, Chapter 13, Section 13.3"
REC-PHY-00258,Physics,Class 12,Ray Optics and Optical Instruments,Lens Maker's Formula,"Lens maker's formula 1/f = (n - 1) * (1/R1 - 1/R2) relates focal length f of a thin lens to refractive index n and radii of curvature R1, R2.",formula,- Lens formula 1/v - 1/u = 1/f relates object and image distances.,PARTIALLY_COVERED,0.5,True,NCERT Textbooks,"NCERT Class 12 Physics Part 2, Chapter 9, Section 9.5"
REC-PHY-00109,Physics,Class 12,Electric Charges and Fields,Field Due to Infinitely Long Straight Wire,Derivation of electric field due to infinitely long wire using Gauss's Law yielding E = lambda / (2 * pi * epsilon_0 * r).,derivation,Electric field of long line charge is E = lambda / (2 * pi * e0 * r). (refer to diagram for full details),PARTIALLY_COVERED,0.5,True,NCERT Textbooks,"NCERT Class 12 Physics Part 1, Chapter 1, Section 1.15"
REC-BIO-00721,Biology,Class 11,Biomolecules,Enzyme Action and Mechanism,Enzymes lower activation energy barrier to accelerate biochemical reactions via active site substrate binding (lock and key / induced fit).,process,"Enzyme mechanism: substrate binds active site forming ES intermediate, lowering reaction activation energy.",FULLY_COVERED,1.0,False,NCERT Textbooks,"NCERT Class 11 Biology, Chapter 9, Section 9.8"
REC-MAT-00904,Mathematics,Class 12,Probability,Bayes' Theorem,Bayes' theorem calculates conditional probability P(Ai|B) = [P(Ai) * P(B|Ai)] / sum[P(Ak) * P(B|Ak)] for partition events Ai.,formula,Key Point: Bayes theorem formula: P(E_i|A) = [P(E_i)*P(A|E_i)] / sum_{j=1}^n [P(E_j)*P(A|E_j)] for pairwise disjoint events E_i. [Summary],FULLY_COVERED,1.0,False,NCERT Textbooks,"NCERT Class 12 Mathematics Part 2, Chapter 13, Section 13.3"
REC-GEO-01174,Geography,Class 11,Natural Hazards and Disasters,Causes of Disasters and Mitigation Strategies,"Natural disasters (earthquakes, landslides, GLOF, floods) require proactive mitigation strategies including hazard risk mapping, early warning systems, slope stabilization, and afforestation.",process,Exam Revision: Earthquakes are measured on the Richter scale for magnitude and Mercalli scale for intensity. (Important for final exam),MISSING,0.0,True,NCERT Textbooks,"NCERT Class 11 Geography, Chapter 7 (Disasters), Section 7.4"
REC-GEO-01000,Geography,Class 11,Fundamentals of Physical Geography,Theory of Plate Tectonics,"Theory of plate tectonics explains large-scale movement of Earth's lithospheric plates over convective asthenosphere forming divergent, convergent, and transform boundaries.",core_concept,"Key Point: Earth's rigid outer lithosphere is broken into major and minor tectonic plates moving over warm convective asthenosphere. Plate interactions form divergent, convergent, and transform boundaries. [Summary]",FULLY_COVERED,1.0,False,NCERT Textbooks,"NCERT Class 11 Geography, Chapter 4, Section 4.4"
REC-BIO-00712,Biology,Class 12,Principles of Inheritance and Variation,Mendel's Law of Segregation,Mendel's Law of Segregation states that allele pairs separate during gamete formation so each gamete carries only one allele for each gene.,core_concept,Key Point: Sex determination in humans depends on XX female and XY male chromosome combinations. [Summary],MISSING,0.0,False,NCERT Textbooks,"NCERT Class 12 Biology, Chapter 5, Section 5.2.1"
REC-BIO-00673,Biology,Class 12,Principles of Inheritance and Variation,Mendel's Law of Segregation,Mendel's Law of Segregation states that allele pairs separate during gamete formation so each gamete carries only one allele for each gene.,core_concept,Alleles segregate during gamete formation with 1:2:1 monohybrid genotypic ratio.,FULLY_COVERED,1.0,False,NCERT Textbooks,"NCERT Class 12 Biology, Chapter 5, Section 5.2.1"
REC-GEO-01034,Geography,Class 11,Fundamentals of Physical Geography,Theory of Plate Tectonics,"Theory of plate tectonics explains large-scale movement of Earth's lithospheric plates over convective asthenosphere forming divergent, convergent, and transform boundaries.",core_concept,- Weathering breaks down surface rocks physically and chemically.,MISSING,0.0,False,NCERT Textbooks,"NCERT Class 11 Geography, Chapter 4, Section 4.4"
REC-PHY-00077,Physics,Class 12,Electrostatic Potential and Capacitance,Energy Stored in a Capacitor,Electrostatic potential energy stored in a charged capacitor is U = (1/2) * C * V^2 = Q^2 / (2C).,formula,Energy stored U depends on capcitance C. (refer to diagram for full details),PARTIALLY_COVERED,0.5,True,NCERT Textbooks,"NCERT Class 12 Physics Part 1, Chapter 2, Section 2.10"
REC-CHE-00442,Chemistry,Class 12,Haloalkanes and Haloarenes,SN1 vs SN2 Nucleophilic Substitution Mechanism,"SN1 mechanism involves carbocation intermediate with inversion/racemization, while SN2 involves concerted single-step transition state with complete inversion.",process,- Nucleophilic substitution replaces halogen atom with nucleophile like OH-.,PARTIALLY_COVERED,0.5,True,NCERT Textbooks,"NCERT Class 12 Chemistry Part 2, Chapter 10, Section 10.7"
REC-GEO-01201,Geography,Class 11,Atmosphere and Climate,Atmospheric Pressure Belts and Planetary Winds,"Global atmospheric circulation features Equatorial Low (Doldrums), Subtropical Highs (Horse Latitudes), Subpolar Lows, and Polar Highs driving Trade Winds, Westerlies, and Easterlies.",core_concept,Pressure belts shift north and south with apparent movement of the sun.,PARTIALLY_COVERED,0.5,True,NCERT Textbooks,"NCERT Class 11 Geography, Chapter 10, Section 10.4"
REC-MAT-00769,Mathematics,Class 12,Integrals,Integration by Parts,Integration by parts formula is int(u * dv) = u * v - int(v * du) with ILATE rule for selecting first function u.,formula,int(f(x)g'(x)dx) = f(x)g(x) - int(f'(x)g(x)dx) with ILATE function selection.,FULLY_COVERED,1.0,False,NCERT Textbooks,"NCERT Class 12 Mathematics Part 2, Chapter 7, Section 7.5"
REC-GEO-01106,Geography,Class 11,Landforms and their Evolution,Agents of Gradation and River Landforms,"Running water as a geomorphic agent creates erosional landforms (V-shaped valleys, waterfalls, gorges) in youthful stage and depositional landforms (deltas, alluvial fans, levees) in old stage.",process,- Running water is a primary agent of gradation shaping Earth's surface.,PARTIALLY_COVERED,0.5,True,NCERT Textbooks,"NCERT Class 11 Geography, Chapter 7, Section 7.2"
REC-CHE-00305,Chemistry,Class 12,Chemical Kinetics,Arrhenius Equation,Arrhenius equation k = A * exp(-Ea / (R * T)) describes temperature dependence of reaction rate constant k.,formula,Activation energy Ea is the minimum energy required to form activated complex.,PARTIALLY_COVERED,0.5,True,NCERT Textbooks,"NCERT Class 12 Chemistry Part 1, Chapter 4, Section 4.5"
REC-CHE-00418,Chemistry,Class 11,Equilibrium,Le Chatelier's Principle,"Le Chatelier's principle states that if a dynamic equilibrium is disturbed by changing concentration, pressure, or temperature, the system shifts to counteract the disturbance.",core_concept,- Buffer solutions maintain constant pH upon addition of small amounts of acid or base.,MISSING,0.0,False,NCERT Textbooks,"NCERT Class 11 Chemistry Part 1, Chapter 7, Section 7.8"
REC-GEO-01009,Geography,Class 11,Fundamentals of Physical Geography,Theory of Plate Tectonics,"Theory of plate tectonics explains large-scale movement of Earth's lithospheric plates over convective asthenosphere forming divergent, convergent, and transform boundaries.",core_concept,Plate tectonics explains continental drift and mountain formation.,PARTIALLY_COVERED,0.5,True,NCERT Textbooks,"NCERT Class 11 Geography, Chapter 4, Section 4.4"
REC-PHY-00213,Physics,Class 12,Electromagnetic Induction,Faraday's Law of Induction,Induced electromotive force emf = - d(phi_B) / dt is proportional to negative rate of change of magnetic flux.,formula,Magnetic flux phi_B = B * A * cos(theta). (refer to diagram for full details),PARTIALLY_COVERED,0.5,True,NCERT Textbooks,"NCERT Class 12 Physics Part 1, Chapter 6, Section 6.3"
REC-BIO-00688,Biology,Class 12,Principles of Inheritance and Variation,Mendel's Law of Segregation,Mendel's Law of Segregation states that allele pairs separate during gamete formation so each gamete carries only one allele for each gene.,core_concept,Key Point: Monohybrid cross produces a 3:1 phenotypic ratio in F2 generation. [Summary],PARTIALLY_COVERED,0.5,True,NCERT Textbooks,"NCERT Class 12 Biology, Chapter 5, Section 5.2.1"
REC-MAT-00787,Mathematics,Class 12,Integrals,Integration by Parts,Integration by parts formula is int(u * dv) = u * v - int(v * du) with ILATE rule for selecting first function u.,formula,Note: Formula int(u dv) = u v - int(v du).,PARTIALLY_COVERED,0.5,True,NCERT Textbooks,"NCERT Class 12 Mathematics Part 2, Chapter 7, Section 7.5"
REC-MAT-00929,Mathematics,Class 12,Probability,Bayes' Theorem,Bayes' theorem calculates conditional probability P(Ai|B) = [P(Ai) * P(B|Ai)] / sum[P(Ak) * P(B|Ak)] for partition events Ai.,formula,Independent events satisfy P(A and B) = P(A) * P(B).,MISSING,0.0,True,NCERT Textbooks,"NCERT Class 12 Mathematics Part 2, Chapter 13, Section 13.3"
REC-CHE-00403,Chemistry,Class 11,Equilibrium,Le Chatelier's Principle,"Le Chatelier's principle states that if a dynamic equilibrium is disturbed by changing concentration, pressure, or temperature, the system shifts to counteract the disturbance.",core_concept,Note: Exothermic reactions shift left when temperature is increased.,PARTIALLY_COVERED,0.5,True,NCERT Textbooks,"NCERT Class 11 Chemistry Part 1, Chapter 7, Section 7.8"
REC-BIO-00641,Biology,Class 12,Molecular Basis of Inheritance,DNA Double Helix Structure,"Watson and Crick DNA double helix model features antiparallel polynucleotide chains with complementary base pairing (A=T with 2 H-bonds, G=C with 3 H-bonds).",definition,Watson and Crick proposed double helical structure of DNA in 1953.,PARTIALLY_COVERED,0.5,True,NCERT Textbooks,"NCERT Class 12 Biology, Chapter 6, Section 6.1"
REC-MAT-00931,Mathematics,Class 12,Probability,Bayes' Theorem,Bayes' theorem calculates conditional probability P(Ai|B) = [P(Ai) * P(B|Ai)] / sum[P(Ak) * P(B|Ak)] for partition events Ai.,formula,Note: Independent events satisfy P(A and B) = P(A) * P(B).,MISSING,0.0,True,NCERT Textbooks,"NCERT Class 12 Mathematics Part 2, Chapter 13, Section 13.3"
REC-BIO-00552,Biology,Class 11,Cell: The Unit of Life,Fluid Mosaic Model of Cell Membrane,"Fluid mosaic model describes cell membrane as a phospholipid bilayer with polar hydrophilic heads outside and nonpolar hydrophobic tails inside, with embedded proteins.",definition,Key Point: Cell membrane regulates active and passive transport of molecules. [Summary],PARTIALLY_COVERED,0.5,True,NCERT Textbooks,"NCERT Class 11 Biology, Chapter 8, Section 8.5.1"
REC-PHY-00003,Physics,Class 12,Electrostatic Potential and Capacitance,Parallel Plate Capacitor,Capacitance of a parallel plate capacitor in vacuum is C = (epsilon_0 * A) / d where A is plate area and d is separation.,formula,"Note: For two parallel conducting plates of area A separated by distance d in vacuum, capacitance is C = e0 * A / d. [Ref: NCERT Chapter notes]",FULLY_COVERED,1.0,False,NCERT Textbooks,"NCERT Class 12 Physics Part 1, Chapter 2, Section 2.8"
REC-GEO-01083,Geography,Class 11,Fundamentals of Physical Geography,Locating Tectonic Plates on World Map,"Locating and mapping major tectonic plates (Pacific, Eurasian, African, Indo-Australian, North American, South American, Antarctic) on a world map.",process,Note: Tropical rainforests are located near the equator between 10N and 10S latitude.,MISSING,0.0,False,NCERT Textbooks,"NCERT Class 11 Geography, Chapter 4, Section 4.4.1"
REC-PHY-00226,Physics,Class 12,Electromagnetic Induction,Faraday's Law of Induction,Induced electromotive force emf = - d(phi_B) / dt is proportional to negative rate of change of magnetic flux.,formula,- Refraction occurs when light passes between optically dense media.,MISSING,0.0,False,NCERT Textbooks,"NCERT Class 12 Physics Part 1, Chapter 6, Section 6.3"
REC-MAT-00896,Mathematics,Class 11,Limits and Derivatives,First Principles Derivation,Derivative of function f(x) from first principles is f'(x) = lim_{h->0} [f(x+h) - f(x)] / h.,derivation,Key Point: L'Hopital's rule evaluates 0/0 indeterminate limits by differentiating numerator and denominator. [Summary],MISSING,0.0,False,NCERT Textbooks,"NCERT Class 11 Mathematics, Chapter 13, Section 13.5"
REC-GEO-01067,Geography,Class 11,Fundamentals of Physical Geography,Locating Tectonic Plates on World Map,"Locating and mapping major tectonic plates (Pacific, Eurasian, African, Indo-Australian, North American, South American, Antarctic) on a world map.",process,Note: Himalayas formed by collision of Indian and Eurasian plates.,PARTIALLY_COVERED,0.5,True,NCERT Textbooks,"NCERT Class 11 Geography, Chapter 4, Section 4.4.1"
REC-CHE-00299,Chemistry,Class 12,Chemical Kinetics,Arrhenius Equation,Arrhenius equation k = A * exp(-Ea / (R * T)) describes temperature dependence of reaction rate constant k.,formula,Note: Reaction rate constant k increases exponentially with absolute temperature T.,PARTIALLY_COVERED,0.5,True,NCERT Textbooks,"NCERT Class 12 Chemistry Part 1, Chapter 4, Section 4.5"
REC-BIO-00680,Biology,Class 12,Principles of Inheritance and Variation,Mendel's Law of Segregation,Mendel's Law of Segregation states that allele pairs separate during gamete formation so each gamete carries only one allele for each gene.,core_concept,Key Point: Alleles segregate during gamete formation with 1:2:1 monohybrid genotypic ratio. [Summary],FULLY_COVERED,1.0,False,NCERT Textbooks,"NCERT Class 12 Biology, Chapter 5, Section 5.2.1"
REC-MAT-00881,Mathematics,Class 11,Limits and Derivatives,First Principles Derivation,Derivative of function f(x) from first principles is f'(x) = lim_{h->0} [f(x+h) - f(x)] / h.,derivation,Product rule for derivatives: (u v)' = u' v + u v'.,MISSING,0.0,True,NCERT Textbooks,"NCERT Class 11 Mathematics, Chapter 13, Section 13.5"
REC-MAT-00867,Mathematics,Class 11,Limits and Derivatives,First Principles Derivation,Derivative of function f(x) from first principles is f'(x) = lim_{h->0} [f(x+h) - f(x)] / h.,derivation,Note: Definition of derivative: dy/dx = lim_{h->0} [f(x+h) - f(x)] / h. [Ref: NCERT Chapter notes],FULLY_COVERED,1.0,False,NCERT Textbooks,"NCERT Class 11 Mathematics, Chapter 13, Section 13.5"
REC-PHY-00230,Physics,Class 12,Electromagnetic Induction,Faraday's Law of Induction,Induced electromotive force emf = - d(phi_B) / dt is proportional to negative rate of change of magnetic flux.,formula,Exam Revision: Refraction occurs when light passes between optically dense media. (Important for final exam),MISSING,0.0,False,NCERT Textbooks,"NCERT Class 12 Physics Part 1, Chapter 6, Section 6.3"
REC-CHE-00334,Chemistry,Class 12,Electrochemistry,Nernst Equation,Nernst equation for electrode potential E = E_0 - (RT / nF) * ln(Q) where Q is reaction quotient.,formula,Exam Revision: Nernst equation at 298K: E = E0 - (0.0591 / n) * log([Red]/[Ox]). Calculates cell EMF at non-standard concentrations. (Important for final exam),FULLY_COVERED,1.0,False,NCERT Textbooks,"NCERT Class 12 Chemistry Part 1, Chapter 3, Section 3.3"
REC-GEO-01206,Geography,Class 11,Atmosphere and Climate,Atmospheric Pressure Belts and Planetary Winds,"Global atmospheric circulation features Equatorial Low (Doldrums), Subtropical Highs (Horse Latitudes), Subpolar Lows, and Polar Highs driving Trade Winds, Westerlies, and Easterlies.",core_concept,Exam Revision: Pressure belts shift north and south with apparent movement of the sun. (Important for final exam),PARTIALLY_COVERED,0.5,True,NCERT Textbooks,"NCERT Class 11 Geography, Chapter 10, Section 10.4"
REC-PHY-00019,Physics,Class 12,Electrostatic Potential and Capacitance,Parallel Plate Capacitor,Capacitance of a parallel plate capacitor in vacuum is C = (epsilon_0 * A) / d where A is plate area and d is separation.,formula,Note: Capacitance depends on area A and plate distance d.,PARTIALLY_COVERED,0.5,True,NCERT Textbooks,"NCERT Class 12 Physics Part 1, Chapter 2, Section 2.8"
REC-MAT-00766,Mathematics,Class 12,Integrals,Integration by Parts,Integration by parts formula is int(u * dv) = u * v - int(v * du) with ILATE rule for selecting first function u.,formula,"Exam Revision: Integration by parts formula: int(u dv) = u*v - int(v du). ILATE rule determines priority for u: Inverse trig, Logarithmic, Algebraic, Trigonometric, Exponential. (Important for final exam)",FULLY_COVERED,1.0,False,NCERT Textbooks,"NCERT Class 12 Mathematics Part 2, Chapter 7, Section 7.5"
REC-PHY-00067,Physics,Class 12,Electrostatic Potential and Capacitance,Energy Stored in a Capacitor,Electrostatic potential energy stored in a charged capacitor is U = (1/2) * C * V^2 = Q^2 / (2C).,formula,Note: A charged capacitor stores electrostatic potential energy in its electric field.,PARTIALLY_COVERED,0.5,True,NCERT Textbooks,"NCERT Class 12 Physics Part 1, Chapter 2, Section 2.10"
REC-MAT-00851,Mathematics,Class 12,Matrices and Determinants,Inverse of a Matrix,Inverse of a square matrix A exists if det(A) != 0 (non-singular) and is calculated by A^(-1) = (1 / det(A)) * adj(A).,formula,Note: System of linear equations can be solved using Cramer's rule.,MISSING,0.0,False,NCERT Textbooks,"NCERT Class 12 Mathematics Part 1, Chapter 4, Section 4.5"
REC-MAT-00781,Mathematics,Class 12,Integrals,Integration by Parts,Integration by parts formula is int(u * dv) = u * v - int(v * du) with ILATE rule for selecting first function u.,formula,Integration by parts is used to integrate product of two functions. (refer to diagram for full details),PARTIALLY_COVERED,0.5,True,NCERT Textbooks,"NCERT Class 12 Mathematics Part 2, Chapter 7, Section 7.5"
REC-BIO-00625,Biology,Class 12,Molecular Basis of Inheritance,DNA Double Helix Structure,"Watson and Crick DNA double helix model features antiparallel polynucleotide chains with complementary base pairing (A=T with 2 H-bonds, G=C with 3 H-bonds).",definition,DNA structure: antiparallel double helix with complementary base pairs A=T (2 H-bonds) and G=C (3 H-bonds).,FULLY_COVERED,1.0,False,NCERT Textbooks,"NCERT Class 12 Biology, Chapter 6, Section 6.1"
REC-PHY-00103,Physics,Class 12,Electric Charges and Fields,Field Due to Infinitely Long Straight Wire,Derivation of electric field due to infinitely long wire using Gauss's Law yielding E = lambda / (2 * pi * epsilon_0 * r).,derivation,Construct a cylindrical Gaussian surface of radius r and length L. Flux through end caps = 0. Curved flux = E(2*pi*r*L) = Q_enclosed/e0 = lambda*L/e0 => E = lambda / (2*pi*e0*r).,FULLY_COVERED,1.0,False,NCERT Textbooks,"NCERT Class 12 Physics Part 1, Chapter 1, Section 1.15"
REC-CHE-00353,Chemistry,Class 12,Electrochemistry,Nernst Equation,Nernst equation for electrode potential E = E_0 - (RT / nF) * ln(Q) where Q is reaction quotient.,formula,Standard cell potential E0_cell = E0_cathode - E0_anode.,PARTIALLY_COVERED,0.5,True,NCERT Textbooks,"NCERT Class 12 Chemistry Part 1, Chapter 3, Section 3.3"
REC-GEO-01086,Geography,Class 11,Fundamentals of Physical Geography,Locating Tectonic Plates on World Map,"Locating and mapping major tectonic plates (Pacific, Eurasian, African, Indo-Australian, North American, South American, Antarctic) on a world map.",process,Exam Revision: Tropical rainforests are located near the equator between 10N and 10S latitude. (Important for final exam),MISSING,0.0,False,NCERT Textbooks,"NCERT Class 11 Geography, Chapter 4, Section 4.4.1"
REC-MAT-00882,Mathematics,Class 11,Limits and Derivatives,First Principles Derivation,Derivative of function f(x) from first principles is f'(x) = lim_{h->0} [f(x+h) - f(x)] / h.,derivation,- Product rule for derivatives: (u v)' = u' v + u v'.,MISSING,0.0,True,NCERT Textbooks,"NCERT Class 11 Mathematics, Chapter 13, Section 13.5"
REC-PHY-00254,Physics,Class 12,Ray Optics and Optical Instruments,Lens Maker's Formula,"Lens maker's formula 1/f = (n - 1) * (1/R1 - 1/R2) relates focal length f of a thin lens to refractive index n and radii of curvature R1, R2.",formula,Exam Revision: Focal length f of a thin lens depends on refractive index and surface curvature. (Important for final exam),PARTIALLY_COVERED,0.5,True,NCERT Textbooks,"NCERT Class 12 Physics Part 2, Chapter 9, Section 9.5"
REC-GEO-01061,Geography,Class 11,Fundamentals of Physical Geography,Locating Tectonic Plates on World Map,"Locating and mapping major tectonic plates (Pacific, Eurasian, African, Indo-Australian, North American, South American, Antarctic) on a world map.",process,Major tectonic plates are located across ocean basins and continents. (refer to diagram for full details),PARTIALLY_COVERED,0.5,True,NCERT Textbooks,"NCERT Class 11 Geography, Chapter 4, Section 4.4.1"
REC-PHY-00192,Physics,Class 12,Electromagnetic Induction,Faraday's Law of Induction,Induced electromotive force emf = - d(phi_B) / dt is proportional to negative rate of change of magnetic flux.,formula,Key Point: Faraday law states induced EMF is epsilon = - d(phi_B)/dt where negative sign represents Lenz's law direction. [Summary],FULLY_COVERED,1.0,False,NCERT Textbooks,"NCERT Class 12 Physics Part 1, Chapter 6, Section 6.3"
REC-GEO-01186,Geography,Class 11,Atmosphere and Climate,Atmospheric Pressure Belts and Planetary Winds,"Global atmospheric circulation features Equatorial Low (Doldrums), Subtropical Highs (Horse Latitudes), Subpolar Lows, and Polar Highs driving Trade Winds, Westerlies, and Easterlies.",core_concept,"- Atmospheric pressure belts: Equatorial low pressure (doldrums), Subtropical high pressure (30N/S horse latitudes), Subpolar low (60N/S), Polar high. Trade winds blow from Subtropical High towards Equatorial Low.",FULLY_COVERED,1.0,False,NCERT Textbooks,"NCERT Class 11 Geography, Chapter 10, Section 10.4"
REC-GEO-01131,Geography,Class 11,Landforms and their Evolution,Agents of Gradation and River Landforms,"Running water as a geomorphic agent creates erosional landforms (V-shaped valleys, waterfalls, gorges) in youthful stage and depositional landforms (deltas, alluvial fans, levees) in old stage.",process,Note: Wind erosion creates sand dunes and mushroom rocks in arid desert regions.,MISSING,0.0,False,NCERT Textbooks,"NCERT Class 11 Geography, Chapter 7, Section 7.2"
REC-MAT-00866,Mathematics,Class 11,Limits and Derivatives,First Principles Derivation,Derivative of function f(x) from first principles is f'(x) = lim_{h->0} [f(x+h) - f(x)] / h.,derivation,- Definition of derivative: dy/dx = lim_{h->0} [f(x+h) - f(x)] / h.,FULLY_COVERED,1.0,False,NCERT Textbooks,"NCERT Class 11 Mathematics, Chapter 13, Section 13.5"
REC-GEO-01134,Geography,Class 11,Landforms and their Evolution,Agents of Gradation and River Landforms,"Running water as a geomorphic agent creates erosional landforms (V-shaped valleys, waterfalls, gorges) in youthful stage and depositional landforms (deltas, alluvial fans, levees) in old stage.",process,Exam Revision: Wind erosion creates sand dunes and mushroom rocks in arid desert regions. (Important for final exam),MISSING,0.0,False,NCERT Textbooks,"NCERT Class 11 Geography, Chapter 7, Section 7.2"
REC-CHE-00352,Chemistry,Class 12,Electrochemistry,Nernst Equation,Nernst equation for electrode potential E = E_0 - (RT / nF) * ln(Q) where Q is reaction quotient.,formula,Key Point: Nernst equation calculates electrode potential at non-standard concentration. [Summary],PARTIALLY_COVERED,0.5,True,NCERT Textbooks,"NCERT Class 12 Chemistry Part 1, Chapter 3, Section 3.3"
REC-PHY-00151,Physics,Class 12,Electric Charges and Fields,Field Inside a Thin Spherical Shell,Electric field inside a uniformly charged thin spherical shell (r < R) is strictly zero (E = 0) because enclosed charge is zero.,core_concept,Electric field inside a thin spherical shell = zero (E = 0 for r < R).,FULLY_COVERED,1.0,False,NCERT Textbooks,"NCERT Class 12 Physics Part 1, Chapter 1, Section 1.15.3"
REC-CHE-00479,Chemistry,Class 11,States of Matter,Ideal Gas Equation,"Ideal gas equation P * V = n * R * T combines Boyle's law, Charles's law, and Avogadro's law for ideal gas behavior.",formula,"Ideal gas equation: P V = n R T where P = pressure, V = volume, n = moles, R = gas constant (8.314 J/mol K), and T = absolute temperature.",FULLY_COVERED,1.0,False,NCERT Textbooks,"NCERT Class 11 Chemistry Part 1, Chapter 5, Section 5.5"
REC-BIO-00569,Biology,Class 11,Photosynthesis in Higher Plants,Light Reaction and Photophosphorylation,"Non-cyclic photophosphorylation (Z-scheme) involves Photosystems II and I, water splitting (photolysis), ATP synthesis, and NADPH formation.",process,"Light reactions occur in thylakoid membrane. PSII absorbs 680nm light, photolysis of water releases O2, electrons flow through Z-scheme to PSI generating ATP and NADPH.",FULLY_COVERED,1.0,False,NCERT Textbooks,"NCERT Class 11 Biology, Chapter 13, Section 13.6"
REC-PHY-00082,Physics,Class 12,Electrostatic Potential and Capacitance,Energy Stored in a Capacitor,Electrostatic potential energy stored in a charged capacitor is U = (1/2) * C * V^2 = Q^2 / (2C).,formula,- Capacitors are used to store electric charge in electronic power supplies.,MISSING,0.0,True,NCERT Textbooks,"NCERT Class 12 Physics Part 1, Chapter 2, Section 2.10"
REC-PHY-00134,Physics,Class 12,Electric Charges and Fields,Field Due to Infinitely Long Straight Wire,Derivation of electric field due to infinitely long wire using Gauss's Law yielding E = lambda / (2 * pi * epsilon_0 * r).,derivation,Exam Revision: Biot Savart law calculates magnetic field B = mu_0 I / (2 pi r) near a current carrying wire. (Important for final exam),MISSING,0.0,False,NCERT Textbooks,"NCERT Class 12 Physics Part 1, Chapter 1, Section 1.15"
REC-PHY-00073,Physics,Class 12,Electrostatic Potential and Capacitance,Energy Stored in a Capacitor,Electrostatic potential energy stored in a charged capacitor is U = (1/2) * C * V^2 = Q^2 / (2C).,formula,Energy stored U depends on capacitance C.,PARTIALLY_COVERED,0.5,True,NCERT Textbooks,"NCERT Class 12 Physics Part 1, Chapter 2, Section 2.10"
REC-BIO-00659,Biology,Class 12,Molecular Basis of Inheritance,DNA Double Helix Structure,"Watson and Crick DNA double helix model features antiparallel polynucleotide chains with complementary base pairing (A=T with 2 H-bonds, G=C with 3 H-bonds).",definition,Note: Protein synthesis occurs at ribosomes via mRNA translation.,MISSING,0.0,False,NCERT Textbooks,"NCERT Class 12 Biology, Chapter 6, Section 6.1"
REC-BIO-00579,Biology,Class 11,Photosynthesis in Higher Plants,Light Reaction and Photophosphorylation,"Non-cyclic photophosphorylation (Z-scheme) involves Photosystems II and I, water splitting (photolysis), ATP synthesis, and NADPH formation.",process,"Note: Z-scheme light reaction splits water into 2H+, 2e-, and O2, producing ATP & NADPH. [Ref: NCERT Chapter notes]",FULLY_COVERED,1.0,False,NCERT Textbooks,"NCERT Class 11 Biology, Chapter 13, Section 13.6"
REC-MAT-00928,Mathematics,Class 12,Probability,Bayes' Theorem,Bayes' theorem calculates conditional probability P(Ai|B) = [P(Ai) * P(B|Ai)] / sum[P(Ak) * P(B|Ak)] for partition events Ai.,formula,Key Point: Conditional probability P(A|B) = P(A intersection B) / P(B) where P(B) != 0. [Summary],PARTIALLY_COVERED,0.5,True,NCERT Textbooks,"NCERT Class 12 Mathematics Part 2, Chapter 13, Section 13.3"
REC-CHE-00499,Chemistry,Class 11,States of Matter,Ideal Gas Equation,"Ideal gas equation P * V = n * R * T combines Boyle's law, Charles's law, and Avogadro's law for ideal gas behavior.",formula,Note: Boyle's law states P is inversely proportional to V at constant T.,PARTIALLY_COVERED,0.5,True,NCERT Textbooks,"NCERT Class 11 Chemistry Part 1, Chapter 5, Section 5.5"
REC-BIO-00608,Biology,Class 11,Photosynthesis in Higher Plants,Light Reaction and Photophosphorylation,"Non-cyclic photophosphorylation (Z-scheme) involves Photosystems II and I, water splitting (photolysis), ATP synthesis, and NADPH formation.",process,Key Point: Calvin cycle (dark reaction) fixes CO2 into glucose using RuBisCO enzyme in C3 plants. [Summary],MISSING,0.0,True,NCERT Textbooks,"NCERT Class 11 Biology, Chapter 13, Section 13.6"
REC-GEO-01159,Geography,Class 11,Natural Hazards and Disasters,Causes of Disasters and Mitigation Strategies,"Natural disasters (earthquakes, landslides, GLOF, floods) require proactive mitigation strategies including hazard risk mapping, early warning systems, slope stabilization, and afforestation.",process,D=aster mitigation involves preparing for natural hazards like earthquakes and floods.,PARTIALLY_COVERED,0.5,True,NCERT Textbooks,"NCERT Class 11 Geography, Chapter 7 (Disasters), Section 7.4"
REC-PHY-00128,Physics,Class 12,Electric Charges and Fields,Field Due to Infinitely Long Straight Wire,Derivation of electric field due to infinitely long wire using Gauss's Law yielding E = lambda / (2 * pi * epsilon_0 * r).,derivation,Key Point: Long straight wire carries linear charge density lambda. [Summary],MISSING,0.0,True,NCERT Textbooks,"NCERT Class 12 Physics Part 1, Chapter 1, Section 1.15"
REC-PHY-00263,Physics,Class 12,Ray Optics and Optical Instruments,Lens Maker's Formula,"Lens maker's formula 1/f = (n - 1) * (1/R1 - 1/R2) relates focal length f of a thin lens to refractive index n and radii of curvature R1, R2.",formula,Lens formula 1/v - 1/u = 1/f relates object and image d=tances.,PARTIALLY_COVERED,0.5,True,NCERT Textbooks,"NCERT Class 12 Physics Part 2, Chapter 9, Section 9.5"
REC-BIO-00575,Biology,Class 11,Photosynthesis in Higher Plants,Light Reaction and Photophosphorylation,"Non-cyclic photophosphorylation (Z-scheme) involves Photosystems II and I, water splitting (photolysis), ATP synthesis, and NADPH formation.",process,"Light reactions occur in thylakoid membrane. PSII absorbs 680nm light, photolys= of water releases O2, electrons flow through Z-scheme to PSI generating ATP and NADPH.",FULLY_COVERED,1.0,False,NCERT Textbooks,"NCERT Class 11 Biology, Chapter 13, Section 13.6"
REC-MAT-00873,Mathematics,Class 11,Limits and Derivatives,First Principles Derivation,Derivative of function f(x) from first principles is f'(x) = lim_{h->0} [f(x+h) - f(x)] / h.,derivation,Derivative represents slope of tangent line to curve at point x.,PARTIALLY_COVERED,0.5,True,NCERT Textbooks,"NCERT Class 11 Mathematics, Chapter 13, Section 13.5"
REC-CHE-00344,Chemistry,Class 12,Electrochemistry,Nernst Equation,Nernst equation for electrode potential E = E_0 - (RT / nF) * ln(Q) where Q is reaction quotient.,formula,Key Point: Cell potential E = E0 - (RT/nF) ln Q. [Summary],FULLY_COVERED,1.0,False,NCERT Textbooks,"NCERT Class 12 Chemistry Part 1, Chapter 3, Section 3.3"
REC-BIO-00667,Biology,Class 12,Principles of Inheritance and Variation,Mendel's Law of Segregation,Mendel's Law of Segregation states that allele pairs separate during gamete formation so each gamete carries only one allele for each gene.,core_concept,"Note: Law of segregation: during meiosis gametogenesis, the two alleles of a gene pair segregate cleanly so each haploid gamete receives only one allele. [Ref: NCERT Chapter notes]",FULLY_COVERED,1.0,False,NCERT Textbooks,"NCERT Class 12 Biology, Chapter 5, Section 5.2.1"
REC-MAT-00818,Mathematics,Class 12,Matrices and Determinants,Inverse of a Matrix,Inverse of a square matrix A exists if det(A) != 0 (non-singular) and is calculated by A^(-1) = (1 / det(A)) * adj(A).,formula,- Inverse A^-1 = adj(A) / |A| exists only if |A| != 0 (non-singular matrix).,FULLY_COVERED,1.0,False,NCERT Textbooks,"NCERT Class 12 Mathematics Part 1, Chapter 4, Section 4.5"
REC-MAT-00809,Mathematics,Class 12,Matrices and Determinants,Inverse of a Matrix,Inverse of a square matrix A exists if det(A) != 0 (non-singular) and is calculated by A^(-1) = (1 / det(A)) * adj(A).,formula,Square matrix A has inverse A^-1 = (1 / det(A)) * adj(A) provided determinant det(A) != 0.,FULLY_COVERED,1.0,False,NCERT Textbooks,"NCERT Class 12 Mathematics Part 1, Chapter 4, Section 4.5"
REC-PHY-00182,Physics,Class 12,Electric Charges and Fields,Field Inside a Thin Spherical Shell,Electric field inside a uniformly charged thin spherical shell (r < R) is strictly zero (E = 0) because enclosed charge is zero.,core_concept,Exam Revision: Gravitational potential at Earth center is negative. (Important for final exam),MISSING,0.0,False,NCERT Textbooks,"NCERT Class 12 Physics Part 1, Chapter 1, Section 1.15.3"
REC-MAT-00925,Mathematics,Class 12,Probability,Bayes' Theorem,Bayes' theorem calculates conditional probability P(Ai|B) = [P(Ai) * P(B|Ai)] / sum[P(Ak) * P(B|Ak)] for partition events Ai.,formula,Conditional probability P(A|B) = P(A intersection B) / P(B) where P(B) != 0. (refer to diagram for full details),PARTIALLY_COVERED,0.5,True,NCERT Textbooks,"NCERT Class 12 Mathematics Part 2, Chapter 13, Section 13.3"
REC-CHE-00301,Chemistry,Class 12,Chemical Kinetics,Arrhenius Equation,Arrhenius equation k = A * exp(-Ea / (R * T)) describes temperature dependence of reaction rate constant k.,formula,Reaction rate constant k increases exponentially with absolute temperature T. (refer to diagram for full details),PARTIALLY_COVERED,0.5,True,NCERT Textbooks,"NCERT Class 12 Chemistry Part 1, Chapter 4, Section 4.5"
REC-MAT-00944,Mathematics,Class 12,Probability,Bayes' Theorem,Bayes' theorem calculates conditional probability P(Ai|B) = [P(Ai) * P(B|Ai)] / sum[P(Ak) * P(B|Ak)] for partition events Ai.,formula,Key Point: Binomial distribution mean is n*p and variance is n*p*q. [Summary],MISSING,0.0,False,NCERT Textbooks,"NCERT Class 12 Mathematics Part 2, Chapter 13, Section 13.3"
REC-CHE-00394,Chemistry,Class 11,Equilibrium,Le Chatelier's Principle,"Le Chatelier's principle states that if a dynamic equilibrium is disturbed by changing concentration, pressure, or temperature, the system shifts to counteract the disturbance.",core_concept,- Equilibrium constant Kc depends only on temperature.,PARTIALLY_COVERED,0.5,True,NCERT Textbooks,"NCERT Class 11 Chemistry Part 1, Chapter 7, Section 7.8"
REC-CHE-00336,Chemistry,Class 12,Electrochemistry,Nernst Equation,Nernst equation for electrode potential E = E_0 - (RT / nF) * ln(Q) where Q is reaction quotient.,formula,Key Point: Nernst equation at 298K: E = E0 - (0.0591 / n) * log([Red]/[Ox]). Calculates cell EMF at non-standard concentrations. [Summary],FULLY_COVERED,1.0,False,NCERT Textbooks,"NCERT Class 12 Chemistry Part 1, Chapter 3, Section 3.3"
REC-BIO-00728,Biology,Class 11,Biomolecules,Enzyme Action and Mechanism,Enzymes lower activation energy barrier to accelerate biochemical reactions via active site substrate binding (lock and key / induced fit).,process,"Key Point: Enzyme mechanism: substrate binds active site forming ES intermediate, lowering reaction activation energy. [Summary]",FULLY_COVERED,1.0,False,NCERT Textbooks,"NCERT Class 11 Biology, Chapter 9, Section 9.8"
REC-MAT-00898,Mathematics,Class 12,Probability,Bayes' Theorem,Bayes' theorem calculates conditional probability P(Ai|B) = [P(Ai) * P(B|Ai)] / sum[P(Ak) * P(B|Ak)] for partition events Ai.,formula,- Bayes theorem formula: P(E_i|A) = [P(E_i)*P(A|E_i)] / sum_{j=1}^n [P(E_j)*P(A|E_j)] for pairwise disjoint events E_i.,FULLY_COVERED,1.0,False,NCERT Textbooks,"NCERT Class 12 Mathematics Part 2, Chapter 13, Section 13.3"
REC-CHE-00465,Chemistry,Class 12,Haloalkanes and Haloarenes,SN1 vs SN2 Nucleophilic Substitution Mechanism,"SN1 mechanism involves carbocation intermediate with inversion/racemization, while SN2 involves concerted single-step transition state with complete inversion.",process,Grignard reagents react with carbonyl compounds to form alcohols.,MISSING,0.0,False,NCERT Textbooks,"NCERT Class 12 Chemistry Part 2, Chapter 10, Section 10.7"
REC-GEO-01070,Geography,Class 11,Fundamentals of Physical Geography,Locating Tectonic Plates on World Map,"Locating and mapping major tectonic plates (Pacific, Eurasian, African, Indo-Australian, North American, South American, Antarctic) on a world map.",process,Exam Revision: Himalayas formed by collision of Indian and Eurasian plates. (Important for final exam),PARTIALLY_COVERED,0.5,True,NCERT Textbooks,"NCERT Class 11 Geography, Chapter 4, Section 4.4.1"
REC-PHY-00091,Physics,Class 12,Electrostatic Potential and Capacitance,Energy Stored in a Capacitor,Electrostatic potential energy stored in a charged capacitor is U = (1/2) * C * V^2 = Q^2 / (2C).,formula,Note: Resistance dissipates energy as heat according to Joule's law H = I^2 R t.,MISSING,0.0,False,NCERT Textbooks,"NCERT Class 12 Physics Part 1, Chapter 2, Section 2.10"
REC-GEO-01071,Geography,Class 11,Fundamentals of Physical Geography,Locating Tectonic Plates on World Map,"Locating and mapping major tectonic plates (Pacific, Eurasian, African, Indo-Australian, North American, South American, Antarctic) on a world map.",process,Himalayas formed by coll=ion of Indian and Eurasian plates.,PARTIALLY_COVERED,0.5,True,NCERT Textbooks,"NCERT Class 11 Geography, Chapter 4, Section 4.4.1"
REC-PHY-00080,Physics,Class 12,Electrostatic Potential and Capacitance,Energy Stored in a Capacitor,Electrostatic potential energy stored in a charged capacitor is U = (1/2) * C * V^2 = Q^2 / (2C).,formula,Key Point: Energy stored U depends on capacitance C. [Summary],PARTIALLY_COVERED,0.5,True,NCERT Textbooks,"NCERT Class 12 Physics Part 1, Chapter 2, Section 2.10"
REC-MAT-00897,Mathematics,Class 12,Probability,Bayes' Theorem,Bayes' theorem calculates conditional probability P(Ai|B) = [P(Ai) * P(B|Ai)] / sum[P(Ak) * P(B|Ak)] for partition events Ai.,formula,Bayes theorem formula: P(E_i|A) = [P(E_i)*P(A|E_i)] / sum_{j=1}^n [P(E_j)*P(A|E_j)] for pairwise disjoint events E_i.,FULLY_COVERED,1.0,False,NCERT Textbooks,"NCERT Class 12 Mathematics Part 2, Chapter 13, Section 13.3"
REC-PHY-00096,Physics,Class 12,Electrostatic Potential and Capacitance,Energy Stored in a Capacitor,Electrostatic potential energy stored in a charged capacitor is U = (1/2) * C * V^2 = Q^2 / (2C).,formula,Key Point: Resistance dissipates energy as heat according to Joule's law H = I^2 R t. [Summary],MISSING,0.0,False,NCERT Textbooks,"NCERT Class 12 Physics Part 1, Chapter 2, Section 2.10"
REC-PHY-00009,Physics,Class 12,Electrostatic Potential and Capacitance,Parallel Plate Capacitor,Capacitance of a parallel plate capacitor in vacuum is C = (epsilon_0 * A) / d where A is plate area and d is separation.,formula,Parallel plate cap. formula: C = epsilon0 * A / d.,FULLY_COVERED,1.0,False,NCERT Textbooks,"NCERT Class 12 Physics Part 1, Chapter 2, Section 2.8"
REC-GEO-01187,Geography,Class 11,Atmosphere and Climate,Atmospheric Pressure Belts and Planetary Winds,"Global atmospheric circulation features Equatorial Low (Doldrums), Subtropical Highs (Horse Latitudes), Subpolar Lows, and Polar Highs driving Trade Winds, Westerlies, and Easterlies.",core_concept,"Note: Atmospheric pressure belts: Equatorial low pressure (doldrums), Subtropical high pressure (30N/S horse latitudes), Subpolar low (60N/S), Polar high. Trade winds blow from Subtropical High towards Equatorial Low. [Ref: NCERT Chapter notes]",FULLY_COVERED,1.0,False,NCERT Textbooks,"NCERT Class 11 Geography, Chapter 10, Section 10.4"
REC-MAT-00905,Mathematics,Class 12,Probability,Bayes' Theorem,Bayes' theorem calculates conditional probability P(Ai|B) = [P(Ai) * P(B|Ai)] / sum[P(Ak) * P(B|Ak)] for partition events Ai.,formula,Bayes theorem: posterior probability P(A|B) = P(B|A)*P(A) / P(B).,FULLY_COVERED,1.0,False,NCERT Textbooks,"NCERT Class 12 Mathematics Part 2, Chapter 13, Section 13.3"
REC-CHE-00322,Chemistry,Class 12,Chemical Kinetics,Arrhenius Equation,Arrhenius equation k = A * exp(-Ea / (R * T)) describes temperature dependence of reaction rate constant k.,formula,- Catalysts lower activation energy without being consumed.,MISSING,0.0,True,NCERT Textbooks,"NCERT Class 12 Chemistry Part 1, Chapter 4, Section 4.5"
REC-MAT-00785,Mathematics,Class 12,Integrals,Integration by Parts,Integration by parts formula is int(u * dv) = u * v - int(v * du) with ILATE rule for selecting first function u.,formula,Formula int(u dv) = u v - int(v du).,PARTIALLY_COVERED,0.5,True,NCERT Textbooks,"NCERT Class 12 Mathematics Part 2, Chapter 7, Section 7.5"
REC-MAT-00833,Mathematics,Class 12,Matrices and Determinants,Inverse of a Matrix,Inverse of a square matrix A exists if det(A) != 0 (non-singular) and is calculated by A^(-1) = (1 / det(A)) * adj(A).,formula,Adjugate matrix adj(A) is the transpose of cofactor matrix.,PARTIALLY_COVERED,0.5,True,NCERT Textbooks,"NCERT Class 12 Mathematics Part 1, Chapter 4, Section 4.5"
REC-PHY-00026,Physics,Class 12,Electrostatic Potential and Capacitance,Parallel Plate Capacitor,Capacitance of a parallel plate capacitor in vacuum is C = (epsilon_0 * A) / d where A is plate area and d is separation.,formula,- Capacitance is the ratio of charge Q to potential difference V.,PARTIALLY_COVERED,0.5,True,NCERT Textbooks,"NCERT Class 12 Physics Part 1, Chapter 2, Section 2.8"
REC-CHE-00478,Chemistry,Class 11,States of Matter,Ideal Gas Equation,"Ideal gas equation P * V = n * R * T combines Boyle's law, Charles's law, and Avogadro's law for ideal gas behavior.",formula,"Exam Revision: Ideal gas equation: P V = n R T where P is pressure, V is volume, n is moles, R is gas constant (8.314 J/mol K), and T is absolute temperature. (Important for final exam)",FULLY_COVERED,1.0,False,NCERT Textbooks,"NCERT Class 11 Chemistry Part 1, Chapter 5, Section 5.5"
REC-GEO-01195,Geography,Class 11,Atmosphere and Climate,Atmospheric Pressure Belts and Planetary Winds,"Global atmospheric circulation features Equatorial Low (Doldrums), Subtropical Highs (Horse Latitudes), Subpolar Lows, and Polar Highs driving Trade Winds, Westerlies, and Easterlies.",core_concept,"Note: Planetary wind system: Trade winds, Westerlies, and Polar Easterlies driven by pressure gradient force and Coriolis effect. [Ref: NCERT Chapter notes]",FULLY_COVERED,1.0,False,NCERT Textbooks,"NCERT Class 11 Geography, Chapter 10, Section 10.4"
REC-CHE-00314,Chemistry,Class 12,Chemical Kinetics,Arrhenius Equation,Arrhenius equation k = A * exp(-Ea / (R * T)) describes temperature dependence of reaction rate constant k.,formula,"- Order of a reaction can be zero, fractional, or integer determined experimentally.",MISSING,0.0,True,NCERT Textbooks,"NCERT Class 12 Chemistry Part 1, Chapter 4, Section 4.5"
REC-CHE-00350,Chemistry,Class 12,Electrochemistry,Nernst Equation,Nernst equation for electrode potential E = E_0 - (RT / nF) * ln(Q) where Q is reaction quotient.,formula,Exam Revision: Nernst equation calculates electrode potential at non-standard concentration. (Important for final exam),PARTIALLY_COVERED,0.5,True,NCERT Textbooks,"NCERT Class 12 Chemistry Part 1, Chapter 3, Section 3.3"
REC-PHY-00165,Physics,Class 12,Electric Charges and Fields,Field Inside a Thin Spherical Shell,Electric field inside a uniformly charged thin spherical shell (r < R) is strictly zero (E = 0) because enclosed charge is zero.,core_concept,Spherical shell has surface charge density sigma. (refer to diagram for full details),PARTIALLY_COVERED,0.5,True,NCERT Textbooks,"NCERT Class 12 Physics Part 1, Chapter 1, Section 1.15.3"
REC-BIO-00638,Biology,Class 12,Molecular Basis of Inheritance,DNA Double Helix Structure,"Watson and Crick DNA double helix model features antiparallel polynucleotide chains with complementary base pairing (A=T with 2 H-bonds, G=C with 3 H-bonds).",definition,"Exam Revision: DNA consists of nitrogenous bases adenine, guanine, cytosine, and thymine. (Important for final exam)",PARTIALLY_COVERED,0.5,True,NCERT Textbooks,"NCERT Class 12 Biology, Chapter 6, Section 6.1"
REC-BIO-00731,Biology,Class 11,Biomolecules,Enzyme Action and Mechanism,Enzymes lower activation energy barrier to accelerate biochemical reactions via active site substrate binding (lock and key / induced fit).,process,Note: Enzymes accelerate reaction velocity at optimum temperature and pH.,PARTIALLY_COVERED,0.5,True,NCERT Textbooks,"NCERT Class 11 Biology, Chapter 9, Section 9.8"
REC-BIO-00618,Biology,Class 12,Molecular Basis of Inheritance,DNA Double Helix Structure,"Watson and Crick DNA double helix model features antiparallel polynucleotide chains with complementary base pairing (A=T with 2 H-bonds, G=C with 3 H-bonds).",definition,"- DNA double helix consists of two antiparallel sugar-phosphate backbones. Adenine pairs with Thymine via 2 hydrogen bonds, Guanine pairs with Cytosine via 3 hydrogen bonds.",FULLY_COVERED,1.0,False,NCERT Textbooks,"NCERT Class 12 Biology, Chapter 6, Section 6.1"
REC-GEO-01102,Geography,Class 11,Landforms and their Evolution,Agents of Gradation and River Landforms,"Running water as a geomorphic agent creates erosional landforms (V-shaped valleys, waterfalls, gorges) in youthful stage and depositional landforms (deltas, alluvial fans, levees) in old stage.",process,Exam Revision: Fluvial landforms: upper course erosion creates gorges/waterfalls; lower course deposition creates oxbow lakes and deltas. (Important for final exam),FULLY_COVERED,1.0,False,NCERT Textbooks,"NCERT Class 11 Geography, Chapter 7, Section 7.2"
REC-GEO-01033,Geography,Class 11,Fundamentals of Physical Geography,Theory of Plate Tectonics,"Theory of plate tectonics explains large-scale movement of Earth's lithospheric plates over convective asthenosphere forming divergent, convergent, and transform boundaries.",core_concept,Weathering breaks down surface rocks physically and chemically.,MISSING,0.0,False,NCERT Textbooks,"NCERT Class 11 Geography, Chapter 4, Section 4.4"
REC-CHE-00440,Chemistry,Class 12,Haloalkanes and Haloarenes,SN1 vs SN2 Nucleophilic Substitution Mechanism,"SN1 mechanism involves carbocation intermediate with inversion/racemization, while SN2 involves concerted single-step transition state with complete inversion.",process,Key Point: SN2 mechanism: bimolecular nucleophilic substitution with Walden inversion. [Summary],FULLY_COVERED,1.0,False,NCERT Textbooks,"NCERT Class 12 Chemistry Part 2, Chapter 10, Section 10.7"
REC-PHY-00280,Physics,Class 12,Ray Optics and Optical Instruments,Lens Maker's Formula,"Lens maker's formula 1/f = (n - 1) * (1/R1 - 1/R2) relates focal length f of a thin lens to refractive index n and radii of curvature R1, R2.",formula,Key Point: Snell's law n1 sin(theta1) = n2 sin(theta2) governs refraction. [Summary],MISSING,0.0,False,NCERT Textbooks,"NCERT Class 12 Physics Part 2, Chapter 9, Section 9.5"
REC-MAT-00965,Mathematics,Class 10,Quadratic Equations,Quadratic Formula and Discriminant,Quadratic formula x = [-b +- sqrt(b^2 - 4ac)] / (2a) solves ax^2 + bx + c = 0 with discriminant D = b^2 - 4ac determining root nature.,formula,Discriminant D = b^2 - 4ac determines whether roots are real or imaginary. (refer to diagram for full details),PARTIALLY_COVERED,0.5,True,NCERT Textbooks,"NCERT Class 10 Mathematics, Chapter 4, Section 4.4"
REC-GEO-01064,Geography,Class 11,Fundamentals of Physical Geography,Locating Tectonic Plates on World Map,"Locating and mapping major tectonic plates (Pacific, Eurasian, African, Indo-Australian, North American, South American, Antarctic) on a world map.",process,Key Point: Major tectonic plates are located across ocean basins and continents. [Summary],PARTIALLY_COVERED,0.5,True,NCERT Textbooks,"NCERT Class 11 Geography, Chapter 4, Section 4.4.1"
REC-BIO-00598,Biology,Class 11,Photosynthesis in Higher Plants,Light Reaction and Photophosphorylation,"Non-cyclic photophosphorylation (Z-scheme) involves Photosystems II and I, water splitting (photolysis), ATP synthesis, and NADPH formation.",process,Exam Revision: Photosynthesis occurs in chloroplast stroma and thylakoid membranes. (Important for final exam),PARTIALLY_COVERED,0.5,True,NCERT Textbooks,"NCERT Class 11 Biology, Chapter 13, Section 13.6"
REC-MAT-00858,Mathematics,Class 11,Limits and Derivatives,First Principles Derivation,Derivative of function f(x) from first principles is f'(x) = lim_{h->0} [f(x+h) - f(x)] / h.,derivation,- First principle of derivative: f'(x) = lim(h->0) [f(x+h) - f(x)] / h. Derives rate of change from secant slope limit.,FULLY_COVERED,1.0,False,NCERT Textbooks,"NCERT Class 11 Mathematics, Chapter 13, Section 13.5"
REC-BIO-00746,Biology,Class 11,Biomolecules,Enzyme Action and Mechanism,Enzymes lower activation energy barrier to accelerate biochemical reactions via active site substrate binding (lock and key / induced fit).,process,- Competitive inhibitors bind active site competing with substrate Vmax remains constant while Km increases.,MISSING,0.0,True,NCERT Textbooks,"NCERT Class 11 Biology, Chapter 9, Section 9.8"
REC-GEO-01048,Geography,Class 11,Fundamentals of Physical Geography,Locating Tectonic Plates on World Map,"Locating and mapping major tectonic plates (Pacific, Eurasian, African, Indo-Australian, North American, South American, Antarctic) on a world map.",process,"Key Point: Mapping 7 major plates: Pacific plate surrounds Ring of Fire, Indo-Australian plate meets Eurasian plate at Himalayas, Mid-Atlantic Ridge lies between American and African plates. [Summary]",FULLY_COVERED,1.0,False,NCERT Textbooks,"NCERT Class 11 Geography, Chapter 4, Section 4.4.1"
REC-PHY-00227,Physics,Class 12,Electromagnetic Induction,Faraday's Law of Induction,Induced electromotive force emf = - d(phi_B) / dt is proportional to negative rate of change of magnetic flux.,formula,Note: Refraction occurs when light passes between optically dense media.,MISSING,0.0,False,NCERT Textbooks,"NCERT Class 12 Physics Part 1, Chapter 6, Section 6.3"
REC-MAT-00779,Mathematics,Class 12,Integrals,Integration by Parts,Integration by parts formula is int(u * dv) = u * v - int(v * du) with ILATE rule for selecting first function u.,formula,Note: Integration by parts is used to integrate product of two functions.,PARTIALLY_COVERED,0.5,True,NCERT Textbooks,"NCERT Class 12 Mathematics Part 2, Chapter 7, Section 7.5"
REC-BIO-00671,Biology,Class 12,Principles of Inheritance and Variation,Mendel's Law of Segregation,Mendel's Law of Segregation states that allele pairs separate during gamete formation so each gamete carries only one allele for each gene.,core_concept,"Law of segregation: during meios= gametogenes=, the two alleles of a gene pair segregate cleanly so each haploid gamete receives only one allele.",FULLY_COVERED,1.0,False,NCERT Textbooks,"NCERT Class 12 Biology, Chapter 5, Section 5.2.1"
REC-MAT-00936,Mathematics,Class 12,Probability,Bayes' Theorem,Bayes' theorem calculates conditional probability P(Ai|B) = [P(Ai) * P(B|Ai)] / sum[P(Ak) * P(B|Ak)] for partition events Ai.,formula,Key Point: Independent events satisfy P(A and B) = P(A) * P(B). [Summary],MISSING,0.0,True,NCERT Textbooks,"NCERT Class 12 Mathematics Part 2, Chapter 13, Section 13.3"
REC-PHY-00176,Physics,Class 12,Electric Charges and Fields,Field Inside a Thin Spherical Shell,Electric field inside a uniformly charged thin spherical shell (r < R) is strictly zero (E = 0) because enclosed charge is zero.,core_concept,"Key Point: Outside a spherical shell, electric field behaves as if all charge were at center E = kQ/r^2. [Summary]",MISSING,0.0,True,NCERT Textbooks,"NCERT Class 12 Physics Part 1, Chapter 1, Section 1.15.3"
REC-PHY-00171,Physics,Class 12,Electric Charges and Fields,Field Inside a Thin Spherical Shell,Electric field inside a uniformly charged thin spherical shell (r < R) is strictly zero (E = 0) because enclosed charge is zero.,core_concept,"Note: Outside a spherical shell, electric field behaves as if all charge were at center E = kQ/r^2.",MISSING,0.0,True,NCERT Textbooks,"NCERT Class 12 Physics Part 1, Chapter 1, Section 1.15.3"
REC-BIO-00754,Biology,Class 11,Biomolecules,Enzyme Action and Mechanism,Enzymes lower activation energy barrier to accelerate biochemical reactions via active site substrate binding (lock and key / induced fit).,process,- Cofactors like coenzymes and prosthetic groups increase catalytic activity.,MISSING,0.0,False,NCERT Textbooks,"NCERT Class 11 Biology, Chapter 9, Section 9.8"
REC-PHY-00094,Physics,Class 12,Electrostatic Potential and Capacitance,Energy Stored in a Capacitor,Electrostatic potential energy stored in a charged capacitor is U = (1/2) * C * V^2 = Q^2 / (2C).,formula,Exam Revision: Resistance dissipates energy as heat according to Joule's law H = I^2 R t. (Important for final exam),MISSING,0.0,False,NCERT Textbooks,"NCERT Class 12 Physics Part 1, Chapter 2, Section 2.10"
REC-BIO-00686,Biology,Class 12,Principles of Inheritance and Variation,Mendel's Law of Segregation,Mendel's Law of Segregation states that allele pairs separate during gamete formation so each gamete carries only one allele for each gene.,core_concept,Exam Revision: Monohybrid cross produces a 3:1 phenotypic ratio in F2 generation. (Important for final exam),PARTIALLY_COVERED,0.5,True,NCERT Textbooks,"NCERT Class 12 Biology, Chapter 5, Section 5.2.1"
REC-PHY-00114,Physics,Class 12,Electric Charges and Fields,Field Due to Infinitely Long Straight Wire,Derivation of electric field due to infinitely long wire using Gauss's Law yielding E = lambda / (2 * pi * epsilon_0 * r).,derivation,- A thin charged wire produces radial electric field outward.,PARTIALLY_COVERED,0.5,True,NCERT Textbooks,"NCERT Class 12 Physics Part 1, Chapter 1, Section 1.15"
REC-GEO-01144,Geography,Class 11,Natural Hazards and Disasters,Causes of Disasters and Mitigation Strategies,"Natural disasters (earthquakes, landslides, GLOF, floods) require proactive mitigation strategies including hazard risk mapping, early warning systems, slope stabilization, and afforestation.",process,"Key Point: Disaster mitigation strategies include hazard risk mapping, early warning sensor networks, earthquake resistant building codes, slope bio-engineering, and afforestation. [Summary]",FULLY_COVERED,1.0,False,NCERT Textbooks,"NCERT Class 11 Geography, Chapter 7 (Disasters), Section 7.4"
REC-GEO-01062,Geography,Class 11,Fundamentals of Physical Geography,Locating Tectonic Plates on World Map,"Locating and mapping major tectonic plates (Pacific, Eurasian, African, Indo-Australian, North American, South American, Antarctic) on a world map.",process,Exam Revision: Major tectonic plates are located across ocean basins and continents. (Important for final exam),PARTIALLY_COVERED,0.5,True,NCERT Textbooks,"NCERT Class 11 Geography, Chapter 4, Section 4.4.1"
REC-CHE-00339,Chemistry,Class 12,Electrochemistry,Nernst Equation,Nernst equation for electrode potential E = E_0 - (RT / nF) * ln(Q) where Q is reaction quotient.,formula,Note: Cell potential E = E0 - (RT/nF) ln Q. [Ref: NCERT Chapter notes],FULLY_COVERED,1.0,False,NCERT Textbooks,"NCERT Class 12 Chemistry Part 1, Chapter 3, Section 3.3"
REC-PHY-00078,Physics,Class 12,Electrostatic Potential and Capacitance,Energy Stored in a Capacitor,Electrostatic potential energy stored in a charged capacitor is U = (1/2) * C * V^2 = Q^2 / (2C).,formula,Exam Revision: Energy stored U depends on capacitance C. (Important for final exam),PARTIALLY_COVERED,0.5,True,NCERT Textbooks,"NCERT Class 12 Physics Part 1, Chapter 2, Section 2.10"
REC-CHE-00338,Chemistry,Class 12,Electrochemistry,Nernst Equation,Nernst equation for electrode potential E = E_0 - (RT / nF) * ln(Q) where Q is reaction quotient.,formula,- Cell potential E = E0 - (RT/nF) ln Q.,FULLY_COVERED,1.0,False,NCERT Textbooks,"NCERT Class 12 Chemistry Part 1, Chapter 3, Section 3.3"
REC-CHE-00434,Chemistry,Class 12,Haloalkanes and Haloarenes,SN1 vs SN2 Nucleophilic Substitution Mechanism,"SN1 mechanism involves carbocation intermediate with inversion/racemization, while SN2 involves concerted single-step transition state with complete inversion.",process,- SN2 mechanism: bimolecular nucleophilic substitution with Walden inversion.,FULLY_COVERED,1.0,False,NCERT Textbooks,"NCERT Class 12 Chemistry Part 2, Chapter 10, Section 10.7"
REC-CHE-00512,Chemistry,Class 11,States of Matter,Ideal Gas Equation,"Ideal gas equation P * V = n * R * T combines Boyle's law, Charles's law, and Avogadro's law for ideal gas behavior.",formula,Key Point: Real gases deviate from ideal behavior at high pressure and low temperature due to intermolecular forces. [Summary],MISSING,0.0,True,NCERT Textbooks,"NCERT Class 11 Chemistry Part 1, Chapter 5, Section 5.5"
REC-MAT-00991,Mathematics,Class 10,Quadratic Equations,Quadratic Formula and Discriminant,Quadratic formula x = [-b +- sqrt(b^2 - 4ac)] / (2a) solves ax^2 + bx + c = 0 with discriminant D = b^2 - 4ac determining root nature.,formula,Arithmetic progression nth term = a_n = a + (n-1)d.,MISSING,0.0,False,NCERT Textbooks,"NCERT Class 10 Mathematics, Chapter 4, Section 4.4"
REC-PHY-00024,Physics,Class 12,Electrostatic Potential and Capacitance,Parallel Plate Capacitor,Capacitance of a parallel plate capacitor in vacuum is C = (epsilon_0 * A) / d where A is plate area and d is separation.,formula,Key Point: Capacitance depends on area A and plate distance d. [Summary],PARTIALLY_COVERED,0.5,True,NCERT Textbooks,"NCERT Class 12 Physics Part 1, Chapter 2, Section 2.8"
REC-BIO-00690,Biology,Class 12,Principles of Inheritance and Variation,Mendel's Law of Segregation,Mendel's Law of Segregation states that allele pairs separate during gamete formation so each gamete carries only one allele for each gene.,core_concept,- Dominant alleles express in heterozygous conditions while recessive alleles require homozygous condition.,PARTIALLY_COVERED,0.5,True,NCERT Textbooks,"NCERT Class 12 Biology, Chapter 5, Section 5.2.1"
REC-CHE-00456,Chemistry,Class 12,Haloalkanes and Haloarenes,SN1 vs SN2 Nucleophilic Substitution Mechanism,"SN1 mechanism involves carbocation intermediate with inversion/racemization, while SN2 involves concerted single-step transition state with complete inversion.",process,Key Point: Tertiary alkyl halides prefer SN1 due to carbocation stability. [Summary],PARTIALLY_COVERED,0.5,True,NCERT Textbooks,"NCERT Class 12 Chemistry Part 2, Chapter 10, Section 10.7"
REC-MAT-00847,Mathematics,Class 12,Matrices and Determinants,Inverse of a Matrix,Inverse of a square matrix A exists if det(A) != 0 (non-singular) and is calculated by A^(-1) = (1 / det(A)) * adj(A).,formula,"Determinant of 2x2 matrix [[a,b],[c,d]] = ad - bc.",MISSING,0.0,True,NCERT Textbooks,"NCERT Class 12 Mathematics Part 1, Chapter 4, Section 4.5"
REC-PHY-00001,Physics,Class 12,Electrostatic Potential and Capacitance,Parallel Plate Capacitor,Capacitance of a parallel plate capacitor in vacuum is C = (epsilon_0 * A) / d where A is plate area and d is separation.,formula,"For two parallel conducting plates of area A separated by distance d in vacuum, capacitance is C = e0 * A / d.",FULLY_COVERED,1.0,False,NCERT Textbooks,"NCERT Class 12 Physics Part 1, Chapter 2, Section 2.8"
REC-BIO-00752,Biology,Class 11,Biomolecules,Enzyme Action and Mechanism,Enzymes lower activation energy barrier to accelerate biochemical reactions via active site substrate binding (lock and key / induced fit).,process,Key Point: Competitive inhibitors bind active site competing with substrate Vmax remains constant while Km increases. [Summary],MISSING,0.0,True,NCERT Textbooks,"NCERT Class 11 Biology, Chapter 9, Section 9.8"
REC-MAT-00765,Mathematics,Class 12,Integrals,Integration by Parts,Integration by parts formula is int(u * dv) = u * v - int(v * du) with ILATE rule for selecting first function u.,formula,"Integration by parts formla: int(u dv) = u*v - int(v du). ILATE rule determines priority for u: Inverse trig, Logarithmic, Algebraic, Trigonometric, Exponential.",FULLY_COVERED,1.0,False,NCERT Textbooks,"NCERT Class 12 Mathematics Part 2, Chapter 7, Section 7.5"
REC-PHY-00223,Physics,Class 12,Electromagnetic Induction,Faraday's Law of Induction,Induced electromotive force emf = - d(phi_B) / dt is proportional to negative rate of change of magnetic flux.,formula,Self inductance of solenoid = L = mu_0 * N^2 * A / l.,MISSING,0.0,True,NCERT Textbooks,"NCERT Class 12 Physics Part 1, Chapter 6, Section 6.3"
REC-BIO-00529,Biology,Class 11,Cell: The Unit of Life,Fluid Mosaic Model of Cell Membrane,"Fluid mosaic model describes cell membrane as a phospholipid bilayer with polar hydrophilic heads outside and nonpolar hydrophobic tails inside, with embedded proteins.",definition,"Membrane structure: lipid bilayer with hydrophilic heads outside, hydrophobic tails inside.",FULLY_COVERED,1.0,False,NCERT Textbooks,"NCERT Class 11 Biology, Chapter 8, Section 8.5.1"
REC-GEO-01021,Geography,Class 11,Fundamentals of Physical Geography,Theory of Plate Tectonics,"Theory of plate tectonics explains large-scale movement of Earth's lithospheric plates over convective asthenosphere forming divergent, convergent, and transform boundaries.",core_concept,Earth's crust is divided into tectonic plates. (refer to diagram for full details),PARTIALLY_COVERED,0.5,True,NCERT Textbooks,"NCERT Class 11 Geography, Chapter 4, Section 4.4"
REC-GEO-01198,Geography,Class 11,Atmosphere and Climate,Atmospheric Pressure Belts and Planetary Winds,"Global atmospheric circulation features Equatorial Low (Doldrums), Subtropical Highs (Horse Latitudes), Subpolar Lows, and Polar Highs driving Trade Winds, Westerlies, and Easterlies.",core_concept,"Exam Revision: Planetary wind system: Trade winds, Westerlies, and Polar Easterlies driven by pressure gradient force and Coriolis effect. (Important for final exam)",FULLY_COVERED,1.0,False,NCERT Textbooks,"NCERT Class 11 Geography, Chapter 10, Section 10.4"
REC-GEO-01123,Geography,Class 11,Landforms and their Evolution,Agents of Gradation and River Landforms,"Running water as a geomorphic agent creates erosional landforms (V-shaped valleys, waterfalls, gorges) in youthful stage and depositional landforms (deltas, alluvial fans, levees) in old stage.",process,"Note: Glaciers form U-shaped glacial troughs, cirques, and moraines.",MISSING,0.0,True,NCERT Textbooks,"NCERT Class 11 Geography, Chapter 7, Section 7.2"
REC-MAT-00977,Mathematics,Class 10,Quadratic Equations,Quadratic Formula and Discriminant,Quadratic formula x = [-b +- sqrt(b^2 - 4ac)] / (2a) solves ax^2 + bx + c = 0 with discriminant D = b^2 - 4ac determining root nature.,formula,Factoring method decomposes quadratic trinomial into linear factors.,MISSING,0.0,True,NCERT Textbooks,"NCERT Class 10 Mathematics, Chapter 4, Section 4.4"
REC-GEO-01232,Geography,Class 11,Atmosphere and Climate,Atmospheric Pressure Belts and Planetary Winds,"Global atmospheric circulation features Equatorial Low (Doldrums), Subtropical Highs (Horse Latitudes), Subpolar Lows, and Polar Highs driving Trade Winds, Westerlies, and Easterlies.",core_concept,Key Point: Ocean currents are continuous directional movements of seawater driven by wind and density. [Summary],MISSING,0.0,False,NCERT Textbooks,"NCERT Class 11 Geography, Chapter 10, Section 10.4"
REC-CHE-00422,Chemistry,Class 11,Equilibrium,Le Chatelier's Principle,"Le Chatelier's principle states that if a dynamic equilibrium is disturbed by changing concentration, pressure, or temperature, the system shifts to counteract the disturbance.",core_concept,Exam Revision: Buffer solutions maintain constant pH upon addition of small amounts of acid or base. (Important for final exam),MISSING,0.0,False,NCERT Textbooks,"NCERT Class 11 Chemistry Part 1, Chapter 7, Section 7.8"
REC-MAT-00888,Mathematics,Class 11,Limits and Derivatives,First Principles Derivation,Derivative of function f(x) from first principles is f'(x) = lim_{h->0} [f(x+h) - f(x)] / h.,derivation,Key Point: Product rule for derivatives: (u v)' = u' v + u v'. [Summary],MISSING,0.0,True,NCERT Textbooks,"NCERT Class 11 Mathematics, Chapter 13, Section 13.5"
REC-PHY-00146,Physics,Class 12,Electric Charges and Fields,Field Inside a Thin Spherical Shell,Electric field inside a uniformly charged thin spherical shell (r < R) is strictly zero (E = 0) because enclosed charge is zero.,core_concept,- Electric field inside a thin spherical shell is zero (E = 0 for r < R).,FULLY_COVERED,1.0,False,NCERT Textbooks,"NCERT Class 12 Physics Part 1, Chapter 1, Section 1.15.3"
REC-BIO-00720,Biology,Class 11,Biomolecules,Enzyme Action and Mechanism,Enzymes lower activation energy barrier to accelerate biochemical reactions via active site substrate binding (lock and key / induced fit).,process,"Key Point: Enzymes act as biocatalysts by binding substrate at active site to form ES complex, lowering activation energy Ea without changing overall equilibrium. [Summary]",FULLY_COVERED,1.0,False,NCERT Textbooks,"NCERT Class 11 Biology, Chapter 9, Section 9.8"
REC-PHY-00248,Physics,Class 12,Ray Optics and Optical Instruments,Lens Maker's Formula,"Lens maker's formula 1/f = (n - 1) * (1/R1 - 1/R2) relates focal length f of a thin lens to refractive index n and radii of curvature R1, R2.",formula,Key Point: 1/f = (n - 1) (1/R1 - 1/R2) for thin spherical lens in air. [Summary],FULLY_COVERED,1.0,False,NCERT Textbooks,"NCERT Class 12 Physics Part 2, Chapter 9, Section 9.5"
REC-BIO-00707,Biology,Class 12,Principles of Inheritance and Variation,Mendel's Law of Segregation,Mendel's Law of Segregation states that allele pairs separate during gamete formation so each gamete carries only one allele for each gene.,core_concept,Note: Sex determination in humans depends on XX female and XY male chromosome combinations.,MISSING,0.0,False,NCERT Textbooks,"NCERT Class 12 Biology, Chapter 5, Section 5.2.1"
REC-GEO-01040,Geography,Class 11,Fundamentals of Physical Geography,Theory of Plate Tectonics,"Theory of plate tectonics explains large-scale movement of Earth's lithospheric plates over convective asthenosphere forming divergent, convergent, and transform boundaries.",core_concept,Key Point: Weathering breaks down surface rocks physically and chemically. [Summary],MISSING,0.0,False,NCERT Textbooks,"NCERT Class 11 Geography, Chapter 4, Section 4.4"
REC-PHY-00005,Physics,Class 12,Electrostatic Potential and Capacitance,Parallel Plate Capacitor,Capacitance of a parallel plate capacitor in vacuum is C = (epsilon_0 * A) / d where A is plate area and d is separation.,formula,"For two parallel conducting plates of area A separated by distance d in vacuum, capcitance is C = e0 * A / d.",FULLY_COVERED,1.0,False,NCERT Textbooks,"NCERT Class 12 Physics Part 1, Chapter 2, Section 2.8"
REC-GEO-01114,Geography,Class 11,Landforms and their Evolution,Agents of Gradation and River Landforms,"Running water as a geomorphic agent creates erosional landforms (V-shaped valleys, waterfalls, gorges) in youthful stage and depositional landforms (deltas, alluvial fans, levees) in old stage.",process,- Deltas are depositional landforms formed at river mouths.,PARTIALLY_COVERED,0.5,True,NCERT Textbooks,"NCERT Class 11 Geography, Chapter 7, Section 7.2"
REC-PHY-00217,Physics,Class 12,Electromagnetic Induction,Faraday's Law of Induction,Induced electromotive force emf = - d(phi_B) / dt is proportional to negative rate of change of magnetic flux.,formula,Self inductance of solenoid is L = mu_0 * N^2 * A / l.,MISSING,0.0,True,NCERT Textbooks,"NCERT Class 12 Physics Part 1, Chapter 6, Section 6.3"
REC-BIO-00614,Biology,Class 11,Photosynthesis in Higher Plants,Light Reaction and Photophosphorylation,"Non-cyclic photophosphorylation (Z-scheme) involves Photosystems II and I, water splitting (photolysis), ATP synthesis, and NADPH formation.",process,Exam Revision: Plant transpiration moves water from roots to leaves through xylem vessel tracheids. (Important for final exam),MISSING,0.0,False,NCERT Textbooks,"NCERT Class 11 Biology, Chapter 13, Section 13.6"
REC-GEO-01142,Geography,Class 11,Natural Hazards and Disasters,Causes of Disasters and Mitigation Strategies,"Natural disasters (earthquakes, landslides, GLOF, floods) require proactive mitigation strategies including hazard risk mapping, early warning systems, slope stabilization, and afforestation.",process,"Exam Revision: Disaster mitigation strategies include hazard risk mapping, early warning sensor networks, earthquake resistant building codes, slope bio-engineering, and afforestation. (Important for final exam)",FULLY_COVERED,1.0,False,NCERT Textbooks,"NCERT Class 11 Geography, Chapter 7 (Disasters), Section 7.4"
REC-GEO-01230,Geography,Class 11,Atmosphere and Climate,Atmospheric Pressure Belts and Planetary Winds,"Global atmospheric circulation features Equatorial Low (Doldrums), Subtropical Highs (Horse Latitudes), Subpolar Lows, and Polar Highs driving Trade Winds, Westerlies, and Easterlies.",core_concept,Exam Revision: Ocean currents are continuous directional movements of seawater driven by wind and density. (Important for final exam),MISSING,0.0,False,NCERT Textbooks,"NCERT Class 11 Geography, Chapter 10, Section 10.4"
REC-GEO-01170,Geography,Class 11,Natural Hazards and Disasters,Causes of Disasters and Mitigation Strategies,"Natural disasters (earthquakes, landslides, GLOF, floods) require proactive mitigation strategies including hazard risk mapping, early warning systems, slope stabilization, and afforestation.",process,- Earthquakes are measured on the Richter scale for magnitude and Mercalli scale for intensity.,MISSING,0.0,True,NCERT Textbooks,"NCERT Class 11 Geography, Chapter 7 (Disasters), Section 7.4"
REC-MAT-00910,Mathematics,Class 12,Probability,Bayes' Theorem,Bayes' theorem calculates conditional probability P(Ai|B) = [P(Ai) * P(B|Ai)] / sum[P(Ak) * P(B|Ak)] for partition events Ai.,formula,Exam Revision: Bayes theorem: posterior probability P(A|B) = P(B|A)*P(A) / P(B). (Important for final exam),FULLY_COVERED,1.0,False,NCERT Textbooks,"NCERT Class 12 Mathematics Part 2, Chapter 13, Section 13.3"
REC-GEO-01105,Geography,Class 11,Landforms and their Evolution,Agents of Gradation and River Landforms,"Running water as a geomorphic agent creates erosional landforms (V-shaped valleys, waterfalls, gorges) in youthful stage and depositional landforms (deltas, alluvial fans, levees) in old stage.",process,Running water is a primary agent of gradation shaping Earth's surface.,PARTIALLY_COVERED,0.5,True,NCERT Textbooks,"NCERT Class 11 Geography, Chapter 7, Section 7.2"
REC-GEO-01147,Geography,Class 11,Natural Hazards and Disasters,Causes of Disasters and Mitigation Strategies,"Natural disasters (earthquakes, landslides, GLOF, floods) require proactive mitigation strategies including hazard risk mapping, early warning systems, slope stabilization, and afforestation.",process,"Note: Mitigating natural hazards (landslides, GLOF, floods): risk mapping, early warning systems, slope stabilization, and disaster management plans. [Ref: NCERT Chapter notes]",FULLY_COVERED,1.0,False,NCERT Textbooks,"NCERT Class 11 Geography, Chapter 7 (Disasters), Section 7.4"
REC-MAT-00966,Mathematics,Class 10,Quadratic Equations,Quadratic Formula and Discriminant,Quadratic formula x = [-b +- sqrt(b^2 - 4ac)] / (2a) solves ax^2 + bx + c = 0 with discriminant D = b^2 - 4ac determining root nature.,formula,Exam Revision: Discriminant D = b^2 - 4ac determines whether roots are real or imaginary. (Important for final exam),PARTIALLY_COVERED,0.5,True,NCERT Textbooks,"NCERT Class 10 Mathematics, Chapter 4, Section 4.4"
REC-PHY-00158,Physics,Class 12,Electric Charges and Fields,Field Inside a Thin Spherical Shell,Electric field inside a uniformly charged thin spherical shell (r < R) is strictly zero (E = 0) because enclosed charge is zero.,core_concept,Exam Revision: A thin spherical shell carries total charge Q distributed on surface. (Important for final exam),PARTIALLY_COVERED,0.5,True,NCERT Textbooks,"NCERT Class 12 Physics Part 1, Chapter 1, Section 1.15.3"
REC-GEO-01017,Geography,Class 11,Fundamentals of Physical Geography,Theory of Plate Tectonics,"Theory of plate tectonics explains large-scale movement of Earth's lithospheric plates over convective asthenosphere forming divergent, convergent, and transform boundaries.",core_concept,Earth's crust is divided into tectonic plates.,PARTIALLY_COVERED,0.5,True,NCERT Textbooks,"NCERT Class 11 Geography, Chapter 4, Section 4.4"
REC-PHY-00014,Physics,Class 12,Electrostatic Potential and Capacitance,Parallel Plate Capacitor,Capacitance of a parallel plate capacitor in vacuum is C = (epsilon_0 * A) / d where A is plate area and d is separation.,formula,Exam Revision: Parallel plate cap. formula: C = epsilon0 * A / d. (Important for final exam),FULLY_COVERED,1.0,False,NCERT Textbooks,"NCERT Class 12 Physics Part 1, Chapter 2, Section 2.8"
REC-MAT-00784,Mathematics,Class 12,Integrals,Integration by Parts,Integration by parts formula is int(u * dv) = u * v - int(v * du) with ILATE rule for selecting first function u.,formula,Key Point: Integration by parts is used to integrate product of two functions. [Summary],PARTIALLY_COVERED,0.5,True,NCERT Textbooks,"NCERT Class 12 Mathematics Part 2, Chapter 7, Section 7.5"
REC-CHE-00355,Chemistry,Class 12,Electrochemistry,Nernst Equation,Nernst equation for electrode potential E = E_0 - (RT / nF) * ln(Q) where Q is reaction quotient.,formula,Note: Standard cell potential E0_cell = E0_cathode - E0_anode.,PARTIALLY_COVERED,0.5,True,NCERT Textbooks,"NCERT Class 12 Chemistry Part 1, Chapter 3, Section 3.3"
REC-BIO-00747,Biology,Class 11,Biomolecules,Enzyme Action and Mechanism,Enzymes lower activation energy barrier to accelerate biochemical reactions via active site substrate binding (lock and key / induced fit).,process,Note: Competitive inhibitors bind active site competing with substrate Vmax remains constant while Km increases.,MISSING,0.0,True,NCERT Textbooks,"NCERT Class 11 Biology, Chapter 9, Section 9.8"
REC-BIO-00662,Biology,Class 12,Molecular Basis of Inheritance,DNA Double Helix Structure,"Watson and Crick DNA double helix model features antiparallel polynucleotide chains with complementary base pairing (A=T with 2 H-bonds, G=C with 3 H-bonds).",definition,Exam Revision: Protein synthesis occurs at ribosomes via mRNA translation. (Important for final exam),MISSING,0.0,False,NCERT Textbooks,"NCERT Class 12 Biology, Chapter 6, Section 6.1"
REC-GEO-01014,Geography,Class 11,Fundamentals of Physical Geography,Theory of Plate Tectonics,"Theory of plate tectonics explains large-scale movement of Earth's lithospheric plates over convective asthenosphere forming divergent, convergent, and transform boundaries.",core_concept,Exam Revision: Plate tectonics explains continental drift and mountain formation. (Important for final exam),PARTIALLY_COVERED,0.5,True,NCERT Textbooks,"NCERT Class 11 Geography, Chapter 4, Section 4.4"
REC-BIO-00541,Biology,Class 11,Cell: The Unit of Life,Fluid Mosaic Model of Cell Membrane,"Fluid mosaic model describes cell membrane as a phospholipid bilayer with polar hydrophilic heads outside and nonpolar hydrophobic tails inside, with embedded proteins.",definition,Plasma membrane consists of lipids and proteins arranged in a bilayer. (refer to diagram for full details),PARTIALLY_COVERED,0.5,True,NCERT Textbooks,"NCERT Class 11 Biology, Chapter 8, Section 8.5.1"
REC-BIO-00545,Biology,Class 11,Cell: The Unit of Life,Fluid Mosaic Model of Cell Membrane,"Fluid mosaic model describes cell membrane as a phospholipid bilayer with polar hydrophilic heads outside and nonpolar hydrophobic tails inside, with embedded proteins.",definition,Cell membrane regulates active and passive transport of molecules.,PARTIALLY_COVERED,0.5,True,NCERT Textbooks,"NCERT Class 11 Biology, Chapter 8, Section 8.5.1"
REC-PHY-00086,Physics,Class 12,Electrostatic Potential and Capacitance,Energy Stored in a Capacitor,Electrostatic potential energy stored in a charged capacitor is U = (1/2) * C * V^2 = Q^2 / (2C).,formula,Exam Revision: Capacitors are used to store electric charge in electronic power supplies. (Important for final exam),MISSING,0.0,True,NCERT Textbooks,"NCERT Class 12 Physics Part 1, Chapter 2, Section 2.10"
REC-MAT-00842,Mathematics,Class 12,Matrices and Determinants,Inverse of a Matrix,Inverse of a square matrix A exists if det(A) != 0 (non-singular) and is calculated by A^(-1) = (1 / det(A)) * adj(A).,formula,"- Determinant of 2x2 matrix [[a,b],[c,d]] is ad - bc.",MISSING,0.0,True,NCERT Textbooks,"NCERT Class 12 Mathematics Part 1, Chapter 4, Section 4.5"
REC-GEO-01171,Geography,Class 11,Natural Hazards and Disasters,Causes of Disasters and Mitigation Strategies,"Natural disasters (earthquakes, landslides, GLOF, floods) require proactive mitigation strategies including hazard risk mapping, early warning systems, slope stabilization, and afforestation.",process,Note: Earthquakes are measured on the Richter scale for magnitude and Mercalli scale for intensity.,MISSING,0.0,True,NCERT Textbooks,"NCERT Class 11 Geography, Chapter 7 (Disasters), Section 7.4"
REC-MAT-00963,Mathematics,Class 10,Quadratic Equations,Quadratic Formula and Discriminant,Quadratic formula x = [-b +- sqrt(b^2 - 4ac)] / (2a) solves ax^2 + bx + c = 0 with discriminant D = b^2 - 4ac determining root nature.,formula,Note: Discriminant D = b^2 - 4ac determines whether roots are real or imaginary.,PARTIALLY_COVERED,0.5,True,NCERT Textbooks,"NCERT Class 10 Mathematics, Chapter 4, Section 4.4"
REC-GEO-01176,Geography,Class 11,Natural Hazards and Disasters,Causes of Disasters and Mitigation Strategies,"Natural disasters (earthquakes, landslides, GLOF, floods) require proactive mitigation strategies including hazard risk mapping, early warning systems, slope stabilization, and afforestation.",process,Key Point: Earthquakes are measured on the Richter scale for magnitude and Mercalli scale for intensity. [Summary],MISSING,0.0,True,NCERT Textbooks,"NCERT Class 11 Geography, Chapter 7 (Disasters), Section 7.4"
REC-MAT-00890,Mathematics,Class 11,Limits and Derivatives,First Principles Derivation,Derivative of function f(x) from first principles is f'(x) = lim_{h->0} [f(x+h) - f(x)] / h.,derivation,- L'Hopital's rule evaluates 0/0 indeterminate limits by differentiating numerator and denominator.,MISSING,0.0,False,NCERT Textbooks,"NCERT Class 11 Mathematics, Chapter 13, Section 13.5"
REC-PHY-00210,Physics,Class 12,Electromagnetic Induction,Faraday's Law of Induction,Induced electromotive force emf = - d(phi_B) / dt is proportional to negative rate of change of magnetic flux.,formula,- Magnetic flux phi_B = B * A * cos(theta).,PARTIALLY_COVERED,0.5,True,NCERT Textbooks,"NCERT Class 12 Physics Part 1, Chapter 6, Section 6.3"
REC-PHY-00152,Physics,Class 12,Electric Charges and Fields,Field Inside a Thin Spherical Shell,Electric field inside a uniformly charged thin spherical shell (r < R) is strictly zero (E = 0) because enclosed charge is zero.,core_concept,Key Point: Electric field inside a thin spherical shell is zero (E = 0 for r < R). [Summary],FULLY_COVERED,1.0,False,NCERT Textbooks,"NCERT Class 12 Physics Part 1, Chapter 1, Section 1.15.3"
REC-PHY-00064,Physics,Class 12,Electrostatic Potential and Capacitance,Energy Stored in a Capacitor,Electrostatic potential energy stored in a charged capacitor is U = (1/2) * C * V^2 = Q^2 / (2C).,formula,Key Point: Stored energy U = 0.5 * C * V^2. [Summary],FULLY_COVERED,1.0,False,NCERT Textbooks,"NCERT Class 12 Physics Part 1, Chapter 2, Section 2.10"
REC-PHY-00122,Physics,Class 12,Electric Charges and Fields,Field Due to Infinitely Long Straight Wire,Derivation of electric field due to infinitely long wire using Gauss's Law yielding E = lambda / (2 * pi * epsilon_0 * r).,derivation,- Long straight wire carries linear charge density lambda.,MISSING,0.0,True,NCERT Textbooks,"NCERT Class 12 Physics Part 1, Chapter 1, Section 1.15"
REC-BIO-00697,Biology,Class 12,Principles of Inheritance and Variation,Mendel's Law of Segregation,Mendel's Law of Segregation states that allele pairs separate during gamete formation so each gamete carries only one allele for each gene.,core_concept,Law of independent assortment states genes for different traits segregate independently during gamete formation.,MISSING,0.0,True,NCERT Textbooks,"NCERT Class 12 Biology, Chapter 5, Section 5.2.1"
REC-BIO-00722,Biology,Class 11,Biomolecules,Enzyme Action and Mechanism,Enzymes lower activation energy barrier to accelerate biochemical reactions via active site substrate binding (lock and key / induced fit).,process,"- Enzyme mechanism: substrate binds active site forming ES intermediate, lowering reaction activation energy.",FULLY_COVERED,1.0,False,NCERT Textbooks,"NCERT Class 11 Biology, Chapter 9, Section 9.8"
REC-PHY-00190,Physics,Class 12,Electromagnetic Induction,Faraday's Law of Induction,Induced electromotive force emf = - d(phi_B) / dt is proportional to negative rate of change of magnetic flux.,formula,Exam Revision: Faraday law states induced EMF is epsilon = - d(phi_B)/dt where negative sign represents Lenz's law direction. (Important for final exam),FULLY_COVERED,1.0,False,NCERT Textbooks,"NCERT Class 12 Physics Part 1, Chapter 6, Section 6.3"
REC-GEO-01075,Geography,Class 11,Fundamentals of Physical Geography,Locating Tectonic Plates on World Map,"Locating and mapping major tectonic plates (Pacific, Eurasian, African, Indo-Australian, North American, South American, Antarctic) on a world map.",process,Note: Earthquakes occur along fault lines and volcanic arcs.,MISSING,0.0,True,NCERT Textbooks,"NCERT Class 11 Geography, Chapter 4, Section 4.4.1"
REC-GEO-01137,Geography,Class 11,Natural Hazards and Disasters,Causes of Disasters and Mitigation Strategies,"Natural disasters (earthquakes, landslides, GLOF, floods) require proactive mitigation strategies including hazard risk mapping, early warning systems, slope stabilization, and afforestation.",process,"Disaster mitigation strategies include hazard risk mapping, early warning sensor networks, earthquake resistant building codes, slope bio-engineering, and afforestation.",FULLY_COVERED,1.0,False,NCERT Textbooks,"NCERT Class 11 Geography, Chapter 7 (Disasters), Section 7.4"
REC-BIO-00563,Biology,Class 11,Cell: The Unit of Life,Fluid Mosaic Model of Cell Membrane,"Fluid mosaic model describes cell membrane as a phospholipid bilayer with polar hydrophilic heads outside and nonpolar hydrophobic tails inside, with embedded proteins.",definition,Note: Mitochondria are double membrane bound organelles responsible for ATP synthesis.,MISSING,0.0,False,NCERT Textbooks,"NCERT Class 11 Biology, Chapter 8, Section 8.5.1"
REC-MAT-00827,Mathematics,Class 12,Matrices and Determinants,Inverse of a Matrix,Inverse of a square matrix A exists if det(A) != 0 (non-singular) and is calculated by A^(-1) = (1 / det(A)) * adj(A).,formula,Note: Inverse matrix satisfies property A * A^-1 = A^-1 * A = I.,PARTIALLY_COVERED,0.5,True,NCERT Textbooks,"NCERT Class 12 Mathematics Part 1, Chapter 4, Section 4.5"
REC-BIO-00603,Biology,Class 11,Photosynthesis in Higher Plants,Light Reaction and Photophosphorylation,"Non-cyclic photophosphorylation (Z-scheme) involves Photosystems II and I, water splitting (photolysis), ATP synthesis, and NADPH formation.",process,Note: Calvin cycle (dark reaction) fixes CO2 into glucose using RuBisCO enzyme in C3 plants.,MISSING,0.0,True,NCERT Textbooks,"NCERT Class 11 Biology, Chapter 13, Section 13.6"
REC-MAT-00829,Mathematics,Class 12,Matrices and Determinants,Inverse of a Matrix,Inverse of a square matrix A exists if det(A) != 0 (non-singular) and is calculated by A^(-1) = (1 / det(A)) * adj(A).,formula,Inverse matrix satisfies property A * A^-1 = A^-1 * A = I. (refer to diagram for full details),PARTIALLY_COVERED,0.5,True,NCERT Textbooks,"NCERT Class 12 Mathematics Part 1, Chapter 4, Section 4.5"
REC-CHE-00371,Chemistry,Class 12,Electrochemistry,Nernst Equation,Nernst equation for electrode potential E = E_0 - (RT / nF) * ln(Q) where Q is reaction quotient.,formula,Note: Galvanic cells convert chemical energy into electrical energy.,MISSING,0.0,False,NCERT Textbooks,"NCERT Class 12 Chemistry Part 1, Chapter 3, Section 3.3"
REC-MAT-00763,Mathematics,Class 12,Integrals,Integration by Parts,Integration by parts formula is int(u * dv) = u * v - int(v * du) with ILATE rule for selecting first function u.,formula,"Note: Integration by parts formula: int(u dv) = u*v - int(v du). ILATE rule determines priority for u: Inverse trig, Logarithmic, Algebraic, Trigonometric, Exponential. [Ref: NCERT Chapter notes]",FULLY_COVERED,1.0,False,NCERT Textbooks,"NCERT Class 12 Mathematics Part 2, Chapter 7, Section 7.5"
REC-GEO-01199,Geography,Class 11,Atmosphere and Climate,Atmospheric Pressure Belts and Planetary Winds,"Global atmospheric circulation features Equatorial Low (Doldrums), Subtropical Highs (Horse Latitudes), Subpolar Lows, and Polar Highs driving Trade Winds, Westerlies, and Easterlies.",core_concept,"Planetary wind system: Trade winds, Westerlies, and Polar Easterlies driven by pressure gradient force and Coriol= effect.",FULLY_COVERED,1.0,False,NCERT Textbooks,"NCERT Class 11 Geography, Chapter 10, Section 10.4"
REC-CHE-00349,Chemistry,Class 12,Electrochemistry,Nernst Equation,Nernst equation for electrode potential E = E_0 - (RT / nF) * ln(Q) where Q is reaction quotient.,formula,Nernst equation calculates electrode potential at non-standard concentration. (refer to diagram for full details),PARTIALLY_COVERED,0.5,True,NCERT Textbooks,"NCERT Class 12 Chemistry Part 1, Chapter 3, Section 3.3"
REC-GEO-01219,Geography,Class 11,Atmosphere and Climate,Atmospheric Pressure Belts and Planetary Winds,"Global atmospheric circulation features Equatorial Low (Doldrums), Subtropical Highs (Horse Latitudes), Subpolar Lows, and Polar Highs driving Trade Winds, Westerlies, and Easterlies.",core_concept,Note: Monsoon winds are seasonal land and sea breeze systems over South Asia.,MISSING,0.0,True,NCERT Textbooks,"NCERT Class 11 Geography, Chapter 10, Section 10.4"
REC-CHE-00374,Chemistry,Class 12,Electrochemistry,Nernst Equation,Nernst equation for electrode potential E = E_0 - (RT / nF) * ln(Q) where Q is reaction quotient.,formula,Exam Revision: Galvanic cells convert chemical energy into electrical energy. (Important for final exam),MISSING,0.0,False,NCERT Textbooks,"NCERT Class 12 Chemistry Part 1, Chapter 3, Section 3.3"
REC-PHY-00195,Physics,Class 12,Electromagnetic Induction,Faraday's Law of Induction,Induced electromotive force emf = - d(phi_B) / dt is proportional to negative rate of change of magnetic flux.,formula,Note: Induced voltage = - dPhi / dt. [Ref: NCERT Chapter notes],FULLY_COVERED,1.0,False,NCERT Textbooks,"NCERT Class 12 Physics Part 1, Chapter 6, Section 6.3"
REC-BIO-00646,Biology,Class 12,Molecular Basis of Inheritance,DNA Double Helix Structure,"Watson and Crick DNA double helix model features antiparallel polynucleotide chains with complementary base pairing (A=T with 2 H-bonds, G=C with 3 H-bonds).",definition,Exam Revision: Watson and Crick proposed double helical structure of DNA in 1953. (Important for final exam),PARTIALLY_COVERED,0.5,True,NCERT Textbooks,"NCERT Class 12 Biology, Chapter 6, Section 6.1"
REC-MAT-00913,Mathematics,Class 12,Probability,Bayes' Theorem,Bayes' theorem calculates conditional probability P(Ai|B) = [P(Ai) * P(B|Ai)] / sum[P(Ak) * P(B|Ak)] for partition events Ai.,formula,Bayes theorem calculates reverse conditional probability given prior probabilities.,PARTIALLY_COVERED,0.5,True,NCERT Textbooks,"NCERT Class 12 Mathematics Part 2, Chapter 13, Section 13.3"
REC-BIO-00560,Biology,Class 11,Cell: The Unit of Life,Fluid Mosaic Model of Cell Membrane,"Fluid mosaic model describes cell membrane as a phospholipid bilayer with polar hydrophilic heads outside and nonpolar hydrophobic tails inside, with embedded proteins.",definition,Key Point: Cell wall in plants is made of cellulose providing structural rigidity. [Summary],MISSING,0.0,True,NCERT Textbooks,"NCERT Class 11 Biology, Chapter 8, Section 8.5.1"
REC-BIO-00706,Biology,Class 12,Principles of Inheritance and Variation,Mendel's Law of Segregation,Mendel's Law of Segregation states that allele pairs separate during gamete formation so each gamete carries only one allele for each gene.,core_concept,- Sex determination in humans depends on XX female and XY male chromosome combinations.,MISSING,0.0,False,NCERT Textbooks,"NCERT Class 12 Biology, Chapter 5, Section 5.2.1"
REC-MAT-00930,Mathematics,Class 12,Probability,Bayes' Theorem,Bayes' theorem calculates conditional probability P(Ai|B) = [P(Ai) * P(B|Ai)] / sum[P(Ak) * P(B|Ak)] for partition events Ai.,formula,- Independent events satisfy P(A and B) = P(A) * P(B).,MISSING,0.0,True,NCERT Textbooks,"NCERT Class 12 Mathematics Part 2, Chapter 13, Section 13.3"
REC-CHE-00298,Chemistry,Class 12,Chemical Kinetics,Arrhenius Equation,Arrhenius equation k = A * exp(-Ea / (R * T)) describes temperature dependence of reaction rate constant k.,formula,- Reaction rate constant k increases exponentially with absolute temperature T.,PARTIALLY_COVERED,0.5,True,NCERT Textbooks,"NCERT Class 12 Chemistry Part 1, Chapter 4, Section 4.5"
REC-CHE-00443,Chemistry,Class 12,Haloalkanes and Haloarenes,SN1 vs SN2 Nucleophilic Substitution Mechanism,"SN1 mechanism involves carbocation intermediate with inversion/racemization, while SN2 involves concerted single-step transition state with complete inversion.",process,Note: Nucleophilic substitution replaces halogen atom with nucleophile like OH-.,PARTIALLY_COVERED,0.5,True,NCERT Textbooks,"NCERT Class 12 Chemistry Part 2, Chapter 10, Section 10.7"
REC-GEO-01016,Geography,Class 11,Fundamentals of Physical Geography,Theory of Plate Tectonics,"Theory of plate tectonics explains large-scale movement of Earth's lithospheric plates over convective asthenosphere forming divergent, convergent, and transform boundaries.",core_concept,Key Point: Plate tectonics explains continental drift and mountain formation. [Summary],PARTIALLY_COVERED,0.5,True,NCERT Textbooks,"NCERT Class 11 Geography, Chapter 4, Section 4.4"
REC-MAT-00803,Mathematics,Class 12,Integrals,Integration by Parts,Integration by parts formula is int(u * dv) = u * v - int(v * du) with ILATE rule for selecting first function u.,formula,Note: Derivative of sin(x) is cos(x) and integral of cos(x) is sin(x) + C.,MISSING,0.0,False,NCERT Textbooks,"NCERT Class 12 Mathematics Part 2, Chapter 7, Section 7.5"
REC-CHE-00297,Chemistry,Class 12,Chemical Kinetics,Arrhenius Equation,Arrhenius equation k = A * exp(-Ea / (R * T)) describes temperature dependence of reaction rate constant k.,formula,Reaction rate constant k increases exponentially with absolute temperature T.,PARTIALLY_COVERED,0.5,True,NCERT Textbooks,"NCERT Class 12 Chemistry Part 1, Chapter 4, Section 4.5"
REC-PHY-00089,Physics,Class 12,Electrostatic Potential and Capacitance,Energy Stored in a Capacitor,Electrostatic potential energy stored in a charged capacitor is U = (1/2) * C * V^2 = Q^2 / (2C).,formula,Resistance dissipates energy as heat according to Joule's law H = I^2 R t.,MISSING,0.0,False,NCERT Textbooks,"NCERT Class 12 Physics Part 1, Chapter 2, Section 2.10"
REC-CHE-00378,Chemistry,Class 11,Equilibrium,Le Chatelier's Principle,"Le Chatelier's principle states that if a dynamic equilibrium is disturbed by changing concentration, pressure, or temperature, the system shifts to counteract the disturbance.",core_concept,"- Le Chatelier principle: modifying temperature, pressure, or concentration of an equilibrium system shifts position in direction that counteracts the applied change.",FULLY_COVERED,1.0,False,NCERT Textbooks,"NCERT Class 11 Chemistry Part 1, Chapter 7, Section 7.8"
REC-BIO-00567,Biology,Class 11,Cell: The Unit of Life,Fluid Mosaic Model of Cell Membrane,"Fluid mosaic model describes cell membrane as a phospholipid bilayer with polar hydrophilic heads outside and nonpolar hydrophobic tails inside, with embedded proteins.",definition,Mitochondria are double membrane bound organelles responsible for ATP synthes=.,MISSING,0.0,False,NCERT Textbooks,"NCERT Class 11 Biology, Chapter 8, Section 8.5.1"
REC-CHE-00445,Chemistry,Class 12,Haloalkanes and Haloarenes,SN1 vs SN2 Nucleophilic Substitution Mechanism,"SN1 mechanism involves carbocation intermediate with inversion/racemization, while SN2 involves concerted single-step transition state with complete inversion.",process,Nucleophilic substitution replaces halogen atom with nucleophile like OH-. (refer to diagram for full details),PARTIALLY_COVERED,0.5,True,NCERT Textbooks,"NCERT Class 12 Chemistry Part 2, Chapter 10, Section 10.7"
REC-GEO-01209,Geography,Class 11,Atmosphere and Climate,Atmospheric Pressure Belts and Planetary Winds,"Global atmospheric circulation features Equatorial Low (Doldrums), Subtropical Highs (Horse Latitudes), Subpolar Lows, and Polar Highs driving Trade Winds, Westerlies, and Easterlies.",core_concept,Coriolis force deflects winds to right in northern hemisphere and left in southern hemisphere.,PARTIALLY_COVERED,0.5,True,NCERT Textbooks,"NCERT Class 11 Geography, Chapter 10, Section 10.4"
REC-CHE-00321,Chemistry,Class 12,Chemical Kinetics,Arrhenius Equation,Arrhenius equation k = A * exp(-Ea / (R * T)) describes temperature dependence of reaction rate constant k.,formula,Catalysts lower activation energy without being consumed.,MISSING,0.0,True,NCERT Textbooks,"NCERT Class 12 Chemistry Part 1, Chapter 4, Section 4.5"
REC-PHY-00075,Physics,Class 12,Electrostatic Potential and Capacitance,Energy Stored in a Capacitor,Electrostatic potential energy stored in a charged capacitor is U = (1/2) * C * V^2 = Q^2 / (2C).,formula,Note: Energy stored U depends on capacitance C.,PARTIALLY_COVERED,0.5,True,NCERT Textbooks,"NCERT Class 12 Physics Part 1, Chapter 2, Section 2.10"
REC-CHE-00457,Chemistry,Class 12,Haloalkanes and Haloarenes,SN1 vs SN2 Nucleophilic Substitution Mechanism,"SN1 mechanism involves carbocation intermediate with inversion/racemization, while SN2 involves concerted single-step transition state with complete inversion.",process,Electrophilic aromatic substitution occurs in benzene rings using Lewis acid catalysts.,MISSING,0.0,True,NCERT Textbooks,"NCERT Class 12 Chemistry Part 2, Chapter 10, Section 10.7"
REC-MAT-00969,Mathematics,Class 10,Quadratic Equations,Quadratic Formula and Discriminant,Quadratic formula x = [-b +- sqrt(b^2 - 4ac)] / (2a) solves ax^2 + bx + c = 0 with discriminant D = b^2 - 4ac determining root nature.,formula,Sum of roots is -b/a and product of roots is c/a.,PARTIALLY_COVERED,0.5,True,NCERT Textbooks,"NCERT Class 10 Mathematics, Chapter 4, Section 4.4"
REC-CHE-00307,Chemistry,Class 12,Chemical Kinetics,Arrhenius Equation,Arrhenius equation k = A * exp(-Ea / (R * T)) describes temperature dependence of reaction rate constant k.,formula,Note: Activation energy Ea is the minimum energy required to form activated complex.,PARTIALLY_COVERED,0.5,True,NCERT Textbooks,"NCERT Class 12 Chemistry Part 1, Chapter 4, Section 4.5"
REC-MAT-00789,Mathematics,Class 12,Integrals,Integration by Parts,Integration by parts formula is int(u * dv) = u * v - int(v * du) with ILATE rule for selecting first function u.,formula,Formula int(u dv) = u v - int(v du). (refer to diagram for full details),PARTIALLY_COVERED,0.5,True,NCERT Textbooks,"NCERT Class 12 Mathematics Part 2, Chapter 7, Section 7.5"
REC-MAT-00973,Mathematics,Class 10,Quadratic Equations,Quadratic Formula and Discriminant,Quadratic formula x = [-b +- sqrt(b^2 - 4ac)] / (2a) solves ax^2 + bx + c = 0 with discriminant D = b^2 - 4ac determining root nature.,formula,Sum of roots is -b/a and product of roots is c/a. (refer to diagram for full details),PARTIALLY_COVERED,0.5,True,NCERT Textbooks,"NCERT Class 10 Mathematics, Chapter 4, Section 4.4"
REC-MAT-00907,Mathematics,Class 12,Probability,Bayes' Theorem,Bayes' theorem calculates conditional probability P(Ai|B) = [P(Ai) * P(B|Ai)] / sum[P(Ak) * P(B|Ak)] for partition events Ai.,formula,Note: Bayes theorem: posterior probability P(A|B) = P(B|A)*P(A) / P(B). [Ref: NCERT Chapter notes],FULLY_COVERED,1.0,False,NCERT Textbooks,"NCERT Class 12 Mathematics Part 2, Chapter 13, Section 13.3"
REC-CHE-00382,Chemistry,Class 11,Equilibrium,Le Chatelier's Principle,"Le Chatelier's principle states that if a dynamic equilibrium is disturbed by changing concentration, pressure, or temperature, the system shifts to counteract the disturbance.",core_concept,"Exam Revision: Le Chatelier principle: modifying temperature, pressure, or concentration of an equilibrium system shifts position in direction that counteracts the applied change. (Important for final exam)",FULLY_COVERED,1.0,False,NCERT Textbooks,"NCERT Class 11 Chemistry Part 1, Chapter 7, Section 7.8"
REC-BIO-00538,Biology,Class 11,Cell: The Unit of Life,Fluid Mosaic Model of Cell Membrane,"Fluid mosaic model describes cell membrane as a phospholipid bilayer with polar hydrophilic heads outside and nonpolar hydrophobic tails inside, with embedded proteins.",definition,- Plasma membrane consists of lipids and proteins arranged in a bilayer.,PARTIALLY_COVERED,0.5,True,NCERT Textbooks,"NCERT Class 11 Biology, Chapter 8, Section 8.5.1"
REC-BIO-00651,Biology,Class 12,Molecular Basis of Inheritance,DNA Double Helix Structure,"Watson and Crick DNA double helix model features antiparallel polynucleotide chains with complementary base pairing (A=T with 2 H-bonds, G=C with 3 H-bonds).",definition,Note: RNA contains ribose sugar and uracil base instead of thymine.,MISSING,0.0,True,NCERT Textbooks,"NCERT Class 12 Biology, Chapter 6, Section 6.1"
REC-PHY-00225,Physics,Class 12,Electromagnetic Induction,Faraday's Law of Induction,Induced electromotive force emf = - d(phi_B) / dt is proportional to negative rate of change of magnetic flux.,formula,Refraction occurs when light passes between optically dense media.,MISSING,0.0,False,NCERT Textbooks,"NCERT Class 12 Physics Part 1, Chapter 6, Section 6.3"
REC-GEO-01224,Geography,Class 11,Atmosphere and Climate,Atmospheric Pressure Belts and Planetary Winds,"Global atmospheric circulation features Equatorial Low (Doldrums), Subtropical Highs (Horse Latitudes), Subpolar Lows, and Polar Highs driving Trade Winds, Westerlies, and Easterlies.",core_concept,Key Point: Monsoon winds are seasonal land and sea breeze systems over South Asia. [Summary],MISSING,0.0,True,NCERT Textbooks,"NCERT Class 11 Geography, Chapter 10, Section 10.4"
REC-GEO-01030,Geography,Class 11,Fundamentals of Physical Geography,Theory of Plate Tectonics,"Theory of plate tectonics explains large-scale movement of Earth's lithospheric plates over convective asthenosphere forming divergent, convergent, and transform boundaries.",core_concept,Exam Revision: Plate tectonics was proposed by Alfred Wegener in 1912. (Important for final exam),MISSING,0.0,True,NCERT Textbooks,"NCERT Class 11 Geography, Chapter 4, Section 4.4"
REC-BIO-00755,Biology,Class 11,Biomolecules,Enzyme Action and Mechanism,Enzymes lower activation energy barrier to accelerate biochemical reactions via active site substrate binding (lock and key / induced fit).,process,Note: Cofactors like coenzymes and prosthetic groups increase catalytic activity.,MISSING,0.0,False,NCERT Textbooks,"NCERT Class 11 Biology, Chapter 9, Section 9.8"
REC-PHY-00237,Physics,Class 12,Ray Optics and Optical Instruments,Lens Maker's Formula,"Lens maker's formula 1/f = (n - 1) * (1/R1 - 1/R2) relates focal length f of a thin lens to refractive index n and radii of curvature R1, R2.",formula,Lens maker formla: 1/f = (mu - 1) * (1/R1 - 1/R2) where R1 and R2 are radii of curvature of two lens surfaces.,FULLY_COVERED,1.0,False,NCERT Textbooks,"NCERT Class 12 Physics Part 2, Chapter 9, Section 9.5"
REC-GEO-01113,Geography,Class 11,Landforms and their Evolution,Agents of Gradation and River Landforms,"Running water as a geomorphic agent creates erosional landforms (V-shaped valleys, waterfalls, gorges) in youthful stage and depositional landforms (deltas, alluvial fans, levees) in old stage.",process,Deltas are depositional landforms formed at river mouths.,PARTIALLY_COVERED,0.5,True,NCERT Textbooks,"NCERT Class 11 Geography, Chapter 7, Section 7.2"
REC-MAT-00862,Mathematics,Class 11,Limits and Derivatives,First Principles Derivation,Derivative of function f(x) from first principles is f'(x) = lim_{h->0} [f(x+h) - f(x)] / h.,derivation,Exam Revision: First principle of derivative: f'(x) = lim(h->0) [f(x+h) - f(x)] / h. Derives rate of change from secant slope limit. (Important for final exam),FULLY_COVERED,1.0,False,NCERT Textbooks,"NCERT Class 11 Mathematics, Chapter 13, Section 13.5"
REC-PHY-00097,Physics,Class 12,Electric Charges and Fields,Field Due to Infinitely Long Straight Wire,Derivation of electric field due to infinitely long wire using Gauss's Law yielding E = lambda / (2 * pi * epsilon_0 * r).,derivation,Construct a cylindrical Gaussian surface of radius r and length L. Flux through end caps is 0. Curved flux = E(2*pi*r*L) = Q_enclosed/e0 = lambda*L/e0 => E = lambda / (2*pi*e0*r).,FULLY_COVERED,1.0,False,NCERT Textbooks,"NCERT Class 12 Physics Part 1, Chapter 1, Section 1.15"
REC-MAT-00920,Mathematics,Class 12,Probability,Bayes' Theorem,Bayes' theorem calculates conditional probability P(Ai|B) = [P(Ai) * P(B|Ai)] / sum[P(Ak) * P(B|Ak)] for partition events Ai.,formula,Key Point: Bayes theorem calculates reverse conditional probability given prior probabilities. [Summary],PARTIALLY_COVERED,0.5,True,NCERT Textbooks,"NCERT Class 12 Mathematics Part 2, Chapter 13, Section 13.3"
REC-MAT-00967,Mathematics,Class 10,Quadratic Equations,Quadratic Formula and Discriminant,Quadratic formula x = [-b +- sqrt(b^2 - 4ac)] / (2a) solves ax^2 + bx + c = 0 with discriminant D = b^2 - 4ac determining root nature.,formula,D=criminant D = b^2 - 4ac determines whether roots are real or imaginary.,PARTIALLY_COVERED,0.5,True,NCERT Textbooks,"NCERT Class 10 Mathematics, Chapter 4, Section 4.4"
REC-GEO-01193,Geography,Class 11,Atmosphere and Climate,Atmospheric Pressure Belts and Planetary Winds,"Global atmospheric circulation features Equatorial Low (Doldrums), Subtropical Highs (Horse Latitudes), Subpolar Lows, and Polar Highs driving Trade Winds, Westerlies, and Easterlies.",core_concept,"Planetary wind system: Trade winds, Westerlies, and Polar Easterlies driven by pressure gradient force and Coriolis effect.",FULLY_COVERED,1.0,False,NCERT Textbooks,"NCERT Class 11 Geography, Chapter 10, Section 10.4"
REC-CHE-00377,Chemistry,Class 11,Equilibrium,Le Chatelier's Principle,"Le Chatelier's principle states that if a dynamic equilibrium is disturbed by changing concentration, pressure, or temperature, the system shifts to counteract the disturbance.",core_concept,"Le Chatelier principle: modifying temperature, pressure, or concentration of an equilibrium system shifts position in direction that counteracts the applied change.",FULLY_COVERED,1.0,False,NCERT Textbooks,"NCERT Class 11 Chemistry Part 1, Chapter 7, Section 7.8"
REC-MAT-00951,Mathematics,Class 10,Quadratic Equations,Quadratic Formula and Discriminant,Quadratic formula x = [-b +- sqrt(b^2 - 4ac)] / (2a) solves ax^2 + bx + c = 0 with discriminant D = b^2 - 4ac determining root nature.,formula,"Roots of ax^2 + bx + c = 0 given by x = (-b +- sqrt(b^2 - 4ac)) / (2a). D=criminant D = b^2 - 4ac: D>0 real d=tinct, D=0 real equal, D<0 complex.",FULLY_COVERED,1.0,False,NCERT Textbooks,"NCERT Class 10 Mathematics, Chapter 4, Section 4.4"
REC-CHE-00294,Chemistry,Class 12,Chemical Kinetics,Arrhenius Equation,Arrhenius equation k = A * exp(-Ea / (R * T)) describes temperature dependence of reaction rate constant k.,formula,Exam Revision: ln(k2/k1) = (Ea/R) * (1/T1 - 1/T2) derived from Arrhenius equation. (Important for final exam),FULLY_COVERED,1.0,False,NCERT Textbooks,"NCERT Class 12 Chemistry Part 1, Chapter 4, Section 4.5"
REC-CHE-00501,Chemistry,Class 11,States of Matter,Ideal Gas Equation,"Ideal gas equation P * V = n * R * T combines Boyle's law, Charles's law, and Avogadro's law for ideal gas behavior.",formula,Boyle's law states P is inversely proportional to V at constant T. (refer to diagram for full details),PARTIALLY_COVERED,0.5,True,NCERT Textbooks,"NCERT Class 11 Chemistry Part 1, Chapter 5, Section 5.5"
REC-BIO-00523,Biology,Class 11,Cell: The Unit of Life,Fluid Mosaic Model of Cell Membrane,"Fluid mosaic model describes cell membrane as a phospholipid bilayer with polar hydrophilic heads outside and nonpolar hydrophobic tails inside, with embedded proteins.",definition,"Note: Fluid mosaic model proposed by Singer and Nicolson: quasi-fluid phospholipid bilayer with polar hydrophilic heads facing outward and nonpolar hydrophobic fatty acid tails facing inward, integrated with transport proteins. [Ref: NCERT Chapter notes]",FULLY_COVERED,1.0,False,NCERT Textbooks,"NCERT Class 11 Biology, Chapter 8, Section 8.5.1"
REC-PHY-00224,Physics,Class 12,Electromagnetic Induction,Faraday's Law of Induction,Induced electromotive force emf = - d(phi_B) / dt is proportional to negative rate of change of magnetic flux.,formula,Key Point: Self inductance of solenoid is L = mu_0 * N^2 * A / l. [Summary],MISSING,0.0,True,NCERT Textbooks,"NCERT Class 12 Physics Part 1, Chapter 6, Section 6.3"
REC-CHE-00514,Chemistry,Class 11,States of Matter,Ideal Gas Equation,"Ideal gas equation P * V = n * R * T combines Boyle's law, Charles's law, and Avogadro's law for ideal gas behavior.",formula,- Dalton's law of partial pressures P_total = P1 + P2 + P3.,MISSING,0.0,False,NCERT Textbooks,"NCERT Class 11 Chemistry Part 1, Chapter 5, Section 5.5"
REC-MAT-00902,Mathematics,Class 12,Probability,Bayes' Theorem,Bayes' theorem calculates conditional probability P(Ai|B) = [P(Ai) * P(B|Ai)] / sum[P(Ak) * P(B|Ak)] for partition events Ai.,formula,Exam Revision: Bayes theorem formula: P(E_i|A) = [P(E_i)*P(A|E_i)] / sum_{j=1}^n [P(E_j)*P(A|E_j)] for pairwise disjoint events E_i. (Important for final exam),FULLY_COVERED,1.0,False,NCERT Textbooks,"NCERT Class 12 Mathematics Part 2, Chapter 13, Section 13.3"
REC-BIO-00640,Biology,Class 12,Molecular Basis of Inheritance,DNA Double Helix Structure,"Watson and Crick DNA double helix model features antiparallel polynucleotide chains with complementary base pairing (A=T with 2 H-bonds, G=C with 3 H-bonds).",definition,"Key Point: DNA consists of nitrogenous bases adenine, guanine, cytosine, and thymine. [Summary]",PARTIALLY_COVERED,0.5,True,NCERT Textbooks,"NCERT Class 12 Biology, Chapter 6, Section 6.1"
REC-GEO-01169,Geography,Class 11,Natural Hazards and Disasters,Causes of Disasters and Mitigation Strategies,"Natural disasters (earthquakes, landslides, GLOF, floods) require proactive mitigation strategies including hazard risk mapping, early warning systems, slope stabilization, and afforestation.",process,Earthquakes are measured on the Richter scale for magnitude and Mercalli scale for intensity.,MISSING,0.0,True,NCERT Textbooks,"NCERT Class 11 Geography, Chapter 7 (Disasters), Section 7.4"
REC-GEO-01160,Geography,Class 11,Natural Hazards and Disasters,Causes of Disasters and Mitigation Strategies,"Natural disasters (earthquakes, landslides, GLOF, floods) require proactive mitigation strategies including hazard risk mapping, early warning systems, slope stabilization, and afforestation.",process,Key Point: Disaster mitigation involves preparing for natural hazards like earthquakes and floods. [Summary],PARTIALLY_COVERED,0.5,True,NCERT Textbooks,"NCERT Class 11 Geography, Chapter 7 (Disasters), Section 7.4"
REC-PHY-00138,Physics,Class 12,Electric Charges and Fields,Field Inside a Thin Spherical Shell,Electric field inside a uniformly charged thin spherical shell (r < R) is strictly zero (E = 0) because enclosed charge is zero.,core_concept,"- Inside a thin charged shell (r < R), enclosed charge Q_enc = 0. By Gauss law E*(4*pi*r^2) = 0 => E = 0 everywhere inside.",FULLY_COVERED,1.0,False,NCERT Textbooks,"NCERT Class 12 Physics Part 1, Chapter 1, Section 1.15.3"
REC-GEO-01203,Geography,Class 11,Atmosphere and Climate,Atmospheric Pressure Belts and Planetary Winds,"Global atmospheric circulation features Equatorial Low (Doldrums), Subtropical Highs (Horse Latitudes), Subpolar Lows, and Polar Highs driving Trade Winds, Westerlies, and Easterlies.",core_concept,Note: Pressure belts shift north and south with apparent movement of the sun.,PARTIALLY_COVERED,0.5,True,NCERT Textbooks,"NCERT Class 11 Geography, Chapter 10, Section 10.4"
REC-PHY-00107,Physics,Class 12,Electric Charges and Fields,Field Due to Infinitely Long Straight Wire,Derivation of electric field due to infinitely long wire using Gauss's Law yielding E = lambda / (2 * pi * epsilon_0 * r).,derivation,Note: Electric field of long line charge is E = lambda / (2 * pi * e0 * r).,PARTIALLY_COVERED,0.5,True,NCERT Textbooks,"NCERT Class 12 Physics Part 1, Chapter 1, Section 1.15"
REC-CHE-00408,Chemistry,Class 11,Equilibrium,Le Chatelier's Principle,"Le Chatelier's principle states that if a dynamic equilibrium is disturbed by changing concentration, pressure, or temperature, the system shifts to counteract the disturbance.",core_concept,Key Point: Exothermic reactions shift left when temperature is increased. [Summary],PARTIALLY_COVERED,0.5,True,NCERT Textbooks,"NCERT Class 11 Chemistry Part 1, Chapter 7, Section 7.8"
REC-GEO-01097,Geography,Class 11,Landforms and their Evolution,Agents of Gradation and River Landforms,"Running water as a geomorphic agent creates erosional landforms (V-shaped valleys, waterfalls, gorges) in youthful stage and depositional landforms (deltas, alluvial fans, levees) in old stage.",process,Fluvial landforms: upper course erosion creates gorges/waterfalls; lower course deposition creates oxbow lakes and deltas.,FULLY_COVERED,1.0,False,NCERT Textbooks,"NCERT Class 11 Geography, Chapter 7, Section 7.2"
REC-CHE-00320,Chemistry,Class 12,Chemical Kinetics,Arrhenius Equation,Arrhenius equation k = A * exp(-Ea / (R * T)) describes temperature dependence of reaction rate constant k.,formula,"Key Point: Order of a reaction can be zero, fractional, or integer determined experimentally. [Summary]",MISSING,0.0,True,NCERT Textbooks,"NCERT Class 12 Chemistry Part 1, Chapter 4, Section 4.5"
REC-MAT-00938,Mathematics,Class 12,Probability,Bayes' Theorem,Bayes' theorem calculates conditional probability P(Ai|B) = [P(Ai) * P(B|Ai)] / sum[P(Ak) * P(B|Ak)] for partition events Ai.,formula,- Binomial distribution mean is n*p and variance is n*p*q.,MISSING,0.0,False,NCERT Textbooks,"NCERT Class 12 Mathematics Part 2, Chapter 13, Section 13.3"
REC-PHY-00059,Physics,Class 12,Electrostatic Potential and Capacitance,Energy Stored in a Capacitor,Electrostatic potential energy stored in a charged capacitor is U = (1/2) * C * V^2 = Q^2 / (2C).,formula,Note: Stored energy U = 0.5 * C * V^2. [Ref: NCERT Chapter notes],FULLY_COVERED,1.0,False,NCERT Textbooks,"NCERT Class 12 Physics Part 1, Chapter 2, Section 2.10"
REC-PHY-00095,Physics,Class 12,Electrostatic Potential and Capacitance,Energy Stored in a Capacitor,Electrostatic potential energy stored in a charged capacitor is U = (1/2) * C * V^2 = Q^2 / (2C).,formula,Res=tance d=sipates energy as heat according to Joule's law H = I^2 R t.,MISSING,0.0,False,NCERT Textbooks,"NCERT Class 12 Physics Part 1, Chapter 2, Section 2.10"
REC-GEO-00995,Geography,Class 11,Fundamentals of Physical Geography,Theory of Plate Tectonics,"Theory of plate tectonics explains large-scale movement of Earth's lithospheric plates over convective asthenosphere forming divergent, convergent, and transform boundaries.",core_concept,"Note: Earth's rigid outer lithosphere is broken into major and minor tectonic plates moving over warm convective asthenosphere. Plate interactions form divergent, convergent, and transform boundaries. [Ref: NCERT Chapter notes]",FULLY_COVERED,1.0,False,NCERT Textbooks,"NCERT Class 11 Geography, Chapter 4, Section 4.4"
REC-PHY-00265,Physics,Class 12,Ray Optics and Optical Instruments,Lens Maker's Formula,"Lens maker's formula 1/f = (n - 1) * (1/R1 - 1/R2) relates focal length f of a thin lens to refractive index n and radii of curvature R1, R2.",formula,Total internal reflection occurs when light exceeds critical angle.,MISSING,0.0,True,NCERT Textbooks,"NCERT Class 12 Physics Part 2, Chapter 9, Section 9.5"
REC-MAT-00819,Mathematics,Class 12,Matrices and Determinants,Inverse of a Matrix,Inverse of a square matrix A exists if det(A) != 0 (non-singular) and is calculated by A^(-1) = (1 / det(A)) * adj(A).,formula,Note: Inverse A^-1 = adj(A) / |A| exists only if |A| != 0 (non-singular matrix). [Ref: NCERT Chapter notes],FULLY_COVERED,1.0,False,NCERT Textbooks,"NCERT Class 12 Mathematics Part 1, Chapter 4, Section 4.5"
REC-CHE-00510,Chemistry,Class 11,States of Matter,Ideal Gas Equation,"Ideal gas equation P * V = n * R * T combines Boyle's law, Charles's law, and Avogadro's law for ideal gas behavior.",formula,Exam Revision: Real gases deviate from ideal behavior at high pressure and low temperature due to intermolecular forces. (Important for final exam),MISSING,0.0,True,NCERT Textbooks,"NCERT Class 11 Chemistry Part 1, Chapter 5, Section 5.5"
REC-MAT-00877,Mathematics,Class 11,Limits and Derivatives,First Principles Derivation,Derivative of function f(x) from first principles is f'(x) = lim_{h->0} [f(x+h) - f(x)] / h.,derivation,Derivative represents slope of tangent line to curve at point x. (refer to diagram for full details),PARTIALLY_COVERED,0.5,True,NCERT Textbooks,"NCERT Class 11 Mathematics, Chapter 13, Section 13.5"
REC-MAT-00891,Mathematics,Class 11,Limits and Derivatives,First Principles Derivation,Derivative of function f(x) from first principles is f'(x) = lim_{h->0} [f(x+h) - f(x)] / h.,derivation,Note: L'Hopital's rule evaluates 0/0 indeterminate limits by differentiating numerator and denominator.,MISSING,0.0,False,NCERT Textbooks,"NCERT Class 11 Mathematics, Chapter 13, Section 13.5"
REC-CHE-00414,Chemistry,Class 11,Equilibrium,Le Chatelier's Principle,"Le Chatelier's principle states that if a dynamic equilibrium is disturbed by changing concentration, pressure, or temperature, the system shifts to counteract the disturbance.",core_concept,Exam Revision: Catalysts increase both forward and reverse reaction rates equally without changing Kc. (Important for final exam),MISSING,0.0,True,NCERT Textbooks,"NCERT Class 11 Chemistry Part 1, Chapter 7, Section 7.8"
REC-MAT-00783,Mathematics,Class 12,Integrals,Integration by Parts,Integration by parts formula is int(u * dv) = u * v - int(v * du) with ILATE rule for selecting first function u.,formula,Integration by parts = used to integrate product of two functions.,PARTIALLY_COVERED,0.5,True,NCERT Textbooks,"NCERT Class 12 Mathematics Part 2, Chapter 7, Section 7.5"
REC-PHY-00106,Physics,Class 12,Electric Charges and Fields,Field Due to Infinitely Long Straight Wire,Derivation of electric field due to infinitely long wire using Gauss's Law yielding E = lambda / (2 * pi * epsilon_0 * r).,derivation,- Electric field of long line charge is E = lambda / (2 * pi * e0 * r).,PARTIALLY_COVERED,0.5,True,NCERT Textbooks,"NCERT Class 12 Physics Part 1, Chapter 1, Section 1.15"
REC-BIO-00537,Biology,Class 11,Cell: The Unit of Life,Fluid Mosaic Model of Cell Membrane,"Fluid mosaic model describes cell membrane as a phospholipid bilayer with polar hydrophilic heads outside and nonpolar hydrophobic tails inside, with embedded proteins.",definition,Plasma membrane consists of lipids and proteins arranged in a bilayer.,PARTIALLY_COVERED,0.5,True,NCERT Textbooks,"NCERT Class 11 Biology, Chapter 8, Section 8.5.1"
REC-PHY-00170,Physics,Class 12,Electric Charges and Fields,Field Inside a Thin Spherical Shell,Electric field inside a uniformly charged thin spherical shell (r < R) is strictly zero (E = 0) because enclosed charge is zero.,core_concept,"- Outside a spherical shell, electric field behaves as if all charge were at center E = kQ/r^2.",MISSING,0.0,True,NCERT Textbooks,"NCERT Class 12 Physics Part 1, Chapter 1, Section 1.15.3"
REC-MAT-00761,Mathematics,Class 12,Integrals,Integration by Parts,Integration by parts formula is int(u * dv) = u * v - int(v * du) with ILATE rule for selecting first function u.,formula,"Integration by parts formula: int(u dv) = u*v - int(v du). ILATE rule determines priority for u: Inverse trig, Logarithmic, Algebraic, Trigonometric, Exponential.",FULLY_COVERED,1.0,False,NCERT Textbooks,"NCERT Class 12 Mathematics Part 2, Chapter 7, Section 7.5"
REC-BIO-00648,Biology,Class 12,Molecular Basis of Inheritance,DNA Double Helix Structure,"Watson and Crick DNA double helix model features antiparallel polynucleotide chains with complementary base pairing (A=T with 2 H-bonds, G=C with 3 H-bonds).",definition,Key Point: Watson and Crick proposed double helical structure of DNA in 1953. [Summary],PARTIALLY_COVERED,0.5,True,NCERT Textbooks,"NCERT Class 12 Biology, Chapter 6, Section 6.1"
REC-GEO-01032,Geography,Class 11,Fundamentals of Physical Geography,Theory of Plate Tectonics,"Theory of plate tectonics explains large-scale movement of Earth's lithospheric plates over convective asthenosphere forming divergent, convergent, and transform boundaries.",core_concept,Key Point: Plate tectonics was proposed by Alfred Wegener in 1912. [Summary],MISSING,0.0,True,NCERT Textbooks,"NCERT Class 11 Geography, Chapter 4, Section 4.4"
REC-PHY-00057,Physics,Class 12,Electrostatic Potential and Capacitance,Energy Stored in a Capacitor,Electrostatic potential energy stored in a charged capacitor is U = (1/2) * C * V^2 = Q^2 / (2C).,formula,Stored energy U = 0.5 * C * V^2.,FULLY_COVERED,1.0,False,NCERT Textbooks,"NCERT Class 12 Physics Part 1, Chapter 2, Section 2.10"
REC-GEO-01146,Geography,Class 11,Natural Hazards and Disasters,Causes of Disasters and Mitigation Strategies,"Natural disasters (earthquakes, landslides, GLOF, floods) require proactive mitigation strategies including hazard risk mapping, early warning systems, slope stabilization, and afforestation.",process,"- Mitigating natural hazards (landslides, GLOF, floods): risk mapping, early warning systems, slope stabilization, and disaster management plans.",FULLY_COVERED,1.0,False,NCERT Textbooks,"NCERT Class 11 Geography, Chapter 7 (Disasters), Section 7.4"
REC-CHE-00373,Chemistry,Class 12,Electrochemistry,Nernst Equation,Nernst equation for electrode potential E = E_0 - (RT / nF) * ln(Q) where Q is reaction quotient.,formula,Galvanic cells convert chemical energy into electrcal energy.,MISSING,0.0,False,NCERT Textbooks,"NCERT Class 12 Chemistry Part 1, Chapter 3, Section 3.3"
REC-MAT-00854,Mathematics,Class 12,Matrices and Determinants,Inverse of a Matrix,Inverse of a square matrix A exists if det(A) != 0 (non-singular) and is calculated by A^(-1) = (1 / det(A)) * adj(A).,formula,Exam Revision: System of linear equations can be solved using Cramer's rule. (Important for final exam),MISSING,0.0,False,NCERT Textbooks,"NCERT Class 12 Mathematics Part 1, Chapter 4, Section 4.5"
REC-CHE-00486,Chemistry,Class 11,States of Matter,Ideal Gas Equation,"Ideal gas equation P * V = n * R * T combines Boyle's law, Charles's law, and Avogadro's law for ideal gas behavior.",formula,Exam Revision: P * V = n * R * T combines gas laws into single state equation. (Important for final exam),FULLY_COVERED,1.0,False,NCERT Textbooks,"NCERT Class 11 Chemistry Part 1, Chapter 5, Section 5.5"
REC-CHE-00505,Chemistry,Class 11,States of Matter,Ideal Gas Equation,"Ideal gas equation P * V = n * R * T combines Boyle's law, Charles's law, and Avogadro's law for ideal gas behavior.",formula,Real gases deviate from ideal behavior at high pressure and low temperature due to intermolecular forces.,MISSING,0.0,True,NCERT Textbooks,"NCERT Class 11 Chemistry Part 1, Chapter 5, Section 5.5"
REC-PHY-00131,Physics,Class 12,Electric Charges and Fields,Field Due to Infinitely Long Straight Wire,Derivation of electric field due to infinitely long wire using Gauss's Law yielding E = lambda / (2 * pi * epsilon_0 * r).,derivation,Note: Biot Savart law calculates magnetic field B = mu_0 I / (2 pi r) near a current carrying wire.,MISSING,0.0,False,NCERT Textbooks,"NCERT Class 12 Physics Part 1, Chapter 1, Section 1.15"
REC-BIO-00539,Biology,Class 11,Cell: The Unit of Life,Fluid Mosaic Model of Cell Membrane,"Fluid mosaic model describes cell membrane as a phospholipid bilayer with polar hydrophilic heads outside and nonpolar hydrophobic tails inside, with embedded proteins.",definition,Note: Plasma membrane consists of lipids and proteins arranged in a bilayer.,PARTIALLY_COVERED,0.5,True,NCERT Textbooks,"NCERT Class 11 Biology, Chapter 8, Section 8.5.1"
REC-PHY-00123,Physics,Class 12,Electric Charges and Fields,Field Due to Infinitely Long Straight Wire,Derivation of electric field due to infinitely long wire using Gauss's Law yielding E = lambda / (2 * pi * epsilon_0 * r).,derivation,Note: Long straight wire carries linear charge density lambda.,MISSING,0.0,True,NCERT Textbooks,"NCERT Class 12 Physics Part 1, Chapter 1, Section 1.15"
REC-GEO-01217,Geography,Class 11,Atmosphere and Climate,Atmospheric Pressure Belts and Planetary Winds,"Global atmospheric circulation features Equatorial Low (Doldrums), Subtropical Highs (Horse Latitudes), Subpolar Lows, and Polar Highs driving Trade Winds, Westerlies, and Easterlies.",core_concept,Monsoon winds are seasonal land and sea breeze systems over South Asia.,MISSING,0.0,True,NCERT Textbooks,"NCERT Class 11 Geography, Chapter 10, Section 10.4"
REC-CHE-00474,Chemistry,Class 11,States of Matter,Ideal Gas Equation,"Ideal gas equation P * V = n * R * T combines Boyle's law, Charles's law, and Avogadro's law for ideal gas behavior.",formula,"- Ideal gas equation: P V = n R T where P is pressure, V is volume, n is moles, R is gas constant (8.314 J/mol K), and T is absolute temperature.",FULLY_COVERED,1.0,False,NCERT Textbooks,"NCERT Class 11 Chemistry Part 1, Chapter 5, Section 5.5"
REC-GEO-01081,Geography,Class 11,Fundamentals of Physical Geography,Locating Tectonic Plates on World Map,"Locating and mapping major tectonic plates (Pacific, Eurasian, African, Indo-Australian, North American, South American, Antarctic) on a world map.",process,Tropical rainforests are located near the equator between 10N and 10S latitude.,MISSING,0.0,False,NCERT Textbooks,"NCERT Class 11 Geography, Chapter 4, Section 4.4.1"
REC-CHE-00302,Chemistry,Class 12,Chemical Kinetics,Arrhenius Equation,Arrhenius equation k = A * exp(-Ea / (R * T)) describes temperature dependence of reaction rate constant k.,formula,Exam Revision: Reaction rate constant k increases exponentially with absolute temperature T. (Important for final exam),PARTIALLY_COVERED,0.5,True,NCERT Textbooks,"NCERT Class 12 Chemistry Part 1, Chapter 4, Section 4.5"
REC-PHY-00214,Physics,Class 12,Electromagnetic Induction,Faraday's Law of Induction,Induced electromotive force emf = - d(phi_B) / dt is proportional to negative rate of change of magnetic flux.,formula,Exam Revision: Magnetic flux phi_B = B * A * cos(theta). (Important for final exam),PARTIALLY_COVERED,0.5,True,NCERT Textbooks,"NCERT Class 12 Physics Part 1, Chapter 6, Section 6.3"
REC-GEO-01184,Geography,Class 11,Natural Hazards and Disasters,Causes of Disasters and Mitigation Strategies,"Natural disasters (earthquakes, landslides, GLOF, floods) require proactive mitigation strategies including hazard risk mapping, early warning systems, slope stabilization, and afforestation.",process,Key Point: Monsoon rainfall brings heavy water to Indian subcontinent between June and September. [Summary],MISSING,0.0,False,NCERT Textbooks,"NCERT Class 11 Geography, Chapter 7 (Disasters), Section 7.4"
REC-CHE-00480,Chemistry,Class 11,States of Matter,Ideal Gas Equation,"Ideal gas equation P * V = n * R * T combines Boyle's law, Charles's law, and Avogadro's law for ideal gas behavior.",formula,"Key Point: Ideal gas equation: P V = n R T where P is pressure, V is volume, n is moles, R is gas constant (8.314 J/mol K), and T is absolute temperature. [Summary]",FULLY_COVERED,1.0,False,NCERT Textbooks,"NCERT Class 11 Chemistry Part 1, Chapter 5, Section 5.5"
REC-GEO-01210,Geography,Class 11,Atmosphere and Climate,Atmospheric Pressure Belts and Planetary Winds,"Global atmospheric circulation features Equatorial Low (Doldrums), Subtropical Highs (Horse Latitudes), Subpolar Lows, and Polar Highs driving Trade Winds, Westerlies, and Easterlies.",core_concept,- Coriolis force deflects winds to right in northern hemisphere and left in southern hemisphere.,PARTIALLY_COVERED,0.5,True,NCERT Textbooks,"NCERT Class 11 Geography, Chapter 10, Section 10.4"
REC-MAT-00986,Mathematics,Class 10,Quadratic Equations,Quadratic Formula and Discriminant,Quadratic formula x = [-b +- sqrt(b^2 - 4ac)] / (2a) solves ax^2 + bx + c = 0 with discriminant D = b^2 - 4ac determining root nature.,formula,- Arithmetic progression nth term is a_n = a + (n-1)d.,MISSING,0.0,False,NCERT Textbooks,"NCERT Class 10 Mathematics, Chapter 4, Section 4.4"
REC-PHY-00219,Physics,Class 12,Electromagnetic Induction,Faraday's Law of Induction,Induced electromotive force emf = - d(phi_B) / dt is proportional to negative rate of change of magnetic flux.,formula,Note: Self inductance of solenoid is L = mu_0 * N^2 * A / l.,MISSING,0.0,True,NCERT Textbooks,"NCERT Class 12 Physics Part 1, Chapter 6, Section 6.3"
REC-GEO-01145,Geography,Class 11,Natural Hazards and Disasters,Causes of Disasters and Mitigation Strategies,"Natural disasters (earthquakes, landslides, GLOF, floods) require proactive mitigation strategies including hazard risk mapping, early warning systems, slope stabilization, and afforestation.",process,"Mitigating natural hazards (landslides, GLOF, floods): risk mapping, early warning systems, slope stabilization, and disaster management plans.",FULLY_COVERED,1.0,False,NCERT Textbooks,"NCERT Class 11 Geography, Chapter 7 (Disasters), Section 7.4"
REC-GEO-01074,Geography,Class 11,Fundamentals of Physical Geography,Locating Tectonic Plates on World Map,"Locating and mapping major tectonic plates (Pacific, Eurasian, African, Indo-Australian, North American, South American, Antarctic) on a world map.",process,- Earthquakes occur along fault lines and volcanic arcs.,MISSING,0.0,True,NCERT Textbooks,"NCERT Class 11 Geography, Chapter 4, Section 4.4.1"
REC-PHY-00008,Physics,Class 12,Electrostatic Potential and Capacitance,Parallel Plate Capacitor,Capacitance of a parallel plate capacitor in vacuum is C = (epsilon_0 * A) / d where A is plate area and d is separation.,formula,"Key Point: For two parallel conducting plates of area A separated by distance d in vacuum, capacitance is C = e0 * A / d. [Summary]",FULLY_COVERED,1.0,False,NCERT Textbooks,"NCERT Class 12 Physics Part 1, Chapter 2, Section 2.8"
REC-GEO-01150,Geography,Class 11,Natural Hazards and Disasters,Causes of Disasters and Mitigation Strategies,"Natural disasters (earthquakes, landslides, GLOF, floods) require proactive mitigation strategies including hazard risk mapping, early warning systems, slope stabilization, and afforestation.",process,"Exam Revision: Mitigating natural hazards (landslides, GLOF, floods): risk mapping, early warning systems, slope stabilization, and disaster management plans. (Important for final exam)",FULLY_COVERED,1.0,False,NCERT Textbooks,"NCERT Class 11 Geography, Chapter 7 (Disasters), Section 7.4"
REC-CHE-00393,Chemistry,Class 11,Equilibrium,Le Chatelier's Principle,"Le Chatelier's principle states that if a dynamic equilibrium is disturbed by changing concentration, pressure, or temperature, the system shifts to counteract the disturbance.",core_concept,Equilibrium constant Kc depends only on temperature.,PARTIALLY_COVERED,0.5,True,NCERT Textbooks,"NCERT Class 11 Chemistry Part 1, Chapter 7, Section 7.8"
REC-MAT-00834,Mathematics,Class 12,Matrices and Determinants,Inverse of a Matrix,Inverse of a square matrix A exists if det(A) != 0 (non-singular) and is calculated by A^(-1) = (1 / det(A)) * adj(A).,formula,- Adjugate matrix adj(A) is the transpose of cofactor matrix.,PARTIALLY_COVERED,0.5,True,NCERT Textbooks,"NCERT Class 12 Mathematics Part 1, Chapter 4, Section 4.5"
REC-BIO-00634,Biology,Class 12,Molecular Basis of Inheritance,DNA Double Helix Structure,"Watson and Crick DNA double helix model features antiparallel polynucleotide chains with complementary base pairing (A=T with 2 H-bonds, G=C with 3 H-bonds).",definition,"- DNA consists of nitrogenous bases adenine, guanine, cytosine, and thymine.",PARTIALLY_COVERED,0.5,True,NCERT Textbooks,"NCERT Class 12 Biology, Chapter 6, Section 6.1"
REC-CHE-00309,Chemistry,Class 12,Chemical Kinetics,Arrhenius Equation,Arrhenius equation k = A * exp(-Ea / (R * T)) describes temperature dependence of reaction rate constant k.,formula,Activation energy Ea is the minimum energy required to form activated complex. (refer to diagram for full details),PARTIALLY_COVERED,0.5,True,NCERT Textbooks,"NCERT Class 12 Chemistry Part 1, Chapter 4, Section 4.5"
REC-BIO-00593,Biology,Class 11,Photosynthesis in Higher Plants,Light Reaction and Photophosphorylation,"Non-cyclic photophosphorylation (Z-scheme) involves Photosystems II and I, water splitting (photolysis), ATP synthesis, and NADPH formation.",process,Photosynthesis occurs in chloroplast stroma and thylakoid membranes.,PARTIALLY_COVERED,0.5,True,NCERT Textbooks,"NCERT Class 11 Biology, Chapter 13, Section 13.6"
REC-GEO-01214,Geography,Class 11,Atmosphere and Climate,Atmospheric Pressure Belts and Planetary Winds,"Global atmospheric circulation features Equatorial Low (Doldrums), Subtropical Highs (Horse Latitudes), Subpolar Lows, and Polar Highs driving Trade Winds, Westerlies, and Easterlies.",core_concept,Exam Revision: Coriolis force deflects winds to right in northern hemisphere and left in southern hemisphere. (Important for final exam),PARTIALLY_COVERED,0.5,True,NCERT Textbooks,"NCERT Class 11 Geography, Chapter 10, Section 10.4"
REC-MAT-00992,Mathematics,Class 10,Quadratic Equations,Quadratic Formula and Discriminant,Quadratic formula x = [-b +- sqrt(b^2 - 4ac)] / (2a) solves ax^2 + bx + c = 0 with discriminant D = b^2 - 4ac determining root nature.,formula,Key Point: Arithmetic progression nth term is a_n = a + (n-1)d. [Summary],MISSING,0.0,False,NCERT Textbooks,"NCERT Class 10 Mathematics, Chapter 4, Section 4.4"
REC-MAT-00922,Mathematics,Class 12,Probability,Bayes' Theorem,Bayes' theorem calculates conditional probability P(Ai|B) = [P(Ai) * P(B|Ai)] / sum[P(Ak) * P(B|Ak)] for partition events Ai.,formula,- Conditional probability P(A|B) = P(A intersection B) / P(B) where P(B) != 0.,PARTIALLY_COVERED,0.5,True,NCERT Textbooks,"NCERT Class 12 Mathematics Part 2, Chapter 13, Section 13.3"
REC-GEO-01013,Geography,Class 11,Fundamentals of Physical Geography,Theory of Plate Tectonics,"Theory of plate tectonics explains large-scale movement of Earth's lithospheric plates over convective asthenosphere forming divergent, convergent, and transform boundaries.",core_concept,Plate tectonics explains continental drift and mountain formation. (refer to diagram for full details),PARTIALLY_COVERED,0.5,True,NCERT Textbooks,"NCERT Class 11 Geography, Chapter 4, Section 4.4"
REC-PHY-00275,Physics,Class 12,Ray Optics and Optical Instruments,Lens Maker's Formula,"Lens maker's formula 1/f = (n - 1) * (1/R1 - 1/R2) relates focal length f of a thin lens to refractive index n and radii of curvature R1, R2.",formula,Note: Snell's law n1 sin(theta1) = n2 sin(theta2) governs refraction.,MISSING,0.0,False,NCERT Textbooks,"NCERT Class 12 Physics Part 2, Chapter 9, Section 9.5"
REC-MAT-00794,Mathematics,Class 12,Integrals,Integration by Parts,Integration by parts formula is int(u * dv) = u * v - int(v * du) with ILATE rule for selecting first function u.,formula,- Definite integral int_a^b f(x)dx represents net area under curve f(x) between x=a and x=b.,MISSING,0.0,True,NCERT Textbooks,"NCERT Class 12 Mathematics Part 2, Chapter 7, Section 7.5"
REC-PHY-00033,Physics,Class 12,Electrostatic Potential and Capacitance,Parallel Plate Capacitor,Capacitance of a parallel plate capacitor in vacuum is C = (epsilon_0 * A) / d where A is plate area and d is separation.,formula,Capacitors can be connected in series and parallel combinations.,MISSING,0.0,True,NCERT Textbooks,"NCERT Class 12 Physics Part 1, Chapter 2, Section 2.8"
REC-MAT-00850,Mathematics,Class 12,Matrices and Determinants,Inverse of a Matrix,Inverse of a square matrix A exists if det(A) != 0 (non-singular) and is calculated by A^(-1) = (1 / det(A)) * adj(A).,formula,- System of linear equations can be solved using Cramer's rule.,MISSING,0.0,False,NCERT Textbooks,"NCERT Class 12 Mathematics Part 1, Chapter 4, Section 4.5"
REC-BIO-00715,Biology,Class 11,Biomolecules,Enzyme Action and Mechanism,Enzymes lower activation energy barrier to accelerate biochemical reactions via active site substrate binding (lock and key / induced fit).,process,"Note: Enzymes act as biocatalysts by binding substrate at active site to form ES complex, lowering activation energy Ea without changing overall equilibrium. [Ref: NCERT Chapter notes]",FULLY_COVERED,1.0,False,NCERT Textbooks,"NCERT Class 11 Biology, Chapter 9, Section 9.8"
REC-CHE-00328,Chemistry,Class 12,Chemical Kinetics,Arrhenius Equation,Arrhenius equation k = A * exp(-Ea / (R * T)) describes temperature dependence of reaction rate constant k.,formula,Key Point: Catalysts lower activation energy without being consumed. [Summary],MISSING,0.0,True,NCERT Textbooks,"NCERT Class 12 Chemistry Part 1, Chapter 4, Section 4.5"
REC-CHE-00306,Chemistry,Class 12,Chemical Kinetics,Arrhenius Equation,Arrhenius equation k = A * exp(-Ea / (R * T)) describes temperature dependence of reaction rate constant k.,formula,- Activation energy Ea is the minimum energy required to form activated complex.,PARTIALLY_COVERED,0.5,True,NCERT Textbooks,"NCERT Class 12 Chemistry Part 1, Chapter 4, Section 4.5"
REC-PHY-00126,Physics,Class 12,Electric Charges and Fields,Field Due to Infinitely Long Straight Wire,Derivation of electric field due to infinitely long wire using Gauss's Law yielding E = lambda / (2 * pi * epsilon_0 * r).,derivation,Exam Revision: Long straight wire carries linear charge density lambda. (Important for final exam),MISSING,0.0,True,NCERT Textbooks,"NCERT Class 12 Physics Part 1, Chapter 1, Section 1.15"
REC-PHY-00038,Physics,Class 12,Electrostatic Potential and Capacitance,Parallel Plate Capacitor,Capacitance of a parallel plate capacitor in vacuum is C = (epsilon_0 * A) / d where A is plate area and d is separation.,formula,Exam Revision: Capacitors can be connected in series and parallel combinations. (Important for final exam),MISSING,0.0,True,NCERT Textbooks,"NCERT Class 12 Physics Part 1, Chapter 2, Section 2.8"
REC-PHY-00041,Physics,Class 12,Electrostatic Potential and Capacitance,Parallel Plate Capacitor,Capacitance of a parallel plate capacitor in vacuum is C = (epsilon_0 * A) / d where A is plate area and d is separation.,formula,Current in a conductor is proportional to applied potential difference.,MISSING,0.0,False,NCERT Textbooks,"NCERT Class 12 Physics Part 1, Chapter 2, Section 2.8"
REC-BIO-00597,Biology,Class 11,Photosynthesis in Higher Plants,Light Reaction and Photophosphorylation,"Non-cyclic photophosphorylation (Z-scheme) involves Photosystems II and I, water splitting (photolysis), ATP synthesis, and NADPH formation.",process,Photosynthesis occurs in chloroplast stroma and thylakoid membranes. (refer to diagram for full details),PARTIALLY_COVERED,0.5,True,NCERT Textbooks,"NCERT Class 11 Biology, Chapter 13, Section 13.6"
REC-MAT-00835,Mathematics,Class 12,Matrices and Determinants,Inverse of a Matrix,Inverse of a square matrix A exists if det(A) != 0 (non-singular) and is calculated by A^(-1) = (1 / det(A)) * adj(A).,formula,Note: Adjugate matrix adj(A) is the transpose of cofactor matrix.,PARTIALLY_COVERED,0.5,True,NCERT Textbooks,"NCERT Class 12 Mathematics Part 1, Chapter 4, Section 4.5"
REC-PHY-00117,Physics,Class 12,Electric Charges and Fields,Field Due to Infinitely Long Straight Wire,Derivation of electric field due to infinitely long wire using Gauss's Law yielding E = lambda / (2 * pi * epsilon_0 * r).,derivation,A thin charged wire produces radial electrc field outward. (refer to diagram for full details),PARTIALLY_COVERED,0.5,True,NCERT Textbooks,"NCERT Class 12 Physics Part 1, Chapter 1, Section 1.15"
REC-MAT-00774,Mathematics,Class 12,Integrals,Integration by Parts,Integration by parts formula is int(u * dv) = u * v - int(v * du) with ILATE rule for selecting first function u.,formula,Exam Revision: int(f(x)g'(x)dx) = f(x)g(x) - int(f'(x)g(x)dx) with ILATE function selection. (Important for final exam),FULLY_COVERED,1.0,False,NCERT Textbooks,"NCERT Class 12 Mathematics Part 2, Chapter 7, Section 7.5"
REC-GEO-01049,Geography,Class 11,Fundamentals of Physical Geography,Locating Tectonic Plates on World Map,"Locating and mapping major tectonic plates (Pacific, Eurasian, African, Indo-Australian, North American, South American, Antarctic) on a world map.",process,"World map plate locations: Pacific, Eurasian, African, Indo-Australian, North/South American, Antarctic plates.",FULLY_COVERED,1.0,False,NCERT Textbooks,"NCERT Class 11 Geography, Chapter 4, Section 4.4.1"
REC-MAT-00958,Mathematics,Class 10,Quadratic Equations,Quadratic Formula and Discriminant,Quadratic formula x = [-b +- sqrt(b^2 - 4ac)] / (2a) solves ax^2 + bx + c = 0 with discriminant D = b^2 - 4ac determining root nature.,formula,Exam Revision: Quadratic formula x = (-b +- sqrt(D)) / (2a) where D = b^2 - 4ac. (Important for final exam),FULLY_COVERED,1.0,False,NCERT Textbooks,"NCERT Class 10 Mathematics, Chapter 4, Section 4.4"
REC-PHY-00139,Physics,Class 12,Electric Charges and Fields,Field Inside a Thin Spherical Shell,Electric field inside a uniformly charged thin spherical shell (r < R) is strictly zero (E = 0) because enclosed charge is zero.,core_concept,"Note: Inside a thin charged shell (r < R), enclosed charge Q_enc = 0. By Gauss law E*(4*pi*r^2) = 0 => E = 0 everywhere inside. [Ref: NCERT Chapter notes]",FULLY_COVERED,1.0,False,NCERT Textbooks,"NCERT Class 12 Physics Part 1, Chapter 1, Section 1.15.3"
REC-GEO-01042,Geography,Class 11,Fundamentals of Physical Geography,Locating Tectonic Plates on World Map,"Locating and mapping major tectonic plates (Pacific, Eurasian, African, Indo-Australian, North American, South American, Antarctic) on a world map.",process,"- Mapping 7 major plates: Pacific plate surrounds Ring of Fire, Indo-Australian plate meets Eurasian plate at Himalayas, Mid-Atlantic Ridge lies between American and African plates.",FULLY_COVERED,1.0,False,NCERT Textbooks,"NCERT Class 11 Geography, Chapter 4, Section 4.4.1"
REC-PHY-00191,Physics,Class 12,Electromagnetic Induction,Faraday's Law of Induction,Induced electromotive force emf = - d(phi_B) / dt is proportional to negative rate of change of magnetic flux.,formula,Faraday law states induced EMF = epsilon = - d(phi_B)/dt where negative sign represents Lenz's law direction.,FULLY_COVERED,1.0,False,NCERT Textbooks,"NCERT Class 12 Physics Part 1, Chapter 6, Section 6.3"
REC-CHE-00312,Chemistry,Class 12,Chemical Kinetics,Arrhenius Equation,Arrhenius equation k = A * exp(-Ea / (R * T)) describes temperature dependence of reaction rate constant k.,formula,Key Point: Activation energy Ea is the minimum energy required to form activated complex. [Summary],PARTIALLY_COVERED,0.5,True,NCERT Textbooks,"NCERT Class 12 Chemistry Part 1, Chapter 4, Section 4.5"
REC-CHE-00346,Chemistry,Class 12,Electrochemistry,Nernst Equation,Nernst equation for electrode potential E = E_0 - (RT / nF) * ln(Q) where Q is reaction quotient.,formula,- Nernst equation calculates electrode potential at non-standard concentration.,PARTIALLY_COVERED,0.5,True,NCERT Textbooks,"NCERT Class 12 Chemistry Part 1, Chapter 3, Section 3.3"
REC-CHE-00390,Chemistry,Class 11,Equilibrium,Le Chatelier's Principle,"Le Chatelier's principle states that if a dynamic equilibrium is disturbed by changing concentration, pressure, or temperature, the system shifts to counteract the disturbance.",core_concept,Exam Revision: System at equilibrium responds to stress by shifting left or right to re-establish equilibrium. (Important for final exam),FULLY_COVERED,1.0,False,NCERT Textbooks,"NCERT Class 11 Chemistry Part 1, Chapter 7, Section 7.8"
REC-GEO-01050,Geography,Class 11,Fundamentals of Physical Geography,Locating Tectonic Plates on World Map,"Locating and mapping major tectonic plates (Pacific, Eurasian, African, Indo-Australian, North American, South American, Antarctic) on a world map.",process,"- World map plate locations: Pacific, Eurasian, African, Indo-Australian, North/South American, Antarctic plates.",FULLY_COVERED,1.0,False,NCERT Textbooks,"NCERT Class 11 Geography, Chapter 4, Section 4.4.1"
REC-PHY-00031,Physics,Class 12,Electrostatic Potential and Capacitance,Parallel Plate Capacitor,Capacitance of a parallel plate capacitor in vacuum is C = (epsilon_0 * A) / d where A is plate area and d is separation.,formula,Capacitance = the ratio of charge Q to potential difference V.,PARTIALLY_COVERED,0.5,True,NCERT Textbooks,"NCERT Class 12 Physics Part 1, Chapter 2, Section 2.8"
REC-PHY-00154,Physics,Class 12,Electric Charges and Fields,Field Inside a Thin Spherical Shell,Electric field inside a uniformly charged thin spherical shell (r < R) is strictly zero (E = 0) because enclosed charge is zero.,core_concept,- A thin spherical shell carries total charge Q distributed on surface.,PARTIALLY_COVERED,0.5,True,NCERT Textbooks,"NCERT Class 12 Physics Part 1, Chapter 1, Section 1.15.3"
REC-MAT-00906,Mathematics,Class 12,Probability,Bayes' Theorem,Bayes' theorem calculates conditional probability P(Ai|B) = [P(Ai) * P(B|Ai)] / sum[P(Ak) * P(B|Ak)] for partition events Ai.,formula,- Bayes theorem: posterior probability P(A|B) = P(B|A)*P(A) / P(B).,FULLY_COVERED,1.0,False,NCERT Textbooks,"NCERT Class 12 Mathematics Part 2, Chapter 13, Section 13.3"
