text,domain,source,source_category
"Exam Preparation Point: Human physiology explains cardiac muscle contraction, cardiac output determinants, action potentials, and renal filtration rates. Important for Medical & Life Sciences analysis.",Medical & Life Sciences,RecoMind Universal Corpus,Medical & Life Sciences
"Revision Summary: Human geography analyzes population distribution patterns, migration flows, urban development spatial organization, and land use.",Humanities & Social Sciences,RecoMind Universal Corpus,Humanities & Social Sciences
"Key Concept Summary: Verbal ability tests reading comprehension passages, synonym antonym vocabulary, sentence correction, and idiom usage. Key concepts for exam revision and assessment.",Competitive & General Aptitude,RecoMind Universal Corpus,Competitive & General Aptitude
"Study Note Section: Constitutional law interprets fundamental rights guarantees, judicial review doctrines, constitutional amendments, and federalism.",Law & Legal Studies,RecoMind Universal Corpus,Law & Legal Studies
"Study Note Section: Control systems engineering calculates closed loop transfer functions, root locus stability, and PID feedback tuning parameters. Key concepts for exam revision and assessment.",STEM: Engineering & Technology,RecoMind Universal Corpus,Engineering & Technology
"Important Principle: Cost accounting determines direct material costs, overhead cost allocation, break even analysis, and variance reporting. Key concepts for exam revision and assessment.","Business, Commerce & Economics",RecoMind Universal Corpus,"Business, Commerce & Economics"
"Exam Preparation Point: Classical mechanics formulates planetary motion using Newton laws of motion, conservation of momentum, and Lagrangian dynamics. Important for STEM analysis.",STEM: Physical Sciences & Mathematics,RecoMind Universal Corpus,Physical Sciences & Mathematics
"Key Concept Summary: Political science analyzes democratic governance structures, executive legislative judicial balance of power, and voter behavior. Important for Humanities & Social Sciences analysis.",Humanities & Social Sciences,RecoMind Universal Corpus,Humanities & Social Sciences
"Subject Guide: International relations studies diplomatic policy, sovereign nation state power dynamics, global alliances, and conflict resolution.",Humanities & Social Sciences,RecoMind Universal Corpus,Humanities & Social Sciences
"Quick Note: Aerodynamics studies lift force generation, drag coefficient minimization, airfoil camber geometry, and boundary layer thickness. Key concepts for exam revision and assessment.",STEM: Engineering & Technology,RecoMind Universal Corpus,Engineering & Technology
"Important Principle: Web development frontends use React components, virtual DOM state management, and asynchronous fetch APIs for REST services.",STEM: Computer Science & IT,RecoMind Universal Corpus,Computer Science & IT
"Quick Note: Law of torts addresses civil wrongs, negligence liability elements, duty of care standards, damages remedies, and strict liability. Important for Law & Legal Studies analysis.",Law & Legal Studies,RecoMind Universal Corpus,Law & Legal Studies
"Lecture Overview: Contract law evaluates offer acceptance consideration validity, contractual breaches, performance duties, and specific remedies.",Law & Legal Studies,RecoMind Universal Corpus,Law & Legal Studies
"Core Topic Review: Art history traces architectural movement styles, renaissance painting techniques, classical sculpture, and visual symbolism. Key concepts for exam revision and assessment.",Humanities & Social Sciences,RecoMind Universal Corpus,Humanities & Social Sciences
"Core Topic Review: Business law regulates commercial contracts, corporate governance structures, intellectual property rights, and liability terms. Key concepts for exam revision and assessment.","Business, Commerce & Economics",RecoMind Universal Corpus,"Business, Commerce & Economics"
"Study Note Section: Logical reasoning analyzes syllogism statement conclusions, blood relation trees, seating arrangement puzzles, and coding decoding.",Competitive & General Aptitude,RecoMind Universal Corpus,Competitive & General Aptitude
"Revision Summary: General mental ability tests critical thinking assumptions, statement cause effect conclusions, and logical deductions. Important for Competitive & General Aptitude analysis.",Competitive & General Aptitude,RecoMind Universal Corpus,Competitive & General Aptitude
"Core Topic Review: Software engineering practices involve git version control, continuous integration pipelines, agile sprints, and unit testing. Important for STEM analysis.",STEM: Computer Science & IT,RecoMind Universal Corpus,Computer Science & IT
"Textbook Excerpt: Elementary science explains plant photosynthesis needing sunlight water, living nonliving things, and seasonal weather changes. Key concepts for exam revision and assessment.",Primary / Basic Foundation,RecoMind Universal Corpus,Primary / Basic Foundation
"Revision Summary: Cybersecurity protocols enforce public key infrastructure, RSA encryption algorithms, digital certificates, and hashing functions. Important for STEM analysis.",STEM: Computer Science & IT,RecoMind Universal Corpus,Computer Science & IT
"Quick Note: Computer networks communicate via TCP IP stack protocol layers, sockets, routing tables, and HTTP request response headers. Important for STEM analysis.",STEM: Computer Science & IT,RecoMind Universal Corpus,Computer Science & IT
"Quick Note: Evidence law establishes rules for witness testimony admissibility, hearsay exceptions, documentary evidence, and cross examination. Key concepts for exam revision and assessment.",Law & Legal Studies,RecoMind Universal Corpus,Law & Legal Studies
"Revision Summary: Microbiology classifies bacterial pathogens based on Gram stain cell wall structures, antibiotic susceptibility, and viral capsids. Key concepts for exam revision and assessment.",Medical & Life Sciences,RecoMind Universal Corpus,Medical & Life Sciences
"Core Topic Review: Elementary science explains plant photosynthesis needing sunlight water, living nonliving things, and seasonal weather changes. Important for Primary / Basic Foundation analysis.",Primary / Basic Foundation,RecoMind Universal Corpus,Primary / Basic Foundation
"Revision Summary: Endocrinology regulates hormonal feedback loops involving pituitary thyroid adrenal axis, insulin secretion, and homeostatic balance. Key concepts for exam revision and assessment.",Medical & Life Sciences,RecoMind Universal Corpus,Medical & Life Sciences
"Exam Preparation Point: Primary social studies introduces family roles, community helpers, school rules, local neighborhood maps, and national flags.",Primary / Basic Foundation,RecoMind Universal Corpus,Primary / Basic Foundation
"Quick Note: Corporate finance calculates net present value NPV, internal rate of return IRR, weighted average cost of capital WACC, and capital budgets. Key concepts for exam revision and assessment.","Business, Commerce & Economics",RecoMind Universal Corpus,"Business, Commerce & Economics"
"Lecture Overview: Software engineering practices involve git version control, continuous integration pipelines, agile sprints, and unit testing. Key concepts for exam revision and assessment.",STEM: Computer Science & IT,RecoMind Universal Corpus,Computer Science & IT
"Study Note Section: Elementary science explains plant photosynthesis needing sunlight water, living nonliving things, and seasonal weather changes.",Primary / Basic Foundation,RecoMind Universal Corpus,Primary / Basic Foundation
"Key Concept Summary: Health and hygiene habit lessons teach hand washing cleanliness, daily exercise routines, healthy food groups, and rest. Key concepts for exam revision and assessment.",Primary / Basic Foundation,RecoMind Universal Corpus,Primary / Basic Foundation
"Lecture Overview: Investment analysis evaluates portfolio diversification, Sharpe ratio performance, capital asset pricing model CAPM, and stock valuations.","Business, Commerce & Economics",RecoMind Universal Corpus,"Business, Commerce & Economics"
"Textbook Excerpt: Electrical circuit theory calculates voltage drop across resistors, inductors, and capacitors using Kirchhoff current law.",STEM: Engineering & Technology,RecoMind Universal Corpus,Engineering & Technology
"Study Note Section: Data structures like binary search trees, hash tables, and graphs allow efficient O(log n) search and insertion. Important for STEM analysis.",STEM: Computer Science & IT,RecoMind Universal Corpus,Computer Science & IT
"Lecture Overview: Art history traces architectural movement styles, renaissance painting techniques, classical sculpture, and visual symbolism. Important for Humanities & Social Sciences analysis.",Humanities & Social Sciences,RecoMind Universal Corpus,Humanities & Social Sciences
"Important Principle: Administrative law regulates administrative agency rulemaking powers, fair procedure principles, and judicial review of decisions. Key concepts for exam revision and assessment.",Law & Legal Studies,RecoMind Universal Corpus,Law & Legal Studies
"Core Topic Review: Computer networks communicate via TCP IP stack protocol layers, sockets, routing tables, and HTTP request response headers.",STEM: Computer Science & IT,RecoMind Universal Corpus,Computer Science & IT
"Textbook Excerpt: Physical chemistry analyzes chemical equilibrium, reaction rate constants, activation energy, and Gibbs free energy change.",STEM: Physical Sciences & Mathematics,RecoMind Universal Corpus,Physical Sciences & Mathematics
"Important Principle: Intellectual property law protects patent innovation claims, registered trademarks, copyright author ownership, and trade secrets.",Law & Legal Studies,RecoMind Universal Corpus,Law & Legal Studies
"Textbook Excerpt: Sociology investigates social stratification, cultural norms, institutional structures, demographic trends, and social mobility. Key concepts for exam revision and assessment.",Humanities & Social Sciences,RecoMind Universal Corpus,Humanities & Social Sciences
"Core Topic Review: Machine learning models process feature vectors using supervised classification, gradient descent optimization, and loss minimization. Key concepts for exam revision and assessment.",STEM: Computer Science & IT,RecoMind Universal Corpus,Computer Science & IT
"Core Topic Review: Thermodynamics principles dictate heat transfer, entropy creation, internal energy variations, and Carnot cycle efficiency bounds. Important for STEM analysis.",STEM: Engineering & Technology,RecoMind Universal Corpus,Engineering & Technology
"Textbook Excerpt: Web development frontends use React components, virtual DOM state management, and asynchronous fetch APIs for REST services.",STEM: Computer Science & IT,RecoMind Universal Corpus,Computer Science & IT
"Key Concept Summary: Materials science investigates crystalline lattice structures, yield strength, ductility, and fatigue limits of alloy metals. Key concepts for exam revision and assessment.",STEM: Engineering & Technology,RecoMind Universal Corpus,Engineering & Technology
"Important Principle: Property law governs real estate ownership titles, land easements, leasehold tenancies, property transfers, and mortgages. Important for Law & Legal Studies analysis.",Law & Legal Studies,RecoMind Universal Corpus,Law & Legal Studies
"Lecture Overview: Evidence law establishes rules for witness testimony admissibility, hearsay exceptions, documentary evidence, and cross examination. Important for Law & Legal Studies analysis.",Law & Legal Studies,RecoMind Universal Corpus,Law & Legal Studies
"Key Concept Summary: Mechatronics combines microcontrollers, stepper motor actuators, encoder feedback sensors, and automated control loops. Key concepts for exam revision and assessment.",STEM: Engineering & Technology,RecoMind Universal Corpus,Engineering & Technology
"Key Concept Summary: Logical reasoning analyzes syllogism statement conclusions, blood relation trees, seating arrangement puzzles, and coding decoding. Important for Competitive & General Aptitude analysis.",Competitive & General Aptitude,RecoMind Universal Corpus,Competitive & General Aptitude
"Core Topic Review: Health and hygiene habit lessons teach hand washing cleanliness, daily exercise routines, healthy food groups, and rest. Key concepts for exam revision and assessment.",Primary / Basic Foundation,RecoMind Universal Corpus,Primary / Basic Foundation
"Quick Note: Data interpretation evaluates bar graphs, pie chart percentages, data tables, line graphs, and statistical trend ratios. Important for Competitive & General Aptitude analysis.",Competitive & General Aptitude,RecoMind Universal Corpus,Competitive & General Aptitude
"Subject Guide: Marketing strategy conducts target market segmentation, positioning, pricing elasticity, and digital customer acquisition funnels. Important for Business, Commerce & Economics analysis.","Business, Commerce & Economics",RecoMind Universal Corpus,"Business, Commerce & Economics"
"Subject Guide: Data structures like binary search trees, hash tables, and graphs allow efficient O(log n) search and insertion.",STEM: Computer Science & IT,RecoMind Universal Corpus,Computer Science & IT
"Revision Summary: Immunology details T cell activation, B cell antibody production, antigen presenting cells, and adaptive immune responses. Important for Medical & Life Sciences analysis.",Medical & Life Sciences,RecoMind Universal Corpus,Medical & Life Sciences
"Exam Preparation Point: Materials science investigates crystalline lattice structures, yield strength, ductility, and fatigue limits of alloy metals. Key concepts for exam revision and assessment.",STEM: Engineering & Technology,RecoMind Universal Corpus,Engineering & Technology
"Quick Note: Financial accounting principles record double entry bookkeeping, journal entries, balance sheets, and cash flow statements.","Business, Commerce & Economics",RecoMind Universal Corpus,"Business, Commerce & Economics"
"Revision Summary: Quantitative aptitude calculates speed distance time, work efficiency ratios, percentage profit loss, and interest rates. Important for Competitive & General Aptitude analysis.",Competitive & General Aptitude,RecoMind Universal Corpus,Competitive & General Aptitude
"Quick Note: Cost accounting determines direct material costs, overhead cost allocation, break even analysis, and variance reporting.","Business, Commerce & Economics",RecoMind Universal Corpus,"Business, Commerce & Economics"
"Revision Summary: Investment analysis evaluates portfolio diversification, Sharpe ratio performance, capital asset pricing model CAPM, and stock valuations. Key concepts for exam revision and assessment.","Business, Commerce & Economics",RecoMind Universal Corpus,"Business, Commerce & Economics"
"Core Topic Review: Political science analyzes democratic governance structures, executive legislative judicial balance of power, and voter behavior.",Humanities & Social Sciences,RecoMind Universal Corpus,Humanities & Social Sciences
"Study Note Section: Marketing strategy conducts target market segmentation, positioning, pricing elasticity, and digital customer acquisition funnels. Key concepts for exam revision and assessment.","Business, Commerce & Economics",RecoMind Universal Corpus,"Business, Commerce & Economics"
"Study Note Section: Computer networks communicate via TCP IP stack protocol layers, sockets, routing tables, and HTTP request response headers. Key concepts for exam revision and assessment.",STEM: Computer Science & IT,RecoMind Universal Corpus,Computer Science & IT
Lecture Overview: Algorithm analysis evaluates time and space complexity using asymptotic Big O notation for worst case execution bounds.,STEM: Computer Science & IT,RecoMind Universal Corpus,Computer Science & IT
"Study Note Section: Public administration focuses on public policy formulation, bureaucratic administrative efficiency, and civic governance.",Humanities & Social Sciences,RecoMind Universal Corpus,Humanities & Social Sciences
"Lecture Overview: Web development frontends use React components, virtual DOM state management, and asynchronous fetch APIs for REST services. Important for STEM analysis.",STEM: Computer Science & IT,RecoMind Universal Corpus,Computer Science & IT
"Important Principle: Biochemistry analyzes cellular respiration pathways including glycolysis, Krebs citric acid cycle, and oxidative phosphorylation. Important for Medical & Life Sciences analysis.",Medical & Life Sciences,RecoMind Universal Corpus,Medical & Life Sciences
"Subject Guide: Criminal law defines elements of offenses including mens rea intent, actus reus conduct, burden of proof beyond reasonable doubt. Key concepts for exam revision and assessment.",Law & Legal Studies,RecoMind Universal Corpus,Law & Legal Studies
"Revision Summary: Primary social studies introduces family roles, community helpers, school rules, local neighborhood maps, and national flags.",Primary / Basic Foundation,RecoMind Universal Corpus,Primary / Basic Foundation
"Key Concept Summary: Genetics examines DNA double helix replication, transcription factor regulation, translation ribosome complexes, and mutations. Key concepts for exam revision and assessment.",Medical & Life Sciences,RecoMind Universal Corpus,Medical & Life Sciences
"Study Note Section: Real analysis rigorously proves limit convergence, continuous functions, supremum bounds, and Riemann integrability of sequences. Key concepts for exam revision and assessment.",STEM: Physical Sciences & Mathematics,RecoMind Universal Corpus,Physical Sciences & Mathematics
"Subject Guide: Nature studies observes seed germination growth stages, farm domestic animals, birds nests, and day night sun patterns. Important for Primary / Basic Foundation analysis.",Primary / Basic Foundation,RecoMind Universal Corpus,Primary / Basic Foundation
"Revision Summary: Human anatomy details upper extremity vascular supply, brachial plexus nerve innervation, and skeletal muscular origins. Important for Medical & Life Sciences analysis.",Medical & Life Sciences,RecoMind Universal Corpus,Medical & Life Sciences
"Revision Summary: Constitutional law interprets fundamental rights guarantees, judicial review doctrines, constitutional amendments, and federalism. Important for Law & Legal Studies analysis.",Law & Legal Studies,RecoMind Universal Corpus,Law & Legal Studies
"Revision Summary: Operating systems manage hardware memory using virtual paging, process scheduling algorithms, and deadlock avoidance. Key concepts for exam revision and assessment.",STEM: Computer Science & IT,RecoMind Universal Corpus,Computer Science & IT
"Core Topic Review: Object oriented programming principles include encapsulation, inheritance, polymorphism, and abstraction across software modules.",STEM: Computer Science & IT,RecoMind Universal Corpus,Computer Science & IT
"Exam Preparation Point: Primary social studies introduces family roles, community helpers, school rules, local neighborhood maps, and national flags. Key concepts for exam revision and assessment.",Primary / Basic Foundation,RecoMind Universal Corpus,Primary / Basic Foundation
"Study Note Section: Signals and systems processing utilizes Fourier transform, Laplace transform, and impulse response to analyze linear systems.",STEM: Engineering & Technology,RecoMind Universal Corpus,Engineering & Technology
"Lecture Overview: Business law regulates commercial contracts, corporate governance structures, intellectual property rights, and liability terms.","Business, Commerce & Economics",RecoMind Universal Corpus,"Business, Commerce & Economics"
"Exam Preparation Point: Clinical neurology assesses cranial nerve pathways, reflexes, motor sensory tracts, and central nervous system pathology. Important for Medical & Life Sciences analysis.",Medical & Life Sciences,RecoMind Universal Corpus,Medical & Life Sciences
"Exam Preparation Point: Relational database management systems utilize SQL queries, ACID transaction properties, indexing, and primary key constraints. Important for STEM analysis.",STEM: Computer Science & IT,RecoMind Universal Corpus,Computer Science & IT
Subject Guide: Fluid mechanics analyzes laminar vs turbulent flow regimes using Bernoulli equation and Navier Stokes conservation equations. Key concepts for exam revision and assessment.,STEM: Engineering & Technology,RecoMind Universal Corpus,Engineering & Technology
"Textbook Excerpt: Relational database management systems utilize SQL queries, ACID transaction properties, indexing, and primary key constraints. Key concepts for exam revision and assessment.",STEM: Computer Science & IT,RecoMind Universal Corpus,Computer Science & IT
"Key Concept Summary: Criminal law defines elements of offenses including mens rea intent, actus reus conduct, burden of proof beyond reasonable doubt. Important for Law & Legal Studies analysis.",Law & Legal Studies,RecoMind Universal Corpus,Law & Legal Studies
Revision Summary: Differential equations model dynamic physical systems using first order separable equations and linear second order operators. Important for STEM analysis.,STEM: Physical Sciences & Mathematics,RecoMind Universal Corpus,Physical Sciences & Mathematics
"Core Topic Review: Analytical reasoning solves number series patterns, matrix coding puzzles, direction distance tests, and Venn diagrams. Key concepts for exam revision and assessment.",Competitive & General Aptitude,RecoMind Universal Corpus,Competitive & General Aptitude
"Subject Guide: Contract law evaluates offer acceptance consideration validity, contractual breaches, performance duties, and specific remedies.",Law & Legal Studies,RecoMind Universal Corpus,Law & Legal Studies
"Core Topic Review: Corporate law details legal incorporation, director fiduciary duties, shareholder rights, corporate governance, and liquidations.",Law & Legal Studies,RecoMind Universal Corpus,Law & Legal Studies
"Lecture Overview: Property law governs real estate ownership titles, land easements, leasehold tenancies, property transfers, and mortgages. Key concepts for exam revision and assessment.",Law & Legal Studies,RecoMind Universal Corpus,Law & Legal Studies
"Important Principle: Corporate law details legal incorporation, director fiduciary duties, shareholder rights, corporate governance, and liquidations. Important for Law & Legal Studies analysis.",Law & Legal Studies,RecoMind Universal Corpus,Law & Legal Studies
"Study Note Section: Verbal ability tests reading comprehension passages, synonym antonym vocabulary, sentence correction, and idiom usage. Important for Competitive & General Aptitude analysis.",Competitive & General Aptitude,RecoMind Universal Corpus,Competitive & General Aptitude
Key Concept Summary: Algorithm analysis evaluates time and space complexity using asymptotic Big O notation for worst case execution bounds. Key concepts for exam revision and assessment.,STEM: Computer Science & IT,RecoMind Universal Corpus,Computer Science & IT
"Key Concept Summary: Contract law evaluates offer acceptance consideration validity, contractual breaches, performance duties, and specific remedies. Key concepts for exam revision and assessment.",Law & Legal Studies,RecoMind Universal Corpus,Law & Legal Studies
"Subject Guide: Current affairs tracking covers international summits, bilateral agreements, government welfare schemes, and science news. Important for Competitive & General Aptitude analysis.",Competitive & General Aptitude,RecoMind Universal Corpus,Competitive & General Aptitude
"Textbook Excerpt: Basic geometry identifies simple shapes like circles squares triangles, counting sides, corners, and measurement units.",Primary / Basic Foundation,RecoMind Universal Corpus,Primary / Basic Foundation
"Lecture Overview: Endocrinology regulates hormonal feedback loops involving pituitary thyroid adrenal axis, insulin secretion, and homeostatic balance.",Medical & Life Sciences,RecoMind Universal Corpus,Medical & Life Sciences
"Textbook Excerpt: Property law governs real estate ownership titles, land easements, leasehold tenancies, property transfers, and mortgages. Important for Law & Legal Studies analysis.",Law & Legal Studies,RecoMind Universal Corpus,Law & Legal Studies
"Subject Guide: Financial accounting principles record double entry bookkeeping, journal entries, balance sheets, and cash flow statements.","Business, Commerce & Economics",RecoMind Universal Corpus,"Business, Commerce & Economics"
"Core Topic Review: Competitive math solves permutation combination probability, algebraic equations, geometry theorems, and mensuration areas.",Competitive & General Aptitude,RecoMind Universal Corpus,Competitive & General Aptitude
"Revision Summary: Sociology investigates social stratification, cultural norms, institutional structures, demographic trends, and social mobility. Key concepts for exam revision and assessment.",Humanities & Social Sciences,RecoMind Universal Corpus,Humanities & Social Sciences
"Quick Note: Pathology investigates cellular injury mechanisms, inflammation cascades, apoptosis pathways, and histological tumor grading. Important for Medical & Life Sciences analysis.",Medical & Life Sciences,RecoMind Universal Corpus,Medical & Life Sciences
"Lecture Overview: International economics evaluates foreign exchange rate fluctuations, trade balance deficits, tariffs, and comparative advantage. Key concepts for exam revision and assessment.","Business, Commerce & Economics",RecoMind Universal Corpus,"Business, Commerce & Economics"
"Study Note Section: Investment analysis evaluates portfolio diversification, Sharpe ratio performance, capital asset pricing model CAPM, and stock valuations. Key concepts for exam revision and assessment.","Business, Commerce & Economics",RecoMind Universal Corpus,"Business, Commerce & Economics"
"Core Topic Review: Property law governs real estate ownership titles, land easements, leasehold tenancies, property transfers, and mortgages. Important for Law & Legal Studies analysis.",Law & Legal Studies,RecoMind Universal Corpus,Law & Legal Studies
"Textbook Excerpt: Pharmacology studies drug receptor binding kinetics, pharmacokinetics clearance, bioavailability, and therapeutic drug monitoring. Important for Medical & Life Sciences analysis.",Medical & Life Sciences,RecoMind Universal Corpus,Medical & Life Sciences
"Revision Summary: Chemical engineering processes design heat exchangers, distillation columns, mass transfer rates, and reaction kinetics. Key concepts for exam revision and assessment.",STEM: Engineering & Technology,RecoMind Universal Corpus,Engineering & Technology
"Study Note Section: Aptitude test preparation practices speed calculation shortcuts, time management techniques, and accuracy optimization. Key concepts for exam revision and assessment.",Competitive & General Aptitude,RecoMind Universal Corpus,Competitive & General Aptitude
"Quick Note: Administrative law regulates administrative agency rulemaking powers, fair procedure principles, and judicial review of decisions.",Law & Legal Studies,RecoMind Universal Corpus,Law & Legal Studies
"Revision Summary: Corporate finance calculates net present value NPV, internal rate of return IRR, weighted average cost of capital WACC, and capital budgets. Important for Business, Commerce & Economics analysis.","Business, Commerce & Economics",RecoMind Universal Corpus,"Business, Commerce & Economics"
"Key Concept Summary: Public administration focuses on public policy formulation, bureaucratic administrative efficiency, and civic governance. Important for Humanities & Social Sciences analysis.",Humanities & Social Sciences,RecoMind Universal Corpus,Humanities & Social Sciences
"Study Note Section: Quantum mechanics describes particle wave duality, wavefunctions, Heisenberg uncertainty principle, and Schrödinger equation solutions. Important for STEM analysis.",STEM: Physical Sciences & Mathematics,RecoMind Universal Corpus,Physical Sciences & Mathematics
"Key Concept Summary: Aerodynamics studies lift force generation, drag coefficient minimization, airfoil camber geometry, and boundary layer thickness.",STEM: Engineering & Technology,RecoMind Universal Corpus,Engineering & Technology
"Quick Note: Property law governs real estate ownership titles, land easements, leasehold tenancies, property transfers, and mortgages.",Law & Legal Studies,RecoMind Universal Corpus,Law & Legal Studies
"Key Concept Summary: Evidence law establishes rules for witness testimony admissibility, hearsay exceptions, documentary evidence, and cross examination. Important for Law & Legal Studies analysis.",Law & Legal Studies,RecoMind Universal Corpus,Law & Legal Studies
"Core Topic Review: Human anatomy details upper extremity vascular supply, brachial plexus nerve innervation, and skeletal muscular origins. Important for Medical & Life Sciences analysis.",Medical & Life Sciences,RecoMind Universal Corpus,Medical & Life Sciences
"Lecture Overview: General psychology studies cognitive learning theories, memory recall mechanisms, emotional regulation, and behavioral conditioning.",Humanities & Social Sciences,RecoMind Universal Corpus,Humanities & Social Sciences
"Lecture Overview: Human geography analyzes population distribution patterns, migration flows, urban development spatial organization, and land use. Key concepts for exam revision and assessment.",Humanities & Social Sciences,RecoMind Universal Corpus,Humanities & Social Sciences
"Textbook Excerpt: Early language arts focuses on vocabulary sentence building, phonics reading comprehension, spelling rules, and short stories. Important for Primary / Basic Foundation analysis.",Primary / Basic Foundation,RecoMind Universal Corpus,Primary / Basic Foundation
"Exam Preparation Point: Electromagnetism explains electric fields, magnetic flux induction, Maxwell equations, and electromagnetic wave propagation. Key concepts for exam revision and assessment.",STEM: Physical Sciences & Mathematics,RecoMind Universal Corpus,Physical Sciences & Mathematics
"Quick Note: Cost accounting determines direct material costs, overhead cost allocation, break even analysis, and variance reporting. Key concepts for exam revision and assessment.","Business, Commerce & Economics",RecoMind Universal Corpus,"Business, Commerce & Economics"
"Subject Guide: Basic geometry identifies simple shapes like circles squares triangles, counting sides, corners, and measurement units. Important for Primary / Basic Foundation analysis.",Primary / Basic Foundation,RecoMind Universal Corpus,Primary / Basic Foundation
"Important Principle: Linear algebra utilizes matrix transformations, eigenvalues, eigenvectors, vector spaces, and singular value decomposition. Important for STEM analysis.",STEM: Physical Sciences & Mathematics,RecoMind Universal Corpus,Physical Sciences & Mathematics
"Revision Summary: Financial accounting principles record double entry bookkeeping, journal entries, balance sheets, and cash flow statements. Important for Business, Commerce & Economics analysis.","Business, Commerce & Economics",RecoMind Universal Corpus,"Business, Commerce & Economics"
"Core Topic Review: Sociology investigates social stratification, cultural norms, institutional structures, demographic trends, and social mobility. Key concepts for exam revision and assessment.",Humanities & Social Sciences,RecoMind Universal Corpus,Humanities & Social Sciences
"Important Principle: Cybersecurity protocols enforce public key infrastructure, RSA encryption algorithms, digital certificates, and hashing functions.",STEM: Computer Science & IT,RecoMind Universal Corpus,Computer Science & IT
"Quick Note: Immunology details T cell activation, B cell antibody production, antigen presenting cells, and adaptive immune responses. Important for Medical & Life Sciences analysis.",Medical & Life Sciences,RecoMind Universal Corpus,Medical & Life Sciences
"Study Note Section: Human anatomy details upper extremity vascular supply, brachial plexus nerve innervation, and skeletal muscular origins. Important for Medical & Life Sciences analysis.",Medical & Life Sciences,RecoMind Universal Corpus,Medical & Life Sciences
"Important Principle: General knowledge covers current affairs events, national awards, historical milestone dates, world capitals, and treaties. Key concepts for exam revision and assessment.",Competitive & General Aptitude,RecoMind Universal Corpus,Competitive & General Aptitude
"Core Topic Review: Administrative law regulates administrative agency rulemaking powers, fair procedure principles, and judicial review of decisions. Key concepts for exam revision and assessment.",Law & Legal Studies,RecoMind Universal Corpus,Law & Legal Studies
"Core Topic Review: Current affairs tracking covers international summits, bilateral agreements, government welfare schemes, and science news.",Competitive & General Aptitude,RecoMind Universal Corpus,Competitive & General Aptitude
Study Note Section: Differential equations model dynamic physical systems using first order separable equations and linear second order operators. Important for STEM analysis.,STEM: Physical Sciences & Mathematics,RecoMind Universal Corpus,Physical Sciences & Mathematics
"Revision Summary: Nature studies observes seed germination growth stages, farm domestic animals, birds nests, and day night sun patterns. Key concepts for exam revision and assessment.",Primary / Basic Foundation,RecoMind Universal Corpus,Primary / Basic Foundation
"Important Principle: Jurisprudence explores natural law theories, legal positivism, judicial precedent doctrine of stare decisis, and legal philosophy.",Law & Legal Studies,RecoMind Universal Corpus,Law & Legal Studies
"Quick Note: Electrical circuit theory calculates voltage drop across resistors, inductors, and capacitors using Kirchhoff current law. Important for STEM analysis.",STEM: Engineering & Technology,RecoMind Universal Corpus,Engineering & Technology
"Revision Summary: Law of torts addresses civil wrongs, negligence liability elements, duty of care standards, damages remedies, and strict liability. Key concepts for exam revision and assessment.",Law & Legal Studies,RecoMind Universal Corpus,Law & Legal Studies
Lecture Overview: Fluid mechanics analyzes laminar vs turbulent flow regimes using Bernoulli equation and Navier Stokes conservation equations. Key concepts for exam revision and assessment.,STEM: Engineering & Technology,RecoMind Universal Corpus,Engineering & Technology
"Important Principle: Elementary geography explains landforms like mountains rivers valleys, sun sunrise directions, and basic map reading skills. Key concepts for exam revision and assessment.",Primary / Basic Foundation,RecoMind Universal Corpus,Primary / Basic Foundation
"Revision Summary: Contract law evaluates offer acceptance consideration validity, contractual breaches, performance duties, and specific remedies.",Law & Legal Studies,RecoMind Universal Corpus,Law & Legal Studies
"Core Topic Review: Cultural anthropology examines ethnographic fieldwork, linguistic diversity, kinship systems, and traditional societal rituals. Important for Humanities & Social Sciences analysis.",Humanities & Social Sciences,RecoMind Universal Corpus,Humanities & Social Sciences
"Lecture Overview: Structural engineering calculates shear force diagrams, bending moment distributions, and tensile stress under load conditions.",STEM: Engineering & Technology,RecoMind Universal Corpus,Engineering & Technology
"Quick Note: Organic chemistry studies carbon functional groups, nucleophilic substitution mechanisms, aromaticity, and synthesis pathways. Key concepts for exam revision and assessment.",STEM: Physical Sciences & Mathematics,RecoMind Universal Corpus,Physical Sciences & Mathematics
"Exam Preparation Point: Pharmacology studies drug receptor binding kinetics, pharmacokinetics clearance, bioavailability, and therapeutic drug monitoring. Key concepts for exam revision and assessment.",Medical & Life Sciences,RecoMind Universal Corpus,Medical & Life Sciences
"Core Topic Review: Early language arts focuses on vocabulary sentence building, phonics reading comprehension, spelling rules, and short stories.",Primary / Basic Foundation,RecoMind Universal Corpus,Primary / Basic Foundation
"Important Principle: Pharmacology studies drug receptor binding kinetics, pharmacokinetics clearance, bioavailability, and therapeutic drug monitoring. Key concepts for exam revision and assessment.",Medical & Life Sciences,RecoMind Universal Corpus,Medical & Life Sciences
"Textbook Excerpt: Verbal ability tests reading comprehension passages, synonym antonym vocabulary, sentence correction, and idiom usage. Important for Competitive & General Aptitude analysis.",Competitive & General Aptitude,RecoMind Universal Corpus,Competitive & General Aptitude
"Subject Guide: Macroeconomics evaluates national gross domestic product GDP growth, inflation rates, central bank monetary policy, and unemployment. Key concepts for exam revision and assessment.","Business, Commerce & Economics",RecoMind Universal Corpus,"Business, Commerce & Economics"
"Lecture Overview: Competitive math solves permutation combination probability, algebraic equations, geometry theorems, and mensuration areas. Key concepts for exam revision and assessment.",Competitive & General Aptitude,RecoMind Universal Corpus,Competitive & General Aptitude
"Quick Note: Intellectual property law protects patent innovation claims, registered trademarks, copyright author ownership, and trade secrets. Important for Law & Legal Studies analysis.",Law & Legal Studies,RecoMind Universal Corpus,Law & Legal Studies
"Revision Summary: Microeconomics analyzes consumer demand curves, supply elasticity, market equilibrium price, and marginal utility optimization.","Business, Commerce & Economics",RecoMind Universal Corpus,"Business, Commerce & Economics"
"Key Concept Summary: Jurisprudence explores natural law theories, legal positivism, judicial precedent doctrine of stare decisis, and legal philosophy.",Law & Legal Studies,RecoMind Universal Corpus,Law & Legal Studies
"Study Note Section: Art history traces architectural movement styles, renaissance painting techniques, classical sculpture, and visual symbolism. Key concepts for exam revision and assessment.",Humanities & Social Sciences,RecoMind Universal Corpus,Humanities & Social Sciences
"Revision Summary: Competitive math solves permutation combination probability, algebraic equations, geometry theorems, and mensuration areas.",Competitive & General Aptitude,RecoMind Universal Corpus,Competitive & General Aptitude
"Important Principle: Microbiology classifies bacterial pathogens based on Gram stain cell wall structures, antibiotic susceptibility, and viral capsids.",Medical & Life Sciences,RecoMind Universal Corpus,Medical & Life Sciences
"Lecture Overview: Relational database management systems utilize SQL queries, ACID transaction properties, indexing, and primary key constraints.",STEM: Computer Science & IT,RecoMind Universal Corpus,Computer Science & IT
"Revision Summary: Structural engineering calculates shear force diagrams, bending moment distributions, and tensile stress under load conditions.",STEM: Engineering & Technology,RecoMind Universal Corpus,Engineering & Technology
"Revision Summary: Electromagnetism explains electric fields, magnetic flux induction, Maxwell equations, and electromagnetic wave propagation.",STEM: Physical Sciences & Mathematics,RecoMind Universal Corpus,Physical Sciences & Mathematics
"Exam Preparation Point: General psychology studies cognitive learning theories, memory recall mechanisms, emotional regulation, and behavioral conditioning. Key concepts for exam revision and assessment.",Humanities & Social Sciences,RecoMind Universal Corpus,Humanities & Social Sciences
"Exam Preparation Point: Pathology investigates cellular injury mechanisms, inflammation cascades, apoptosis pathways, and histological tumor grading.",Medical & Life Sciences,RecoMind Universal Corpus,Medical & Life Sciences
"Lecture Overview: Financial accounting principles record double entry bookkeeping, journal entries, balance sheets, and cash flow statements.","Business, Commerce & Economics",RecoMind Universal Corpus,"Business, Commerce & Economics"
"Core Topic Review: Constitutional law interprets fundamental rights guarantees, judicial review doctrines, constitutional amendments, and federalism. Important for Law & Legal Studies analysis.",Law & Legal Studies,RecoMind Universal Corpus,Law & Legal Studies
"Quick Note: Basic arithmetic practices addition subtraction multiplication tables, basic division fractions, and simple place values. Important for Primary / Basic Foundation analysis.",Primary / Basic Foundation,RecoMind Universal Corpus,Primary / Basic Foundation
"Important Principle: General psychology studies cognitive learning theories, memory recall mechanisms, emotional regulation, and behavioral conditioning. Key concepts for exam revision and assessment.",Humanities & Social Sciences,RecoMind Universal Corpus,Humanities & Social Sciences
"Subject Guide: General mental ability tests critical thinking assumptions, statement cause effect conclusions, and logical deductions. Important for Competitive & General Aptitude analysis.",Competitive & General Aptitude,RecoMind Universal Corpus,Competitive & General Aptitude
"Revision Summary: Environmental studies EVS teaches environmental conservation, water saving habits, recycling waste, and animal habitat care. Key concepts for exam revision and assessment.",Primary / Basic Foundation,RecoMind Universal Corpus,Primary / Basic Foundation
"Study Note Section: Microeconomics analyzes consumer demand curves, supply elasticity, market equilibrium price, and marginal utility optimization. Important for Business, Commerce & Economics analysis.","Business, Commerce & Economics",RecoMind Universal Corpus,"Business, Commerce & Economics"
"Lecture Overview: Real analysis rigorously proves limit convergence, continuous functions, supremum bounds, and Riemann integrability of sequences. Key concepts for exam revision and assessment.",STEM: Physical Sciences & Mathematics,RecoMind Universal Corpus,Physical Sciences & Mathematics
"Lecture Overview: Aerodynamics studies lift force generation, drag coefficient minimization, airfoil camber geometry, and boundary layer thickness. Key concepts for exam revision and assessment.",STEM: Engineering & Technology,RecoMind Universal Corpus,Engineering & Technology
"Important Principle: Object oriented programming principles include encapsulation, inheritance, polymorphism, and abstraction across software modules. Important for STEM analysis.",STEM: Computer Science & IT,RecoMind Universal Corpus,Computer Science & IT
"Study Note Section: Elementary science explains plant photosynthesis needing sunlight water, living nonliving things, and seasonal weather changes. Important for Primary / Basic Foundation analysis.",Primary / Basic Foundation,RecoMind Universal Corpus,Primary / Basic Foundation
"Key Concept Summary: Electromagnetism explains electric fields, magnetic flux induction, Maxwell equations, and electromagnetic wave propagation. Important for STEM analysis.",STEM: Physical Sciences & Mathematics,RecoMind Universal Corpus,Physical Sciences & Mathematics
"Study Note Section: Mechatronics combines microcontrollers, stepper motor actuators, encoder feedback sensors, and automated control loops. Key concepts for exam revision and assessment.",STEM: Engineering & Technology,RecoMind Universal Corpus,Engineering & Technology
"Subject Guide: Taxation principles calculate gross taxable income, allowable business deductions, tax liabilities, and statutory compliance. Important for Business, Commerce & Economics analysis.","Business, Commerce & Economics",RecoMind Universal Corpus,"Business, Commerce & Economics"
"Study Note Section: Nature studies observes seed germination growth stages, farm domestic animals, birds nests, and day night sun patterns. Key concepts for exam revision and assessment.",Primary / Basic Foundation,RecoMind Universal Corpus,Primary / Basic Foundation
"Subject Guide: Primary social studies introduces family roles, community helpers, school rules, local neighborhood maps, and national flags.",Primary / Basic Foundation,RecoMind Universal Corpus,Primary / Basic Foundation
"Subject Guide: Corporate law details legal incorporation, director fiduciary duties, shareholder rights, corporate governance, and liquidations. Key concepts for exam revision and assessment.",Law & Legal Studies,RecoMind Universal Corpus,Law & Legal Studies
"Exam Preparation Point: Data interpretation evaluates bar graphs, pie chart percentages, data tables, line graphs, and statistical trend ratios. Important for Competitive & General Aptitude analysis.",Competitive & General Aptitude,RecoMind Universal Corpus,Competitive & General Aptitude
"Quick Note: Genetics examines DNA double helix replication, transcription factor regulation, translation ribosome complexes, and mutations.",Medical & Life Sciences,RecoMind Universal Corpus,Medical & Life Sciences
"Study Note Section: Operating systems manage hardware memory using virtual paging, process scheduling algorithms, and deadlock avoidance.",STEM: Computer Science & IT,RecoMind Universal Corpus,Computer Science & IT
"Lecture Overview: Computer networks communicate via TCP IP stack protocol layers, sockets, routing tables, and HTTP request response headers. Important for STEM analysis.",STEM: Computer Science & IT,RecoMind Universal Corpus,Computer Science & IT
"Core Topic Review: Microbiology classifies bacterial pathogens based on Gram stain cell wall structures, antibiotic susceptibility, and viral capsids.",Medical & Life Sciences,RecoMind Universal Corpus,Medical & Life Sciences
"Study Note Section: International relations studies diplomatic policy, sovereign nation state power dynamics, global alliances, and conflict resolution. Important for Humanities & Social Sciences analysis.",Humanities & Social Sciences,RecoMind Universal Corpus,Humanities & Social Sciences
"Revision Summary: Pathology investigates cellular injury mechanisms, inflammation cascades, apoptosis pathways, and histological tumor grading. Key concepts for exam revision and assessment.",Medical & Life Sciences,RecoMind Universal Corpus,Medical & Life Sciences
"Study Note Section: Classical mechanics formulates planetary motion using Newton laws of motion, conservation of momentum, and Lagrangian dynamics.",STEM: Physical Sciences & Mathematics,RecoMind Universal Corpus,Physical Sciences & Mathematics
"Textbook Excerpt: Investment analysis evaluates portfolio diversification, Sharpe ratio performance, capital asset pricing model CAPM, and stock valuations. Key concepts for exam revision and assessment.","Business, Commerce & Economics",RecoMind Universal Corpus,"Business, Commerce & Economics"
"Quick Note: Cultural anthropology examines ethnographic fieldwork, linguistic diversity, kinship systems, and traditional societal rituals.",Humanities & Social Sciences,RecoMind Universal Corpus,Humanities & Social Sciences
"Textbook Excerpt: Cost accounting determines direct material costs, overhead cost allocation, break even analysis, and variance reporting.","Business, Commerce & Economics",RecoMind Universal Corpus,"Business, Commerce & Economics"
"Textbook Excerpt: Machine learning models process feature vectors using supervised classification, gradient descent optimization, and loss minimization. Key concepts for exam revision and assessment.",STEM: Computer Science & IT,RecoMind Universal Corpus,Computer Science & IT
"Study Note Section: Materials science investigates crystalline lattice structures, yield strength, ductility, and fatigue limits of alloy metals.",STEM: Engineering & Technology,RecoMind Universal Corpus,Engineering & Technology
"Study Note Section: General mental ability tests critical thinking assumptions, statement cause effect conclusions, and logical deductions. Key concepts for exam revision and assessment.",Competitive & General Aptitude,RecoMind Universal Corpus,Competitive & General Aptitude
"Key Concept Summary: Taxation principles calculate gross taxable income, allowable business deductions, tax liabilities, and statutory compliance. Important for Business, Commerce & Economics analysis.","Business, Commerce & Economics",RecoMind Universal Corpus,"Business, Commerce & Economics"
"Important Principle: Criminal law defines elements of offenses including mens rea intent, actus reus conduct, burden of proof beyond reasonable doubt. Important for Law & Legal Studies analysis.",Law & Legal Studies,RecoMind Universal Corpus,Law & Legal Studies
"Lecture Overview: Administrative law regulates administrative agency rulemaking powers, fair procedure principles, and judicial review of decisions.",Law & Legal Studies,RecoMind Universal Corpus,Law & Legal Studies
"Quick Note: Human anatomy details upper extremity vascular supply, brachial plexus nerve innervation, and skeletal muscular origins.",Medical & Life Sciences,RecoMind Universal Corpus,Medical & Life Sciences
"Textbook Excerpt: Immunology details T cell activation, B cell antibody production, antigen presenting cells, and adaptive immune responses. Key concepts for exam revision and assessment.",Medical & Life Sciences,RecoMind Universal Corpus,Medical & Life Sciences
"Study Note Section: Machine learning models process feature vectors using supervised classification, gradient descent optimization, and loss minimization. Important for STEM analysis.",STEM: Computer Science & IT,RecoMind Universal Corpus,Computer Science & IT
"Quick Note: Primary social studies introduces family roles, community helpers, school rules, local neighborhood maps, and national flags. Important for Primary / Basic Foundation analysis.",Primary / Basic Foundation,RecoMind Universal Corpus,Primary / Basic Foundation
"Exam Preparation Point: Marketing strategy conducts target market segmentation, positioning, pricing elasticity, and digital customer acquisition funnels.","Business, Commerce & Economics",RecoMind Universal Corpus,"Business, Commerce & Economics"
"Important Principle: International relations studies diplomatic policy, sovereign nation state power dynamics, global alliances, and conflict resolution.",Humanities & Social Sciences,RecoMind Universal Corpus,Humanities & Social Sciences
"Textbook Excerpt: Aptitude test preparation practices speed calculation shortcuts, time management techniques, and accuracy optimization. Key concepts for exam revision and assessment.",Competitive & General Aptitude,RecoMind Universal Corpus,Competitive & General Aptitude
"Revision Summary: Intellectual property law protects patent innovation claims, registered trademarks, copyright author ownership, and trade secrets. Important for Law & Legal Studies analysis.",Law & Legal Studies,RecoMind Universal Corpus,Law & Legal Studies
"Exam Preparation Point: Verbal ability tests reading comprehension passages, synonym antonym vocabulary, sentence correction, and idiom usage.",Competitive & General Aptitude,RecoMind Universal Corpus,Competitive & General Aptitude
"Important Principle: Early language arts focuses on vocabulary sentence building, phonics reading comprehension, spelling rules, and short stories. Key concepts for exam revision and assessment.",Primary / Basic Foundation,RecoMind Universal Corpus,Primary / Basic Foundation
"Quick Note: Macroeconomics evaluates national gross domestic product GDP growth, inflation rates, central bank monetary policy, and unemployment. Key concepts for exam revision and assessment.","Business, Commerce & Economics",RecoMind Universal Corpus,"Business, Commerce & Economics"
"Exam Preparation Point: Microbiology classifies bacterial pathogens based on Gram stain cell wall structures, antibiotic susceptibility, and viral capsids.",Medical & Life Sciences,RecoMind Universal Corpus,Medical & Life Sciences
"Key Concept Summary: Microbiology classifies bacterial pathogens based on Gram stain cell wall structures, antibiotic susceptibility, and viral capsids.",Medical & Life Sciences,RecoMind Universal Corpus,Medical & Life Sciences
"Key Concept Summary: Thermodynamics principles dictate heat transfer, entropy creation, internal energy variations, and Carnot cycle efficiency bounds. Important for STEM analysis.",STEM: Engineering & Technology,RecoMind Universal Corpus,Engineering & Technology
"Lecture Overview: Investment analysis evaluates portfolio diversification, Sharpe ratio performance, capital asset pricing model CAPM, and stock valuations. Important for Business, Commerce & Economics analysis.","Business, Commerce & Economics",RecoMind Universal Corpus,"Business, Commerce & Economics"
"Subject Guide: Human anatomy details upper extremity vascular supply, brachial plexus nerve innervation, and skeletal muscular origins.",Medical & Life Sciences,RecoMind Universal Corpus,Medical & Life Sciences
"Quick Note: General psychology studies cognitive learning theories, memory recall mechanisms, emotional regulation, and behavioral conditioning. Important for Humanities & Social Sciences analysis.",Humanities & Social Sciences,RecoMind Universal Corpus,Humanities & Social Sciences
"Textbook Excerpt: Electrical circuit theory calculates voltage drop across resistors, inductors, and capacitors using Kirchhoff current law. Key concepts for exam revision and assessment.",STEM: Engineering & Technology,RecoMind Universal Corpus,Engineering & Technology
"Subject Guide: Clinical neurology assesses cranial nerve pathways, reflexes, motor sensory tracts, and central nervous system pathology. Key concepts for exam revision and assessment.",Medical & Life Sciences,RecoMind Universal Corpus,Medical & Life Sciences
"Textbook Excerpt: Biochemistry analyzes cellular respiration pathways including glycolysis, Krebs citric acid cycle, and oxidative phosphorylation. Important for Medical & Life Sciences analysis.",Medical & Life Sciences,RecoMind Universal Corpus,Medical & Life Sciences
Textbook Excerpt: Differential equations model dynamic physical systems using first order separable equations and linear second order operators. Key concepts for exam revision and assessment.,STEM: Physical Sciences & Mathematics,RecoMind Universal Corpus,Physical Sciences & Mathematics
"Lecture Overview: Modern world history examines industrial revolution urbanization, colonial empire expansion, world war conflicts, and treaties. Key concepts for exam revision and assessment.",Humanities & Social Sciences,RecoMind Universal Corpus,Humanities & Social Sciences
"Subject Guide: Materials science investigates crystalline lattice structures, yield strength, ductility, and fatigue limits of alloy metals. Key concepts for exam revision and assessment.",STEM: Engineering & Technology,RecoMind Universal Corpus,Engineering & Technology
"Revision Summary: Philosophy explores epistemological theories of knowledge, moral ethics frameworks, utilitarianism, and metaphysical existence. Key concepts for exam revision and assessment.",Humanities & Social Sciences,RecoMind Universal Corpus,Humanities & Social Sciences
"Exam Preparation Point: Modern world history examines industrial revolution urbanization, colonial empire expansion, world war conflicts, and treaties. Key concepts for exam revision and assessment.",Humanities & Social Sciences,RecoMind Universal Corpus,Humanities & Social Sciences
"Revision Summary: Pathology investigates cellular injury mechanisms, inflammation cascades, apoptosis pathways, and histological tumor grading. Important for Medical & Life Sciences analysis.",Medical & Life Sciences,RecoMind Universal Corpus,Medical & Life Sciences
"Lecture Overview: Elementary geography explains landforms like mountains rivers valleys, sun sunrise directions, and basic map reading skills. Key concepts for exam revision and assessment.",Primary / Basic Foundation,RecoMind Universal Corpus,Primary / Basic Foundation
"Study Note Section: Health and hygiene habit lessons teach hand washing cleanliness, daily exercise routines, healthy food groups, and rest. Important for Primary / Basic Foundation analysis.",Primary / Basic Foundation,RecoMind Universal Corpus,Primary / Basic Foundation
"Core Topic Review: Logical reasoning analyzes syllogism statement conclusions, blood relation trees, seating arrangement puzzles, and coding decoding.",Competitive & General Aptitude,RecoMind Universal Corpus,Competitive & General Aptitude
"Subject Guide: Environmental studies EVS teaches environmental conservation, water saving habits, recycling waste, and animal habitat care. Key concepts for exam revision and assessment.",Primary / Basic Foundation,RecoMind Universal Corpus,Primary / Basic Foundation
"Exam Preparation Point: Microeconomics analyzes consumer demand curves, supply elasticity, market equilibrium price, and marginal utility optimization. Key concepts for exam revision and assessment.","Business, Commerce & Economics",RecoMind Universal Corpus,"Business, Commerce & Economics"
"Textbook Excerpt: Macroeconomics evaluates national gross domestic product GDP growth, inflation rates, central bank monetary policy, and unemployment. Important for Business, Commerce & Economics analysis.","Business, Commerce & Economics",RecoMind Universal Corpus,"Business, Commerce & Economics"
Exam Preparation Point: Differential equations model dynamic physical systems using first order separable equations and linear second order operators.,STEM: Physical Sciences & Mathematics,RecoMind Universal Corpus,Physical Sciences & Mathematics
"Core Topic Review: Signals and systems processing utilizes Fourier transform, Laplace transform, and impulse response to analyze linear systems.",STEM: Engineering & Technology,RecoMind Universal Corpus,Engineering & Technology
"Lecture Overview: Law of torts addresses civil wrongs, negligence liability elements, duty of care standards, damages remedies, and strict liability. Important for Law & Legal Studies analysis.",Law & Legal Studies,RecoMind Universal Corpus,Law & Legal Studies
"Quick Note: Early language arts focuses on vocabulary sentence building, phonics reading comprehension, spelling rules, and short stories. Key concepts for exam revision and assessment.",Primary / Basic Foundation,RecoMind Universal Corpus,Primary / Basic Foundation
"Core Topic Review: Object oriented programming principles include encapsulation, inheritance, polymorphism, and abstraction across software modules. Important for STEM analysis.",STEM: Computer Science & IT,RecoMind Universal Corpus,Computer Science & IT
Important Principle: Differential equations model dynamic physical systems using first order separable equations and linear second order operators.,STEM: Physical Sciences & Mathematics,RecoMind Universal Corpus,Physical Sciences & Mathematics
"Revision Summary: Relational database management systems utilize SQL queries, ACID transaction properties, indexing, and primary key constraints. Key concepts for exam revision and assessment.",STEM: Computer Science & IT,RecoMind Universal Corpus,Computer Science & IT
"Important Principle: Contract law evaluates offer acceptance consideration validity, contractual breaches, performance duties, and specific remedies. Key concepts for exam revision and assessment.",Law & Legal Studies,RecoMind Universal Corpus,Law & Legal Studies
"Key Concept Summary: General knowledge covers current affairs events, national awards, historical milestone dates, world capitals, and treaties. Important for Competitive & General Aptitude analysis.",Competitive & General Aptitude,RecoMind Universal Corpus,Competitive & General Aptitude
"Important Principle: Philosophy explores epistemological theories of knowledge, moral ethics frameworks, utilitarianism, and metaphysical existence.",Humanities & Social Sciences,RecoMind Universal Corpus,Humanities & Social Sciences
"Subject Guide: Electrical circuit theory calculates voltage drop across resistors, inductors, and capacitors using Kirchhoff current law. Important for STEM analysis.",STEM: Engineering & Technology,RecoMind Universal Corpus,Engineering & Technology
"Lecture Overview: Modern world history examines industrial revolution urbanization, colonial empire expansion, world war conflicts, and treaties.",Humanities & Social Sciences,RecoMind Universal Corpus,Humanities & Social Sciences
"Subject Guide: Public administration focuses on public policy formulation, bureaucratic administrative efficiency, and civic governance. Important for Humanities & Social Sciences analysis.",Humanities & Social Sciences,RecoMind Universal Corpus,Humanities & Social Sciences
"Exam Preparation Point: Human physiology explains cardiac muscle contraction, cardiac output determinants, action potentials, and renal filtration rates. Key concepts for exam revision and assessment.",Medical & Life Sciences,RecoMind Universal Corpus,Medical & Life Sciences
"Exam Preparation Point: Relational database management systems utilize SQL queries, ACID transaction properties, indexing, and primary key constraints.",STEM: Computer Science & IT,RecoMind Universal Corpus,Computer Science & IT
"Core Topic Review: Intellectual property law protects patent innovation claims, registered trademarks, copyright author ownership, and trade secrets. Key concepts for exam revision and assessment.",Law & Legal Studies,RecoMind Universal Corpus,Law & Legal Studies
Important Principle: Algorithm analysis evaluates time and space complexity using asymptotic Big O notation for worst case execution bounds.,STEM: Computer Science & IT,RecoMind Universal Corpus,Computer Science & IT
"Subject Guide: Microbiology classifies bacterial pathogens based on Gram stain cell wall structures, antibiotic susceptibility, and viral capsids. Key concepts for exam revision and assessment.",Medical & Life Sciences,RecoMind Universal Corpus,Medical & Life Sciences
"Subject Guide: Jurisprudence explores natural law theories, legal positivism, judicial precedent doctrine of stare decisis, and legal philosophy. Important for Law & Legal Studies analysis.",Law & Legal Studies,RecoMind Universal Corpus,Law & Legal Studies
"Exam Preparation Point: Law of torts addresses civil wrongs, negligence liability elements, duty of care standards, damages remedies, and strict liability. Important for Law & Legal Studies analysis.",Law & Legal Studies,RecoMind Universal Corpus,Law & Legal Studies
"Core Topic Review: Electrical circuit theory calculates voltage drop across resistors, inductors, and capacitors using Kirchhoff current law. Key concepts for exam revision and assessment.",STEM: Engineering & Technology,RecoMind Universal Corpus,Engineering & Technology
"Quick Note: Elementary geography explains landforms like mountains rivers valleys, sun sunrise directions, and basic map reading skills.",Primary / Basic Foundation,RecoMind Universal Corpus,Primary / Basic Foundation
"Core Topic Review: Web development frontends use React components, virtual DOM state management, and asynchronous fetch APIs for REST services.",STEM: Computer Science & IT,RecoMind Universal Corpus,Computer Science & IT
"Study Note Section: Modern world history examines industrial revolution urbanization, colonial empire expansion, world war conflicts, and treaties.",Humanities & Social Sciences,RecoMind Universal Corpus,Humanities & Social Sciences
"Lecture Overview: Materials science investigates crystalline lattice structures, yield strength, ductility, and fatigue limits of alloy metals. Key concepts for exam revision and assessment.",STEM: Engineering & Technology,RecoMind Universal Corpus,Engineering & Technology
"Lecture Overview: Organic chemistry studies carbon functional groups, nucleophilic substitution mechanisms, aromaticity, and synthesis pathways. Important for STEM analysis.",STEM: Physical Sciences & Mathematics,RecoMind Universal Corpus,Physical Sciences & Mathematics
"Study Note Section: Genetics examines DNA double helix replication, transcription factor regulation, translation ribosome complexes, and mutations. Important for Medical & Life Sciences analysis.",Medical & Life Sciences,RecoMind Universal Corpus,Medical & Life Sciences
"Revision Summary: Operating systems manage hardware memory using virtual paging, process scheduling algorithms, and deadlock avoidance.",STEM: Computer Science & IT,RecoMind Universal Corpus,Computer Science & IT
"Textbook Excerpt: Thermodynamics principles dictate heat transfer, entropy creation, internal energy variations, and Carnot cycle efficiency bounds. Important for STEM analysis.",STEM: Engineering & Technology,RecoMind Universal Corpus,Engineering & Technology
"Important Principle: Investment analysis evaluates portfolio diversification, Sharpe ratio performance, capital asset pricing model CAPM, and stock valuations.","Business, Commerce & Economics",RecoMind Universal Corpus,"Business, Commerce & Economics"
"Lecture Overview: Operating systems manage hardware memory using virtual paging, process scheduling algorithms, and deadlock avoidance. Important for STEM analysis.",STEM: Computer Science & IT,RecoMind Universal Corpus,Computer Science & IT
"Exam Preparation Point: Verbal ability tests reading comprehension passages, synonym antonym vocabulary, sentence correction, and idiom usage. Key concepts for exam revision and assessment.",Competitive & General Aptitude,RecoMind Universal Corpus,Competitive & General Aptitude
"Key Concept Summary: Sociology investigates social stratification, cultural norms, institutional structures, demographic trends, and social mobility.",Humanities & Social Sciences,RecoMind Universal Corpus,Humanities & Social Sciences
"Key Concept Summary: Current affairs tracking covers international summits, bilateral agreements, government welfare schemes, and science news.",Competitive & General Aptitude,RecoMind Universal Corpus,Competitive & General Aptitude
"Exam Preparation Point: Cultural anthropology examines ethnographic fieldwork, linguistic diversity, kinship systems, and traditional societal rituals. Key concepts for exam revision and assessment.",Humanities & Social Sciences,RecoMind Universal Corpus,Humanities & Social Sciences
"Quick Note: Elementary science explains plant photosynthesis needing sunlight water, living nonliving things, and seasonal weather changes.",Primary / Basic Foundation,RecoMind Universal Corpus,Primary / Basic Foundation
"Exam Preparation Point: Criminal law defines elements of offenses including mens rea intent, actus reus conduct, burden of proof beyond reasonable doubt. Key concepts for exam revision and assessment.",Law & Legal Studies,RecoMind Universal Corpus,Law & Legal Studies
"Core Topic Review: Business law regulates commercial contracts, corporate governance structures, intellectual property rights, and liability terms. Important for Business, Commerce & Economics analysis.","Business, Commerce & Economics",RecoMind Universal Corpus,"Business, Commerce & Economics"
"Quick Note: Organic chemistry studies carbon functional groups, nucleophilic substitution mechanisms, aromaticity, and synthesis pathways. Important for STEM analysis.",STEM: Physical Sciences & Mathematics,RecoMind Universal Corpus,Physical Sciences & Mathematics
"Important Principle: Basic geometry identifies simple shapes like circles squares triangles, counting sides, corners, and measurement units. Important for Primary / Basic Foundation analysis.",Primary / Basic Foundation,RecoMind Universal Corpus,Primary / Basic Foundation
"Quick Note: General knowledge covers current affairs events, national awards, historical milestone dates, world capitals, and treaties. Key concepts for exam revision and assessment.",Competitive & General Aptitude,RecoMind Universal Corpus,Competitive & General Aptitude
"Revision Summary: Macroeconomics evaluates national gross domestic product GDP growth, inflation rates, central bank monetary policy, and unemployment.","Business, Commerce & Economics",RecoMind Universal Corpus,"Business, Commerce & Economics"
"Important Principle: Control systems engineering calculates closed loop transfer functions, root locus stability, and PID feedback tuning parameters. Key concepts for exam revision and assessment.",STEM: Engineering & Technology,RecoMind Universal Corpus,Engineering & Technology
"Textbook Excerpt: Analytical reasoning solves number series patterns, matrix coding puzzles, direction distance tests, and Venn diagrams.",Competitive & General Aptitude,RecoMind Universal Corpus,Competitive & General Aptitude
"Revision Summary: Basic safety education covers traffic signal rules, road crossing safety, fire safety rules, and emergency contact numbers. Key concepts for exam revision and assessment.",Primary / Basic Foundation,RecoMind Universal Corpus,Primary / Basic Foundation
"Lecture Overview: Cultural anthropology examines ethnographic fieldwork, linguistic diversity, kinship systems, and traditional societal rituals. Key concepts for exam revision and assessment.",Humanities & Social Sciences,RecoMind Universal Corpus,Humanities & Social Sciences
"Quick Note: General psychology studies cognitive learning theories, memory recall mechanisms, emotional regulation, and behavioral conditioning.",Humanities & Social Sciences,RecoMind Universal Corpus,Humanities & Social Sciences
"Revision Summary: Public administration focuses on public policy formulation, bureaucratic administrative efficiency, and civic governance. Key concepts for exam revision and assessment.",Humanities & Social Sciences,RecoMind Universal Corpus,Humanities & Social Sciences
"Important Principle: Taxation principles calculate gross taxable income, allowable business deductions, tax liabilities, and statutory compliance. Important for Business, Commerce & Economics analysis.","Business, Commerce & Economics",RecoMind Universal Corpus,"Business, Commerce & Economics"
"Study Note Section: Real analysis rigorously proves limit convergence, continuous functions, supremum bounds, and Riemann integrability of sequences.",STEM: Physical Sciences & Mathematics,RecoMind Universal Corpus,Physical Sciences & Mathematics
"Revision Summary: Elementary science explains plant photosynthesis needing sunlight water, living nonliving things, and seasonal weather changes. Important for Primary / Basic Foundation analysis.",Primary / Basic Foundation,RecoMind Universal Corpus,Primary / Basic Foundation
"Subject Guide: Mechatronics combines microcontrollers, stepper motor actuators, encoder feedback sensors, and automated control loops. Important for STEM analysis.",STEM: Engineering & Technology,RecoMind Universal Corpus,Engineering & Technology
"Key Concept Summary: Basic safety education covers traffic signal rules, road crossing safety, fire safety rules, and emergency contact numbers. Important for Primary / Basic Foundation analysis.",Primary / Basic Foundation,RecoMind Universal Corpus,Primary / Basic Foundation
"Key Concept Summary: Basic geometry identifies simple shapes like circles squares triangles, counting sides, corners, and measurement units.",Primary / Basic Foundation,RecoMind Universal Corpus,Primary / Basic Foundation
"Important Principle: International economics evaluates foreign exchange rate fluctuations, trade balance deficits, tariffs, and comparative advantage. Key concepts for exam revision and assessment.","Business, Commerce & Economics",RecoMind Universal Corpus,"Business, Commerce & Economics"
"Important Principle: Computer networks communicate via TCP IP stack protocol layers, sockets, routing tables, and HTTP request response headers.",STEM: Computer Science & IT,RecoMind Universal Corpus,Computer Science & IT
"Exam Preparation Point: Cybersecurity protocols enforce public key infrastructure, RSA encryption algorithms, digital certificates, and hashing functions.",STEM: Computer Science & IT,RecoMind Universal Corpus,Computer Science & IT
"Important Principle: Human geography analyzes population distribution patterns, migration flows, urban development spatial organization, and land use. Key concepts for exam revision and assessment.",Humanities & Social Sciences,RecoMind Universal Corpus,Humanities & Social Sciences
"Quick Note: Software engineering practices involve git version control, continuous integration pipelines, agile sprints, and unit testing.",STEM: Computer Science & IT,RecoMind Universal Corpus,Computer Science & IT
"Lecture Overview: Microbiology classifies bacterial pathogens based on Gram stain cell wall structures, antibiotic susceptibility, and viral capsids. Important for Medical & Life Sciences analysis.",Medical & Life Sciences,RecoMind Universal Corpus,Medical & Life Sciences
"Revision Summary: Modern world history examines industrial revolution urbanization, colonial empire expansion, world war conflicts, and treaties.",Humanities & Social Sciences,RecoMind Universal Corpus,Humanities & Social Sciences
"Textbook Excerpt: Multivariable calculus calculates double integrals, gradient vectors, curl, divergence, and line integrals over vector fields. Key concepts for exam revision and assessment.",STEM: Physical Sciences & Mathematics,RecoMind Universal Corpus,Physical Sciences & Mathematics
"Important Principle: Evidence law establishes rules for witness testimony admissibility, hearsay exceptions, documentary evidence, and cross examination.",Law & Legal Studies,RecoMind Universal Corpus,Law & Legal Studies
"Quick Note: International relations studies diplomatic policy, sovereign nation state power dynamics, global alliances, and conflict resolution. Important for Humanities & Social Sciences analysis.",Humanities & Social Sciences,RecoMind Universal Corpus,Humanities & Social Sciences
Study Note Section: Fluid mechanics analyzes laminar vs turbulent flow regimes using Bernoulli equation and Navier Stokes conservation equations.,STEM: Engineering & Technology,RecoMind Universal Corpus,Engineering & Technology
"Quick Note: Business law regulates commercial contracts, corporate governance structures, intellectual property rights, and liability terms. Important for Business, Commerce & Economics analysis.","Business, Commerce & Economics",RecoMind Universal Corpus,"Business, Commerce & Economics"
"Textbook Excerpt: Criminal law defines elements of offenses including mens rea intent, actus reus conduct, burden of proof beyond reasonable doubt. Important for Law & Legal Studies analysis.",Law & Legal Studies,RecoMind Universal Corpus,Law & Legal Studies
"Subject Guide: Linear algebra utilizes matrix transformations, eigenvalues, eigenvectors, vector spaces, and singular value decomposition. Key concepts for exam revision and assessment.",STEM: Physical Sciences & Mathematics,RecoMind Universal Corpus,Physical Sciences & Mathematics
"Quick Note: Nature studies observes seed germination growth stages, farm domestic animals, birds nests, and day night sun patterns. Important for Primary / Basic Foundation analysis.",Primary / Basic Foundation,RecoMind Universal Corpus,Primary / Basic Foundation
"Textbook Excerpt: General knowledge covers current affairs events, national awards, historical milestone dates, world capitals, and treaties. Important for Competitive & General Aptitude analysis.",Competitive & General Aptitude,RecoMind Universal Corpus,Competitive & General Aptitude
"Subject Guide: Endocrinology regulates hormonal feedback loops involving pituitary thyroid adrenal axis, insulin secretion, and homeostatic balance.",Medical & Life Sciences,RecoMind Universal Corpus,Medical & Life Sciences
"Exam Preparation Point: Web development frontends use React components, virtual DOM state management, and asynchronous fetch APIs for REST services. Important for STEM analysis.",STEM: Computer Science & IT,RecoMind Universal Corpus,Computer Science & IT
"Key Concept Summary: Art history traces architectural movement styles, renaissance painting techniques, classical sculpture, and visual symbolism. Key concepts for exam revision and assessment.",Humanities & Social Sciences,RecoMind Universal Corpus,Humanities & Social Sciences
"Study Note Section: Primary social studies introduces family roles, community helpers, school rules, local neighborhood maps, and national flags. Important for Primary / Basic Foundation analysis.",Primary / Basic Foundation,RecoMind Universal Corpus,Primary / Basic Foundation
"Key Concept Summary: Quantum mechanics describes particle wave duality, wavefunctions, Heisenberg uncertainty principle, and Schrödinger equation solutions. Key concepts for exam revision and assessment.",STEM: Physical Sciences & Mathematics,RecoMind Universal Corpus,Physical Sciences & Mathematics
"Key Concept Summary: Linear algebra utilizes matrix transformations, eigenvalues, eigenvectors, vector spaces, and singular value decomposition. Important for STEM analysis.",STEM: Physical Sciences & Mathematics,RecoMind Universal Corpus,Physical Sciences & Mathematics
"Core Topic Review: Human geography analyzes population distribution patterns, migration flows, urban development spatial organization, and land use.",Humanities & Social Sciences,RecoMind Universal Corpus,Humanities & Social Sciences
"Lecture Overview: Constitutional law interprets fundamental rights guarantees, judicial review doctrines, constitutional amendments, and federalism.",Law & Legal Studies,RecoMind Universal Corpus,Law & Legal Studies
"Key Concept Summary: Logical reasoning analyzes syllogism statement conclusions, blood relation trees, seating arrangement puzzles, and coding decoding.",Competitive & General Aptitude,RecoMind Universal Corpus,Competitive & General Aptitude
"Core Topic Review: Software engineering practices involve git version control, continuous integration pipelines, agile sprints, and unit testing.",STEM: Computer Science & IT,RecoMind Universal Corpus,Computer Science & IT
"Exam Preparation Point: Financial accounting principles record double entry bookkeeping, journal entries, balance sheets, and cash flow statements. Key concepts for exam revision and assessment.","Business, Commerce & Economics",RecoMind Universal Corpus,"Business, Commerce & Economics"
"Subject Guide: Mechatronics combines microcontrollers, stepper motor actuators, encoder feedback sensors, and automated control loops.",STEM: Engineering & Technology,RecoMind Universal Corpus,Engineering & Technology
"Exam Preparation Point: Early language arts focuses on vocabulary sentence building, phonics reading comprehension, spelling rules, and short stories. Important for Primary / Basic Foundation analysis.",Primary / Basic Foundation,RecoMind Universal Corpus,Primary / Basic Foundation
"Quick Note: Administrative law regulates administrative agency rulemaking powers, fair procedure principles, and judicial review of decisions. Important for Law & Legal Studies analysis.",Law & Legal Studies,RecoMind Universal Corpus,Law & Legal Studies
"Subject Guide: Pharmacology studies drug receptor binding kinetics, pharmacokinetics clearance, bioavailability, and therapeutic drug monitoring.",Medical & Life Sciences,RecoMind Universal Corpus,Medical & Life Sciences
"Important Principle: Relational database management systems utilize SQL queries, ACID transaction properties, indexing, and primary key constraints.",STEM: Computer Science & IT,RecoMind Universal Corpus,Computer Science & IT
"Study Note Section: Data interpretation evaluates bar graphs, pie chart percentages, data tables, line graphs, and statistical trend ratios. Key concepts for exam revision and assessment.",Competitive & General Aptitude,RecoMind Universal Corpus,Competitive & General Aptitude
"Important Principle: Health and hygiene habit lessons teach hand washing cleanliness, daily exercise routines, healthy food groups, and rest. Key concepts for exam revision and assessment.",Primary / Basic Foundation,RecoMind Universal Corpus,Primary / Basic Foundation
"Exam Preparation Point: Criminal law defines elements of offenses including mens rea intent, actus reus conduct, burden of proof beyond reasonable doubt. Important for Law & Legal Studies analysis.",Law & Legal Studies,RecoMind Universal Corpus,Law & Legal Studies
"Revision Summary: Software engineering practices involve git version control, continuous integration pipelines, agile sprints, and unit testing.",STEM: Computer Science & IT,RecoMind Universal Corpus,Computer Science & IT
"Subject Guide: Cost accounting determines direct material costs, overhead cost allocation, break even analysis, and variance reporting. Key concepts for exam revision and assessment.","Business, Commerce & Economics",RecoMind Universal Corpus,"Business, Commerce & Economics"
"Key Concept Summary: Cultural anthropology examines ethnographic fieldwork, linguistic diversity, kinship systems, and traditional societal rituals. Important for Humanities & Social Sciences analysis.",Humanities & Social Sciences,RecoMind Universal Corpus,Humanities & Social Sciences
"Important Principle: Taxation principles calculate gross taxable income, allowable business deductions, tax liabilities, and statutory compliance.","Business, Commerce & Economics",RecoMind Universal Corpus,"Business, Commerce & Economics"
"Subject Guide: Intellectual property law protects patent innovation claims, registered trademarks, copyright author ownership, and trade secrets.",Law & Legal Studies,RecoMind Universal Corpus,Law & Legal Studies
"Subject Guide: Classical mechanics formulates planetary motion using Newton laws of motion, conservation of momentum, and Lagrangian dynamics. Key concepts for exam revision and assessment.",STEM: Physical Sciences & Mathematics,RecoMind Universal Corpus,Physical Sciences & Mathematics
"Exam Preparation Point: Philosophy explores epistemological theories of knowledge, moral ethics frameworks, utilitarianism, and metaphysical existence.",Humanities & Social Sciences,RecoMind Universal Corpus,Humanities & Social Sciences
"Important Principle: Chemical engineering processes design heat exchangers, distillation columns, mass transfer rates, and reaction kinetics.",STEM: Engineering & Technology,RecoMind Universal Corpus,Engineering & Technology
Key Concept Summary: Differential equations model dynamic physical systems using first order separable equations and linear second order operators. Key concepts for exam revision and assessment.,STEM: Physical Sciences & Mathematics,RecoMind Universal Corpus,Physical Sciences & Mathematics
"Quick Note: Verbal ability tests reading comprehension passages, synonym antonym vocabulary, sentence correction, and idiom usage.",Competitive & General Aptitude,RecoMind Universal Corpus,Competitive & General Aptitude
"Quick Note: Biochemistry analyzes cellular respiration pathways including glycolysis, Krebs citric acid cycle, and oxidative phosphorylation. Key concepts for exam revision and assessment.",Medical & Life Sciences,RecoMind Universal Corpus,Medical & Life Sciences
"Lecture Overview: Corporate finance calculates net present value NPV, internal rate of return IRR, weighted average cost of capital WACC, and capital budgets. Important for Business, Commerce & Economics analysis.","Business, Commerce & Economics",RecoMind Universal Corpus,"Business, Commerce & Economics"
"Subject Guide: Human physiology explains cardiac muscle contraction, cardiac output determinants, action potentials, and renal filtration rates. Key concepts for exam revision and assessment.",Medical & Life Sciences,RecoMind Universal Corpus,Medical & Life Sciences
"Subject Guide: Immunology details T cell activation, B cell antibody production, antigen presenting cells, and adaptive immune responses. Important for Medical & Life Sciences analysis.",Medical & Life Sciences,RecoMind Universal Corpus,Medical & Life Sciences
"Core Topic Review: Modern world history examines industrial revolution urbanization, colonial empire expansion, world war conflicts, and treaties. Important for Humanities & Social Sciences analysis.",Humanities & Social Sciences,RecoMind Universal Corpus,Humanities & Social Sciences
"Textbook Excerpt: Structural engineering calculates shear force diagrams, bending moment distributions, and tensile stress under load conditions. Key concepts for exam revision and assessment.",STEM: Engineering & Technology,RecoMind Universal Corpus,Engineering & Technology
"Study Note Section: Organic chemistry studies carbon functional groups, nucleophilic substitution mechanisms, aromaticity, and synthesis pathways. Key concepts for exam revision and assessment.",STEM: Physical Sciences & Mathematics,RecoMind Universal Corpus,Physical Sciences & Mathematics
"Textbook Excerpt: Cybersecurity protocols enforce public key infrastructure, RSA encryption algorithms, digital certificates, and hashing functions. Key concepts for exam revision and assessment.",STEM: Computer Science & IT,RecoMind Universal Corpus,Computer Science & IT
"Revision Summary: General psychology studies cognitive learning theories, memory recall mechanisms, emotional regulation, and behavioral conditioning. Important for Humanities & Social Sciences analysis.",Humanities & Social Sciences,RecoMind Universal Corpus,Humanities & Social Sciences
"Lecture Overview: Nature studies observes seed germination growth stages, farm domestic animals, birds nests, and day night sun patterns.",Primary / Basic Foundation,RecoMind Universal Corpus,Primary / Basic Foundation
"Core Topic Review: Early language arts focuses on vocabulary sentence building, phonics reading comprehension, spelling rules, and short stories. Important for Primary / Basic Foundation analysis.",Primary / Basic Foundation,RecoMind Universal Corpus,Primary / Basic Foundation
"Important Principle: Analytical reasoning solves number series patterns, matrix coding puzzles, direction distance tests, and Venn diagrams.",Competitive & General Aptitude,RecoMind Universal Corpus,Competitive & General Aptitude
"Exam Preparation Point: Corporate law details legal incorporation, director fiduciary duties, shareholder rights, corporate governance, and liquidations. Important for Law & Legal Studies analysis.",Law & Legal Studies,RecoMind Universal Corpus,Law & Legal Studies
"Subject Guide: Web development frontends use React components, virtual DOM state management, and asynchronous fetch APIs for REST services. Important for STEM analysis.",STEM: Computer Science & IT,RecoMind Universal Corpus,Computer Science & IT
"Quick Note: Aptitude test preparation practices speed calculation shortcuts, time management techniques, and accuracy optimization. Important for Competitive & General Aptitude analysis.",Competitive & General Aptitude,RecoMind Universal Corpus,Competitive & General Aptitude
"Revision Summary: Human anatomy details upper extremity vascular supply, brachial plexus nerve innervation, and skeletal muscular origins.",Medical & Life Sciences,RecoMind Universal Corpus,Medical & Life Sciences
"Quick Note: Analytical reasoning solves number series patterns, matrix coding puzzles, direction distance tests, and Venn diagrams. Important for Competitive & General Aptitude analysis.",Competitive & General Aptitude,RecoMind Universal Corpus,Competitive & General Aptitude
"Core Topic Review: Public administration focuses on public policy formulation, bureaucratic administrative efficiency, and civic governance.",Humanities & Social Sciences,RecoMind Universal Corpus,Humanities & Social Sciences
"Quick Note: Thermodynamics principles dictate heat transfer, entropy creation, internal energy variations, and Carnot cycle efficiency bounds.",STEM: Engineering & Technology,RecoMind Universal Corpus,Engineering & Technology
"Subject Guide: Aerodynamics studies lift force generation, drag coefficient minimization, airfoil camber geometry, and boundary layer thickness. Important for STEM analysis.",STEM: Engineering & Technology,RecoMind Universal Corpus,Engineering & Technology
"Textbook Excerpt: Primary social studies introduces family roles, community helpers, school rules, local neighborhood maps, and national flags. Key concepts for exam revision and assessment.",Primary / Basic Foundation,RecoMind Universal Corpus,Primary / Basic Foundation
"Exam Preparation Point: Aptitude test preparation practices speed calculation shortcuts, time management techniques, and accuracy optimization.",Competitive & General Aptitude,RecoMind Universal Corpus,Competitive & General Aptitude
"Textbook Excerpt: Basic arithmetic practices addition subtraction multiplication tables, basic division fractions, and simple place values. Key concepts for exam revision and assessment.",Primary / Basic Foundation,RecoMind Universal Corpus,Primary / Basic Foundation
"Lecture Overview: Thermodynamics principles dictate heat transfer, entropy creation, internal energy variations, and Carnot cycle efficiency bounds. Key concepts for exam revision and assessment.",STEM: Engineering & Technology,RecoMind Universal Corpus,Engineering & Technology
"Subject Guide: Electromagnetism explains electric fields, magnetic flux induction, Maxwell equations, and electromagnetic wave propagation.",STEM: Physical Sciences & Mathematics,RecoMind Universal Corpus,Physical Sciences & Mathematics
"Important Principle: Elementary geography explains landforms like mountains rivers valleys, sun sunrise directions, and basic map reading skills. Important for Primary / Basic Foundation analysis.",Primary / Basic Foundation,RecoMind Universal Corpus,Primary / Basic Foundation
"Lecture Overview: Analytical reasoning solves number series patterns, matrix coding puzzles, direction distance tests, and Venn diagrams. Important for Competitive & General Aptitude analysis.",Competitive & General Aptitude,RecoMind Universal Corpus,Competitive & General Aptitude
"Textbook Excerpt: Real analysis rigorously proves limit convergence, continuous functions, supremum bounds, and Riemann integrability of sequences.",STEM: Physical Sciences & Mathematics,RecoMind Universal Corpus,Physical Sciences & Mathematics
"Key Concept Summary: Endocrinology regulates hormonal feedback loops involving pituitary thyroid adrenal axis, insulin secretion, and homeostatic balance. Key concepts for exam revision and assessment.",Medical & Life Sciences,RecoMind Universal Corpus,Medical & Life Sciences
"Core Topic Review: Physical chemistry analyzes chemical equilibrium, reaction rate constants, activation energy, and Gibbs free energy change. Key concepts for exam revision and assessment.",STEM: Physical Sciences & Mathematics,RecoMind Universal Corpus,Physical Sciences & Mathematics
"Lecture Overview: Nature studies observes seed germination growth stages, farm domestic animals, birds nests, and day night sun patterns. Important for Primary / Basic Foundation analysis.",Primary / Basic Foundation,RecoMind Universal Corpus,Primary / Basic Foundation
"Revision Summary: Mechatronics combines microcontrollers, stepper motor actuators, encoder feedback sensors, and automated control loops. Key concepts for exam revision and assessment.",STEM: Engineering & Technology,RecoMind Universal Corpus,Engineering & Technology
"Key Concept Summary: Relational database management systems utilize SQL queries, ACID transaction properties, indexing, and primary key constraints.",STEM: Computer Science & IT,RecoMind Universal Corpus,Computer Science & IT
"Key Concept Summary: Data interpretation evaluates bar graphs, pie chart percentages, data tables, line graphs, and statistical trend ratios.",Competitive & General Aptitude,RecoMind Universal Corpus,Competitive & General Aptitude
"Subject Guide: Marketing strategy conducts target market segmentation, positioning, pricing elasticity, and digital customer acquisition funnels. Key concepts for exam revision and assessment.","Business, Commerce & Economics",RecoMind Universal Corpus,"Business, Commerce & Economics"
"Subject Guide: Logical reasoning analyzes syllogism statement conclusions, blood relation trees, seating arrangement puzzles, and coding decoding. Key concepts for exam revision and assessment.",Competitive & General Aptitude,RecoMind Universal Corpus,Competitive & General Aptitude
"Quick Note: Human geography analyzes population distribution patterns, migration flows, urban development spatial organization, and land use. Key concepts for exam revision and assessment.",Humanities & Social Sciences,RecoMind Universal Corpus,Humanities & Social Sciences
"Exam Preparation Point: Multivariable calculus calculates double integrals, gradient vectors, curl, divergence, and line integrals over vector fields.",STEM: Physical Sciences & Mathematics,RecoMind Universal Corpus,Physical Sciences & Mathematics
"Core Topic Review: Cybersecurity protocols enforce public key infrastructure, RSA encryption algorithms, digital certificates, and hashing functions. Key concepts for exam revision and assessment.",STEM: Computer Science & IT,RecoMind Universal Corpus,Computer Science & IT
"Key Concept Summary: Classical mechanics formulates planetary motion using Newton laws of motion, conservation of momentum, and Lagrangian dynamics. Important for STEM analysis.",STEM: Physical Sciences & Mathematics,RecoMind Universal Corpus,Physical Sciences & Mathematics
"Exam Preparation Point: Marketing strategy conducts target market segmentation, positioning, pricing elasticity, and digital customer acquisition funnels. Important for Business, Commerce & Economics analysis.","Business, Commerce & Economics",RecoMind Universal Corpus,"Business, Commerce & Economics"
"Study Note Section: Software engineering practices involve git version control, continuous integration pipelines, agile sprints, and unit testing. Important for STEM analysis.",STEM: Computer Science & IT,RecoMind Universal Corpus,Computer Science & IT
"Revision Summary: Human physiology explains cardiac muscle contraction, cardiac output determinants, action potentials, and renal filtration rates.",Medical & Life Sciences,RecoMind Universal Corpus,Medical & Life Sciences
"Textbook Excerpt: Modern world history examines industrial revolution urbanization, colonial empire expansion, world war conflicts, and treaties. Important for Humanities & Social Sciences analysis.",Humanities & Social Sciences,RecoMind Universal Corpus,Humanities & Social Sciences
"Study Note Section: Quantum mechanics describes particle wave duality, wavefunctions, Heisenberg uncertainty principle, and Schrödinger equation solutions.",STEM: Physical Sciences & Mathematics,RecoMind Universal Corpus,Physical Sciences & Mathematics
"Important Principle: Signals and systems processing utilizes Fourier transform, Laplace transform, and impulse response to analyze linear systems. Key concepts for exam revision and assessment.",STEM: Engineering & Technology,RecoMind Universal Corpus,Engineering & Technology
"Important Principle: Microeconomics analyzes consumer demand curves, supply elasticity, market equilibrium price, and marginal utility optimization. Key concepts for exam revision and assessment.","Business, Commerce & Economics",RecoMind Universal Corpus,"Business, Commerce & Economics"
"Textbook Excerpt: Corporate finance calculates net present value NPV, internal rate of return IRR, weighted average cost of capital WACC, and capital budgets. Key concepts for exam revision and assessment.","Business, Commerce & Economics",RecoMind Universal Corpus,"Business, Commerce & Economics"
Study Note Section: Algorithm analysis evaluates time and space complexity using asymptotic Big O notation for worst case execution bounds. Important for STEM analysis.,STEM: Computer Science & IT,RecoMind Universal Corpus,Computer Science & IT
"Revision Summary: Logical reasoning analyzes syllogism statement conclusions, blood relation trees, seating arrangement puzzles, and coding decoding.",Competitive & General Aptitude,RecoMind Universal Corpus,Competitive & General Aptitude
"Study Note Section: Web development frontends use React components, virtual DOM state management, and asynchronous fetch APIs for REST services.",STEM: Computer Science & IT,RecoMind Universal Corpus,Computer Science & IT
"Study Note Section: Current affairs tracking covers international summits, bilateral agreements, government welfare schemes, and science news. Key concepts for exam revision and assessment.",Competitive & General Aptitude,RecoMind Universal Corpus,Competitive & General Aptitude
"Study Note Section: Elementary geography explains landforms like mountains rivers valleys, sun sunrise directions, and basic map reading skills.",Primary / Basic Foundation,RecoMind Universal Corpus,Primary / Basic Foundation
"Key Concept Summary: Biochemistry analyzes cellular respiration pathways including glycolysis, Krebs citric acid cycle, and oxidative phosphorylation. Important for Medical & Life Sciences analysis.",Medical & Life Sciences,RecoMind Universal Corpus,Medical & Life Sciences
"Subject Guide: Business law regulates commercial contracts, corporate governance structures, intellectual property rights, and liability terms.","Business, Commerce & Economics",RecoMind Universal Corpus,"Business, Commerce & Economics"
Quick Note: Differential equations model dynamic physical systems using first order separable equations and linear second order operators.,STEM: Physical Sciences & Mathematics,RecoMind Universal Corpus,Physical Sciences & Mathematics
"Important Principle: General knowledge covers current affairs events, national awards, historical milestone dates, world capitals, and treaties. Important for Competitive & General Aptitude analysis.",Competitive & General Aptitude,RecoMind Universal Corpus,Competitive & General Aptitude
"Lecture Overview: Taxation principles calculate gross taxable income, allowable business deductions, tax liabilities, and statutory compliance. Key concepts for exam revision and assessment.","Business, Commerce & Economics",RecoMind Universal Corpus,"Business, Commerce & Economics"
"Lecture Overview: Electrical circuit theory calculates voltage drop across resistors, inductors, and capacitors using Kirchhoff current law. Important for STEM analysis.",STEM: Engineering & Technology,RecoMind Universal Corpus,Engineering & Technology
"Important Principle: Microbiology classifies bacterial pathogens based on Gram stain cell wall structures, antibiotic susceptibility, and viral capsids. Important for Medical & Life Sciences analysis.",Medical & Life Sciences,RecoMind Universal Corpus,Medical & Life Sciences
"Quick Note: Control systems engineering calculates closed loop transfer functions, root locus stability, and PID feedback tuning parameters. Important for STEM analysis.",STEM: Engineering & Technology,RecoMind Universal Corpus,Engineering & Technology
"Study Note Section: Nature studies observes seed germination growth stages, farm domestic animals, birds nests, and day night sun patterns. Important for Primary / Basic Foundation analysis.",Primary / Basic Foundation,RecoMind Universal Corpus,Primary / Basic Foundation
"Textbook Excerpt: General mental ability tests critical thinking assumptions, statement cause effect conclusions, and logical deductions. Key concepts for exam revision and assessment.",Competitive & General Aptitude,RecoMind Universal Corpus,Competitive & General Aptitude
"Important Principle: Basic safety education covers traffic signal rules, road crossing safety, fire safety rules, and emergency contact numbers.",Primary / Basic Foundation,RecoMind Universal Corpus,Primary / Basic Foundation
"Subject Guide: Verbal ability tests reading comprehension passages, synonym antonym vocabulary, sentence correction, and idiom usage.",Competitive & General Aptitude,RecoMind Universal Corpus,Competitive & General Aptitude
"Textbook Excerpt: Cultural anthropology examines ethnographic fieldwork, linguistic diversity, kinship systems, and traditional societal rituals. Important for Humanities & Social Sciences analysis.",Humanities & Social Sciences,RecoMind Universal Corpus,Humanities & Social Sciences
"Core Topic Review: Mechatronics combines microcontrollers, stepper motor actuators, encoder feedback sensors, and automated control loops. Key concepts for exam revision and assessment.",STEM: Engineering & Technology,RecoMind Universal Corpus,Engineering & Technology
"Important Principle: General mental ability tests critical thinking assumptions, statement cause effect conclusions, and logical deductions.",Competitive & General Aptitude,RecoMind Universal Corpus,Competitive & General Aptitude
"Lecture Overview: Cost accounting determines direct material costs, overhead cost allocation, break even analysis, and variance reporting. Key concepts for exam revision and assessment.","Business, Commerce & Economics",RecoMind Universal Corpus,"Business, Commerce & Economics"
"Study Note Section: Inorganic chemistry examines transition metal coordination complexes, crystal field theory, orbital hybridization, and valence shell bonding. Key concepts for exam revision and assessment.",STEM: Physical Sciences & Mathematics,RecoMind Universal Corpus,Physical Sciences & Mathematics
"Core Topic Review: General knowledge covers current affairs events, national awards, historical milestone dates, world capitals, and treaties. Important for Competitive & General Aptitude analysis.",Competitive & General Aptitude,RecoMind Universal Corpus,Competitive & General Aptitude
"Key Concept Summary: Multivariable calculus calculates double integrals, gradient vectors, curl, divergence, and line integrals over vector fields. Key concepts for exam revision and assessment.",STEM: Physical Sciences & Mathematics,RecoMind Universal Corpus,Physical Sciences & Mathematics
"Subject Guide: Investment analysis evaluates portfolio diversification, Sharpe ratio performance, capital asset pricing model CAPM, and stock valuations. Important for Business, Commerce & Economics analysis.","Business, Commerce & Economics",RecoMind Universal Corpus,"Business, Commerce & Economics"
"Core Topic Review: Materials science investigates crystalline lattice structures, yield strength, ductility, and fatigue limits of alloy metals.",STEM: Engineering & Technology,RecoMind Universal Corpus,Engineering & Technology
"Lecture Overview: Object oriented programming principles include encapsulation, inheritance, polymorphism, and abstraction across software modules. Key concepts for exam revision and assessment.",STEM: Computer Science & IT,RecoMind Universal Corpus,Computer Science & IT
"Key Concept Summary: Clinical neurology assesses cranial nerve pathways, reflexes, motor sensory tracts, and central nervous system pathology. Important for Medical & Life Sciences analysis.",Medical & Life Sciences,RecoMind Universal Corpus,Medical & Life Sciences
"Revision Summary: Biochemistry analyzes cellular respiration pathways including glycolysis, Krebs citric acid cycle, and oxidative phosphorylation.",Medical & Life Sciences,RecoMind Universal Corpus,Medical & Life Sciences
"Subject Guide: Relational database management systems utilize SQL queries, ACID transaction properties, indexing, and primary key constraints. Important for STEM analysis.",STEM: Computer Science & IT,RecoMind Universal Corpus,Computer Science & IT
"Revision Summary: Constitutional law interprets fundamental rights guarantees, judicial review doctrines, constitutional amendments, and federalism.",Law & Legal Studies,RecoMind Universal Corpus,Law & Legal Studies
"Important Principle: Corporate finance calculates net present value NPV, internal rate of return IRR, weighted average cost of capital WACC, and capital budgets.","Business, Commerce & Economics",RecoMind Universal Corpus,"Business, Commerce & Economics"
"Textbook Excerpt: Linear algebra utilizes matrix transformations, eigenvalues, eigenvectors, vector spaces, and singular value decomposition.",STEM: Physical Sciences & Mathematics,RecoMind Universal Corpus,Physical Sciences & Mathematics
"Revision Summary: Data interpretation evaluates bar graphs, pie chart percentages, data tables, line graphs, and statistical trend ratios. Important for Competitive & General Aptitude analysis.",Competitive & General Aptitude,RecoMind Universal Corpus,Competitive & General Aptitude
"Key Concept Summary: Law of torts addresses civil wrongs, negligence liability elements, duty of care standards, damages remedies, and strict liability.",Law & Legal Studies,RecoMind Universal Corpus,Law & Legal Studies
"Quick Note: Basic geometry identifies simple shapes like circles squares triangles, counting sides, corners, and measurement units. Important for Primary / Basic Foundation analysis.",Primary / Basic Foundation,RecoMind Universal Corpus,Primary / Basic Foundation
"Subject Guide: Elementary geography explains landforms like mountains rivers valleys, sun sunrise directions, and basic map reading skills. Key concepts for exam revision and assessment.",Primary / Basic Foundation,RecoMind Universal Corpus,Primary / Basic Foundation
"Key Concept Summary: Operating systems manage hardware memory using virtual paging, process scheduling algorithms, and deadlock avoidance. Important for STEM analysis.",STEM: Computer Science & IT,RecoMind Universal Corpus,Computer Science & IT
"Lecture Overview: Aptitude test preparation practices speed calculation shortcuts, time management techniques, and accuracy optimization.",Competitive & General Aptitude,RecoMind Universal Corpus,Competitive & General Aptitude
"Important Principle: Business law regulates commercial contracts, corporate governance structures, intellectual property rights, and liability terms.","Business, Commerce & Economics",RecoMind Universal Corpus,"Business, Commerce & Economics"
"Lecture Overview: Inorganic chemistry examines transition metal coordination complexes, crystal field theory, orbital hybridization, and valence shell bonding. Important for STEM analysis.",STEM: Physical Sciences & Mathematics,RecoMind Universal Corpus,Physical Sciences & Mathematics
"Exam Preparation Point: Physical chemistry analyzes chemical equilibrium, reaction rate constants, activation energy, and Gibbs free energy change. Important for STEM analysis.",STEM: Physical Sciences & Mathematics,RecoMind Universal Corpus,Physical Sciences & Mathematics
"Important Principle: Sociology investigates social stratification, cultural norms, institutional structures, demographic trends, and social mobility.",Humanities & Social Sciences,RecoMind Universal Corpus,Humanities & Social Sciences
"Study Note Section: Criminal law defines elements of offenses including mens rea intent, actus reus conduct, burden of proof beyond reasonable doubt.",Law & Legal Studies,RecoMind Universal Corpus,Law & Legal Studies
"Exam Preparation Point: Basic arithmetic practices addition subtraction multiplication tables, basic division fractions, and simple place values.",Primary / Basic Foundation,RecoMind Universal Corpus,Primary / Basic Foundation
"Textbook Excerpt: Health and hygiene habit lessons teach hand washing cleanliness, daily exercise routines, healthy food groups, and rest. Key concepts for exam revision and assessment.",Primary / Basic Foundation,RecoMind Universal Corpus,Primary / Basic Foundation
"Important Principle: Constitutional law interprets fundamental rights guarantees, judicial review doctrines, constitutional amendments, and federalism. Key concepts for exam revision and assessment.",Law & Legal Studies,RecoMind Universal Corpus,Law & Legal Studies
"Quick Note: Jurisprudence explores natural law theories, legal positivism, judicial precedent doctrine of stare decisis, and legal philosophy. Key concepts for exam revision and assessment.",Law & Legal Studies,RecoMind Universal Corpus,Law & Legal Studies
"Study Note Section: International relations studies diplomatic policy, sovereign nation state power dynamics, global alliances, and conflict resolution. Key concepts for exam revision and assessment.",Humanities & Social Sciences,RecoMind Universal Corpus,Humanities & Social Sciences
"Important Principle: Object oriented programming principles include encapsulation, inheritance, polymorphism, and abstraction across software modules. Key concepts for exam revision and assessment.",STEM: Computer Science & IT,RecoMind Universal Corpus,Computer Science & IT
"Core Topic Review: Linear algebra utilizes matrix transformations, eigenvalues, eigenvectors, vector spaces, and singular value decomposition.",STEM: Physical Sciences & Mathematics,RecoMind Universal Corpus,Physical Sciences & Mathematics
"Key Concept Summary: Software engineering practices involve git version control, continuous integration pipelines, agile sprints, and unit testing. Key concepts for exam revision and assessment.",STEM: Computer Science & IT,RecoMind Universal Corpus,Computer Science & IT
"Revision Summary: Political science analyzes democratic governance structures, executive legislative judicial balance of power, and voter behavior.",Humanities & Social Sciences,RecoMind Universal Corpus,Humanities & Social Sciences
"Quick Note: Contract law evaluates offer acceptance consideration validity, contractual breaches, performance duties, and specific remedies. Important for Law & Legal Studies analysis.",Law & Legal Studies,RecoMind Universal Corpus,Law & Legal Studies
"Lecture Overview: General knowledge covers current affairs events, national awards, historical milestone dates, world capitals, and treaties. Key concepts for exam revision and assessment.",Competitive & General Aptitude,RecoMind Universal Corpus,Competitive & General Aptitude
"Subject Guide: Health and hygiene habit lessons teach hand washing cleanliness, daily exercise routines, healthy food groups, and rest. Important for Primary / Basic Foundation analysis.",Primary / Basic Foundation,RecoMind Universal Corpus,Primary / Basic Foundation
"Textbook Excerpt: Classical mechanics formulates planetary motion using Newton laws of motion, conservation of momentum, and Lagrangian dynamics.",STEM: Physical Sciences & Mathematics,RecoMind Universal Corpus,Physical Sciences & Mathematics
"Important Principle: Current affairs tracking covers international summits, bilateral agreements, government welfare schemes, and science news.",Competitive & General Aptitude,RecoMind Universal Corpus,Competitive & General Aptitude
"Textbook Excerpt: Biochemistry analyzes cellular respiration pathways including glycolysis, Krebs citric acid cycle, and oxidative phosphorylation.",Medical & Life Sciences,RecoMind Universal Corpus,Medical & Life Sciences
"Textbook Excerpt: Verbal ability tests reading comprehension passages, synonym antonym vocabulary, sentence correction, and idiom usage. Key concepts for exam revision and assessment.",Competitive & General Aptitude,RecoMind Universal Corpus,Competitive & General Aptitude
"Exam Preparation Point: Political science analyzes democratic governance structures, executive legislative judicial balance of power, and voter behavior. Key concepts for exam revision and assessment.",Humanities & Social Sciences,RecoMind Universal Corpus,Humanities & Social Sciences
"Core Topic Review: Classical mechanics formulates planetary motion using Newton laws of motion, conservation of momentum, and Lagrangian dynamics. Important for STEM analysis.",STEM: Physical Sciences & Mathematics,RecoMind Universal Corpus,Physical Sciences & Mathematics
"Key Concept Summary: Web development frontends use React components, virtual DOM state management, and asynchronous fetch APIs for REST services.",STEM: Computer Science & IT,RecoMind Universal Corpus,Computer Science & IT
"Key Concept Summary: Human anatomy details upper extremity vascular supply, brachial plexus nerve innervation, and skeletal muscular origins. Key concepts for exam revision and assessment.",Medical & Life Sciences,RecoMind Universal Corpus,Medical & Life Sciences
"Lecture Overview: Political science analyzes democratic governance structures, executive legislative judicial balance of power, and voter behavior. Key concepts for exam revision and assessment.",Humanities & Social Sciences,RecoMind Universal Corpus,Humanities & Social Sciences
"Textbook Excerpt: Elementary geography explains landforms like mountains rivers valleys, sun sunrise directions, and basic map reading skills. Important for Primary / Basic Foundation analysis.",Primary / Basic Foundation,RecoMind Universal Corpus,Primary / Basic Foundation
"Important Principle: Data structures like binary search trees, hash tables, and graphs allow efficient O(log n) search and insertion. Key concepts for exam revision and assessment.",STEM: Computer Science & IT,RecoMind Universal Corpus,Computer Science & IT
"Textbook Excerpt: Financial accounting principles record double entry bookkeeping, journal entries, balance sheets, and cash flow statements. Important for Business, Commerce & Economics analysis.","Business, Commerce & Economics",RecoMind Universal Corpus,"Business, Commerce & Economics"
"Exam Preparation Point: Genetics examines DNA double helix replication, transcription factor regulation, translation ribosome complexes, and mutations. Key concepts for exam revision and assessment.",Medical & Life Sciences,RecoMind Universal Corpus,Medical & Life Sciences
"Revision Summary: Current affairs tracking covers international summits, bilateral agreements, government welfare schemes, and science news. Key concepts for exam revision and assessment.",Competitive & General Aptitude,RecoMind Universal Corpus,Competitive & General Aptitude
"Key Concept Summary: Constitutional law interprets fundamental rights guarantees, judicial review doctrines, constitutional amendments, and federalism. Important for Law & Legal Studies analysis.",Law & Legal Studies,RecoMind Universal Corpus,Law & Legal Studies
"Lecture Overview: Quantum mechanics describes particle wave duality, wavefunctions, Heisenberg uncertainty principle, and Schrödinger equation solutions. Key concepts for exam revision and assessment.",STEM: Physical Sciences & Mathematics,RecoMind Universal Corpus,Physical Sciences & Mathematics
Quick Note: Algorithm analysis evaluates time and space complexity using asymptotic Big O notation for worst case execution bounds. Important for STEM analysis.,STEM: Computer Science & IT,RecoMind Universal Corpus,Computer Science & IT
"Subject Guide: Quantum mechanics describes particle wave duality, wavefunctions, Heisenberg uncertainty principle, and Schrödinger equation solutions.",STEM: Physical Sciences & Mathematics,RecoMind Universal Corpus,Physical Sciences & Mathematics
"Exam Preparation Point: Data structures like binary search trees, hash tables, and graphs allow efficient O(log n) search and insertion. Key concepts for exam revision and assessment.",STEM: Computer Science & IT,RecoMind Universal Corpus,Computer Science & IT
"Exam Preparation Point: Evidence law establishes rules for witness testimony admissibility, hearsay exceptions, documentary evidence, and cross examination. Important for Law & Legal Studies analysis.",Law & Legal Studies,RecoMind Universal Corpus,Law & Legal Studies
"Revision Summary: Law of torts addresses civil wrongs, negligence liability elements, duty of care standards, damages remedies, and strict liability. Important for Law & Legal Studies analysis.",Law & Legal Studies,RecoMind Universal Corpus,Law & Legal Studies
"Study Note Section: Basic geometry identifies simple shapes like circles squares triangles, counting sides, corners, and measurement units. Key concepts for exam revision and assessment.",Primary / Basic Foundation,RecoMind Universal Corpus,Primary / Basic Foundation
"Core Topic Review: Primary social studies introduces family roles, community helpers, school rules, local neighborhood maps, and national flags. Key concepts for exam revision and assessment.",Primary / Basic Foundation,RecoMind Universal Corpus,Primary / Basic Foundation
Exam Preparation Point: Fluid mechanics analyzes laminar vs turbulent flow regimes using Bernoulli equation and Navier Stokes conservation equations. Key concepts for exam revision and assessment.,STEM: Engineering & Technology,RecoMind Universal Corpus,Engineering & Technology
"Quick Note: Marketing strategy conducts target market segmentation, positioning, pricing elasticity, and digital customer acquisition funnels. Important for Business, Commerce & Economics analysis.","Business, Commerce & Economics",RecoMind Universal Corpus,"Business, Commerce & Economics"
"Lecture Overview: Macroeconomics evaluates national gross domestic product GDP growth, inflation rates, central bank monetary policy, and unemployment. Key concepts for exam revision and assessment.","Business, Commerce & Economics",RecoMind Universal Corpus,"Business, Commerce & Economics"
"Subject Guide: Corporate finance calculates net present value NPV, internal rate of return IRR, weighted average cost of capital WACC, and capital budgets. Important for Business, Commerce & Economics analysis.","Business, Commerce & Economics",RecoMind Universal Corpus,"Business, Commerce & Economics"
"Lecture Overview: International relations studies diplomatic policy, sovereign nation state power dynamics, global alliances, and conflict resolution.",Humanities & Social Sciences,RecoMind Universal Corpus,Humanities & Social Sciences
"Study Note Section: Law of torts addresses civil wrongs, negligence liability elements, duty of care standards, damages remedies, and strict liability. Key concepts for exam revision and assessment.",Law & Legal Studies,RecoMind Universal Corpus,Law & Legal Studies
"Lecture Overview: Corporate finance calculates net present value NPV, internal rate of return IRR, weighted average cost of capital WACC, and capital budgets.","Business, Commerce & Economics",RecoMind Universal Corpus,"Business, Commerce & Economics"
"Important Principle: General mental ability tests critical thinking assumptions, statement cause effect conclusions, and logical deductions. Key concepts for exam revision and assessment.",Competitive & General Aptitude,RecoMind Universal Corpus,Competitive & General Aptitude
"Subject Guide: Public administration focuses on public policy formulation, bureaucratic administrative efficiency, and civic governance. Key concepts for exam revision and assessment.",Humanities & Social Sciences,RecoMind Universal Corpus,Humanities & Social Sciences
"Subject Guide: International relations studies diplomatic policy, sovereign nation state power dynamics, global alliances, and conflict resolution. Important for Humanities & Social Sciences analysis.",Humanities & Social Sciences,RecoMind Universal Corpus,Humanities & Social Sciences
"Quick Note: Electromagnetism explains electric fields, magnetic flux induction, Maxwell equations, and electromagnetic wave propagation.",STEM: Physical Sciences & Mathematics,RecoMind Universal Corpus,Physical Sciences & Mathematics
"Quick Note: Computer networks communicate via TCP IP stack protocol layers, sockets, routing tables, and HTTP request response headers. Key concepts for exam revision and assessment.",STEM: Computer Science & IT,RecoMind Universal Corpus,Computer Science & IT
"Exam Preparation Point: Basic safety education covers traffic signal rules, road crossing safety, fire safety rules, and emergency contact numbers. Important for Primary / Basic Foundation analysis.",Primary / Basic Foundation,RecoMind Universal Corpus,Primary / Basic Foundation
"Textbook Excerpt: Classical mechanics formulates planetary motion using Newton laws of motion, conservation of momentum, and Lagrangian dynamics. Important for STEM analysis.",STEM: Physical Sciences & Mathematics,RecoMind Universal Corpus,Physical Sciences & Mathematics
"Important Principle: Basic safety education covers traffic signal rules, road crossing safety, fire safety rules, and emergency contact numbers. Important for Primary / Basic Foundation analysis.",Primary / Basic Foundation,RecoMind Universal Corpus,Primary / Basic Foundation
"Key Concept Summary: Quantum mechanics describes particle wave duality, wavefunctions, Heisenberg uncertainty principle, and Schrödinger equation solutions. Important for STEM analysis.",STEM: Physical Sciences & Mathematics,RecoMind Universal Corpus,Physical Sciences & Mathematics
"Subject Guide: Structural engineering calculates shear force diagrams, bending moment distributions, and tensile stress under load conditions.",STEM: Engineering & Technology,RecoMind Universal Corpus,Engineering & Technology
"Textbook Excerpt: Law of torts addresses civil wrongs, negligence liability elements, duty of care standards, damages remedies, and strict liability. Key concepts for exam revision and assessment.",Law & Legal Studies,RecoMind Universal Corpus,Law & Legal Studies
"Important Principle: Immunology details T cell activation, B cell antibody production, antigen presenting cells, and adaptive immune responses.",Medical & Life Sciences,RecoMind Universal Corpus,Medical & Life Sciences
"Quick Note: Data structures like binary search trees, hash tables, and graphs allow efficient O(log n) search and insertion.",STEM: Computer Science & IT,RecoMind Universal Corpus,Computer Science & IT
"Textbook Excerpt: Philosophy explores epistemological theories of knowledge, moral ethics frameworks, utilitarianism, and metaphysical existence.",Humanities & Social Sciences,RecoMind Universal Corpus,Humanities & Social Sciences
"Core Topic Review: Elementary geography explains landforms like mountains rivers valleys, sun sunrise directions, and basic map reading skills. Important for Primary / Basic Foundation analysis.",Primary / Basic Foundation,RecoMind Universal Corpus,Primary / Basic Foundation
"Exam Preparation Point: Chemical engineering processes design heat exchangers, distillation columns, mass transfer rates, and reaction kinetics.",STEM: Engineering & Technology,RecoMind Universal Corpus,Engineering & Technology
"Key Concept Summary: Aerodynamics studies lift force generation, drag coefficient minimization, airfoil camber geometry, and boundary layer thickness. Important for STEM analysis.",STEM: Engineering & Technology,RecoMind Universal Corpus,Engineering & Technology
"Subject Guide: Sociology investigates social stratification, cultural norms, institutional structures, demographic trends, and social mobility. Important for Humanities & Social Sciences analysis.",Humanities & Social Sciences,RecoMind Universal Corpus,Humanities & Social Sciences
Revision Summary: Algorithm analysis evaluates time and space complexity using asymptotic Big O notation for worst case execution bounds. Important for STEM analysis.,STEM: Computer Science & IT,RecoMind Universal Corpus,Computer Science & IT
"Revision Summary: Verbal ability tests reading comprehension passages, synonym antonym vocabulary, sentence correction, and idiom usage.",Competitive & General Aptitude,RecoMind Universal Corpus,Competitive & General Aptitude
"Revision Summary: Clinical neurology assesses cranial nerve pathways, reflexes, motor sensory tracts, and central nervous system pathology. Key concepts for exam revision and assessment.",Medical & Life Sciences,RecoMind Universal Corpus,Medical & Life Sciences
"Revision Summary: Criminal law defines elements of offenses including mens rea intent, actus reus conduct, burden of proof beyond reasonable doubt.",Law & Legal Studies,RecoMind Universal Corpus,Law & Legal Studies
"Core Topic Review: Basic geometry identifies simple shapes like circles squares triangles, counting sides, corners, and measurement units. Key concepts for exam revision and assessment.",Primary / Basic Foundation,RecoMind Universal Corpus,Primary / Basic Foundation
"Subject Guide: Chemical engineering processes design heat exchangers, distillation columns, mass transfer rates, and reaction kinetics. Key concepts for exam revision and assessment.",STEM: Engineering & Technology,RecoMind Universal Corpus,Engineering & Technology
"Study Note Section: Software engineering practices involve git version control, continuous integration pipelines, agile sprints, and unit testing.",STEM: Computer Science & IT,RecoMind Universal Corpus,Computer Science & IT
"Core Topic Review: Immunology details T cell activation, B cell antibody production, antigen presenting cells, and adaptive immune responses. Key concepts for exam revision and assessment.",Medical & Life Sciences,RecoMind Universal Corpus,Medical & Life Sciences
"Study Note Section: Chemical engineering processes design heat exchangers, distillation columns, mass transfer rates, and reaction kinetics. Key concepts for exam revision and assessment.",STEM: Engineering & Technology,RecoMind Universal Corpus,Engineering & Technology
"Quick Note: Machine learning models process feature vectors using supervised classification, gradient descent optimization, and loss minimization.",STEM: Computer Science & IT,RecoMind Universal Corpus,Computer Science & IT
"Lecture Overview: Quantum mechanics describes particle wave duality, wavefunctions, Heisenberg uncertainty principle, and Schrödinger equation solutions.",STEM: Physical Sciences & Mathematics,RecoMind Universal Corpus,Physical Sciences & Mathematics
"Revision Summary: Web development frontends use React components, virtual DOM state management, and asynchronous fetch APIs for REST services. Key concepts for exam revision and assessment.",STEM: Computer Science & IT,RecoMind Universal Corpus,Computer Science & IT
"Subject Guide: Philosophy explores epistemological theories of knowledge, moral ethics frameworks, utilitarianism, and metaphysical existence. Important for Humanities & Social Sciences analysis.",Humanities & Social Sciences,RecoMind Universal Corpus,Humanities & Social Sciences
"Lecture Overview: Sociology investigates social stratification, cultural norms, institutional structures, demographic trends, and social mobility. Important for Humanities & Social Sciences analysis.",Humanities & Social Sciences,RecoMind Universal Corpus,Humanities & Social Sciences
"Key Concept Summary: Environmental studies EVS teaches environmental conservation, water saving habits, recycling waste, and animal habitat care.",Primary / Basic Foundation,RecoMind Universal Corpus,Primary / Basic Foundation
"Important Principle: Pathology investigates cellular injury mechanisms, inflammation cascades, apoptosis pathways, and histological tumor grading.",Medical & Life Sciences,RecoMind Universal Corpus,Medical & Life Sciences
"Exam Preparation Point: International economics evaluates foreign exchange rate fluctuations, trade balance deficits, tariffs, and comparative advantage. Key concepts for exam revision and assessment.","Business, Commerce & Economics",RecoMind Universal Corpus,"Business, Commerce & Economics"
"Important Principle: Evidence law establishes rules for witness testimony admissibility, hearsay exceptions, documentary evidence, and cross examination. Important for Law & Legal Studies analysis.",Law & Legal Studies,RecoMind Universal Corpus,Law & Legal Studies
"Quick Note: Signals and systems processing utilizes Fourier transform, Laplace transform, and impulse response to analyze linear systems. Key concepts for exam revision and assessment.",STEM: Engineering & Technology,RecoMind Universal Corpus,Engineering & Technology
"Exam Preparation Point: Philosophy explores epistemological theories of knowledge, moral ethics frameworks, utilitarianism, and metaphysical existence. Important for Humanities & Social Sciences analysis.",Humanities & Social Sciences,RecoMind Universal Corpus,Humanities & Social Sciences
"Core Topic Review: Health and hygiene habit lessons teach hand washing cleanliness, daily exercise routines, healthy food groups, and rest. Important for Primary / Basic Foundation analysis.",Primary / Basic Foundation,RecoMind Universal Corpus,Primary / Basic Foundation
"Exam Preparation Point: Microeconomics analyzes consumer demand curves, supply elasticity, market equilibrium price, and marginal utility optimization.","Business, Commerce & Economics",RecoMind Universal Corpus,"Business, Commerce & Economics"
"Exam Preparation Point: Health and hygiene habit lessons teach hand washing cleanliness, daily exercise routines, healthy food groups, and rest.",Primary / Basic Foundation,RecoMind Universal Corpus,Primary / Basic Foundation
"Textbook Excerpt: Public administration focuses on public policy formulation, bureaucratic administrative efficiency, and civic governance.",Humanities & Social Sciences,RecoMind Universal Corpus,Humanities & Social Sciences
"Subject Guide: Basic arithmetic practices addition subtraction multiplication tables, basic division fractions, and simple place values. Important for Primary / Basic Foundation analysis.",Primary / Basic Foundation,RecoMind Universal Corpus,Primary / Basic Foundation
"Textbook Excerpt: Human physiology explains cardiac muscle contraction, cardiac output determinants, action potentials, and renal filtration rates. Important for Medical & Life Sciences analysis.",Medical & Life Sciences,RecoMind Universal Corpus,Medical & Life Sciences
"Subject Guide: Intellectual property law protects patent innovation claims, registered trademarks, copyright author ownership, and trade secrets. Important for Law & Legal Studies analysis.",Law & Legal Studies,RecoMind Universal Corpus,Law & Legal Studies
"Study Note Section: Clinical neurology assesses cranial nerve pathways, reflexes, motor sensory tracts, and central nervous system pathology.",Medical & Life Sciences,RecoMind Universal Corpus,Medical & Life Sciences
"Revision Summary: Physical chemistry analyzes chemical equilibrium, reaction rate constants, activation energy, and Gibbs free energy change. Key concepts for exam revision and assessment.",STEM: Physical Sciences & Mathematics,RecoMind Universal Corpus,Physical Sciences & Mathematics
"Quick Note: General knowledge covers current affairs events, national awards, historical milestone dates, world capitals, and treaties.",Competitive & General Aptitude,RecoMind Universal Corpus,Competitive & General Aptitude
"Lecture Overview: Quantitative aptitude calculates speed distance time, work efficiency ratios, percentage profit loss, and interest rates.",Competitive & General Aptitude,RecoMind Universal Corpus,Competitive & General Aptitude
"Core Topic Review: Basic safety education covers traffic signal rules, road crossing safety, fire safety rules, and emergency contact numbers.",Primary / Basic Foundation,RecoMind Universal Corpus,Primary / Basic Foundation
"Quick Note: Pharmacology studies drug receptor binding kinetics, pharmacokinetics clearance, bioavailability, and therapeutic drug monitoring.",Medical & Life Sciences,RecoMind Universal Corpus,Medical & Life Sciences
"Lecture Overview: Electromagnetism explains electric fields, magnetic flux induction, Maxwell equations, and electromagnetic wave propagation. Key concepts for exam revision and assessment.",STEM: Physical Sciences & Mathematics,RecoMind Universal Corpus,Physical Sciences & Mathematics
"Revision Summary: Cybersecurity protocols enforce public key infrastructure, RSA encryption algorithms, digital certificates, and hashing functions. Key concepts for exam revision and assessment.",STEM: Computer Science & IT,RecoMind Universal Corpus,Computer Science & IT
"Subject Guide: Pathology investigates cellular injury mechanisms, inflammation cascades, apoptosis pathways, and histological tumor grading. Important for Medical & Life Sciences analysis.",Medical & Life Sciences,RecoMind Universal Corpus,Medical & Life Sciences
"Revision Summary: International economics evaluates foreign exchange rate fluctuations, trade balance deficits, tariffs, and comparative advantage.","Business, Commerce & Economics",RecoMind Universal Corpus,"Business, Commerce & Economics"
"Lecture Overview: Clinical neurology assesses cranial nerve pathways, reflexes, motor sensory tracts, and central nervous system pathology. Important for Medical & Life Sciences analysis.",Medical & Life Sciences,RecoMind Universal Corpus,Medical & Life Sciences
"Study Note Section: Aptitude test preparation practices speed calculation shortcuts, time management techniques, and accuracy optimization. Important for Competitive & General Aptitude analysis.",Competitive & General Aptitude,RecoMind Universal Corpus,Competitive & General Aptitude
"Revision Summary: Thermodynamics principles dictate heat transfer, entropy creation, internal energy variations, and Carnot cycle efficiency bounds. Important for STEM analysis.",STEM: Engineering & Technology,RecoMind Universal Corpus,Engineering & Technology
"Quick Note: Microeconomics analyzes consumer demand curves, supply elasticity, market equilibrium price, and marginal utility optimization.","Business, Commerce & Economics",RecoMind Universal Corpus,"Business, Commerce & Economics"
"Revision Summary: Primary social studies introduces family roles, community helpers, school rules, local neighborhood maps, and national flags. Important for Primary / Basic Foundation analysis.",Primary / Basic Foundation,RecoMind Universal Corpus,Primary / Basic Foundation
"Subject Guide: Inorganic chemistry examines transition metal coordination complexes, crystal field theory, orbital hybridization, and valence shell bonding.",STEM: Physical Sciences & Mathematics,RecoMind Universal Corpus,Physical Sciences & Mathematics
"Lecture Overview: Evidence law establishes rules for witness testimony admissibility, hearsay exceptions, documentary evidence, and cross examination. Key concepts for exam revision and assessment.",Law & Legal Studies,RecoMind Universal Corpus,Law & Legal Studies
"Exam Preparation Point: Inorganic chemistry examines transition metal coordination complexes, crystal field theory, orbital hybridization, and valence shell bonding.",STEM: Physical Sciences & Mathematics,RecoMind Universal Corpus,Physical Sciences & Mathematics
"Study Note Section: Electrical circuit theory calculates voltage drop across resistors, inductors, and capacitors using Kirchhoff current law. Key concepts for exam revision and assessment.",STEM: Engineering & Technology,RecoMind Universal Corpus,Engineering & Technology
"Revision Summary: Multivariable calculus calculates double integrals, gradient vectors, curl, divergence, and line integrals over vector fields.",STEM: Physical Sciences & Mathematics,RecoMind Universal Corpus,Physical Sciences & Mathematics
"Study Note Section: Basic arithmetic practices addition subtraction multiplication tables, basic division fractions, and simple place values. Key concepts for exam revision and assessment.",Primary / Basic Foundation,RecoMind Universal Corpus,Primary / Basic Foundation
"Study Note Section: Basic safety education covers traffic signal rules, road crossing safety, fire safety rules, and emergency contact numbers. Key concepts for exam revision and assessment.",Primary / Basic Foundation,RecoMind Universal Corpus,Primary / Basic Foundation
"Lecture Overview: Mechatronics combines microcontrollers, stepper motor actuators, encoder feedback sensors, and automated control loops. Important for STEM analysis.",STEM: Engineering & Technology,RecoMind Universal Corpus,Engineering & Technology
"Exam Preparation Point: Corporate finance calculates net present value NPV, internal rate of return IRR, weighted average cost of capital WACC, and capital budgets. Important for Business, Commerce & Economics analysis.","Business, Commerce & Economics",RecoMind Universal Corpus,"Business, Commerce & Economics"
"Study Note Section: Property law governs real estate ownership titles, land easements, leasehold tenancies, property transfers, and mortgages. Important for Law & Legal Studies analysis.",Law & Legal Studies,RecoMind Universal Corpus,Law & Legal Studies
Important Principle: Fluid mechanics analyzes laminar vs turbulent flow regimes using Bernoulli equation and Navier Stokes conservation equations. Important for STEM analysis.,STEM: Engineering & Technology,RecoMind Universal Corpus,Engineering & Technology
"Quick Note: Environmental studies EVS teaches environmental conservation, water saving habits, recycling waste, and animal habitat care. Key concepts for exam revision and assessment.",Primary / Basic Foundation,RecoMind Universal Corpus,Primary / Basic Foundation
"Revision Summary: Data interpretation evaluates bar graphs, pie chart percentages, data tables, line graphs, and statistical trend ratios. Key concepts for exam revision and assessment.",Competitive & General Aptitude,RecoMind Universal Corpus,Competitive & General Aptitude
"Textbook Excerpt: Relational database management systems utilize SQL queries, ACID transaction properties, indexing, and primary key constraints.",STEM: Computer Science & IT,RecoMind Universal Corpus,Computer Science & IT
"Important Principle: Corporate law details legal incorporation, director fiduciary duties, shareholder rights, corporate governance, and liquidations. Key concepts for exam revision and assessment.",Law & Legal Studies,RecoMind Universal Corpus,Law & Legal Studies
"Important Principle: Competitive math solves permutation combination probability, algebraic equations, geometry theorems, and mensuration areas. Important for Competitive & General Aptitude analysis.",Competitive & General Aptitude,RecoMind Universal Corpus,Competitive & General Aptitude
"Revision Summary: Modern world history examines industrial revolution urbanization, colonial empire expansion, world war conflicts, and treaties. Important for Humanities & Social Sciences analysis.",Humanities & Social Sciences,RecoMind Universal Corpus,Humanities & Social Sciences
"Quick Note: Marketing strategy conducts target market segmentation, positioning, pricing elasticity, and digital customer acquisition funnels. Key concepts for exam revision and assessment.","Business, Commerce & Economics",RecoMind Universal Corpus,"Business, Commerce & Economics"
"Textbook Excerpt: Contract law evaluates offer acceptance consideration validity, contractual breaches, performance duties, and specific remedies. Key concepts for exam revision and assessment.",Law & Legal Studies,RecoMind Universal Corpus,Law & Legal Studies
"Quick Note: Early language arts focuses on vocabulary sentence building, phonics reading comprehension, spelling rules, and short stories.",Primary / Basic Foundation,RecoMind Universal Corpus,Primary / Basic Foundation
"Subject Guide: Materials science investigates crystalline lattice structures, yield strength, ductility, and fatigue limits of alloy metals.",STEM: Engineering & Technology,RecoMind Universal Corpus,Engineering & Technology
"Exam Preparation Point: Biochemistry analyzes cellular respiration pathways including glycolysis, Krebs citric acid cycle, and oxidative phosphorylation. Important for Medical & Life Sciences analysis.",Medical & Life Sciences,RecoMind Universal Corpus,Medical & Life Sciences
"Exam Preparation Point: Public administration focuses on public policy formulation, bureaucratic administrative efficiency, and civic governance. Important for Humanities & Social Sciences analysis.",Humanities & Social Sciences,RecoMind Universal Corpus,Humanities & Social Sciences
"Lecture Overview: Corporate law details legal incorporation, director fiduciary duties, shareholder rights, corporate governance, and liquidations. Key concepts for exam revision and assessment.",Law & Legal Studies,RecoMind Universal Corpus,Law & Legal Studies
"Textbook Excerpt: General psychology studies cognitive learning theories, memory recall mechanisms, emotional regulation, and behavioral conditioning. Important for Humanities & Social Sciences analysis.",Humanities & Social Sciences,RecoMind Universal Corpus,Humanities & Social Sciences
"Core Topic Review: Organic chemistry studies carbon functional groups, nucleophilic substitution mechanisms, aromaticity, and synthesis pathways. Key concepts for exam revision and assessment.",STEM: Physical Sciences & Mathematics,RecoMind Universal Corpus,Physical Sciences & Mathematics
"Exam Preparation Point: Corporate finance calculates net present value NPV, internal rate of return IRR, weighted average cost of capital WACC, and capital budgets.","Business, Commerce & Economics",RecoMind Universal Corpus,"Business, Commerce & Economics"
"Important Principle: Business law regulates commercial contracts, corporate governance structures, intellectual property rights, and liability terms. Key concepts for exam revision and assessment.","Business, Commerce & Economics",RecoMind Universal Corpus,"Business, Commerce & Economics"
"Study Note Section: Quantitative aptitude calculates speed distance time, work efficiency ratios, percentage profit loss, and interest rates.",Competitive & General Aptitude,RecoMind Universal Corpus,Competitive & General Aptitude
"Subject Guide: Constitutional law interprets fundamental rights guarantees, judicial review doctrines, constitutional amendments, and federalism.",Law & Legal Studies,RecoMind Universal Corpus,Law & Legal Studies
"Textbook Excerpt: International economics evaluates foreign exchange rate fluctuations, trade balance deficits, tariffs, and comparative advantage. Important for Business, Commerce & Economics analysis.","Business, Commerce & Economics",RecoMind Universal Corpus,"Business, Commerce & Economics"
"Revision Summary: Control systems engineering calculates closed loop transfer functions, root locus stability, and PID feedback tuning parameters. Important for STEM analysis.",STEM: Engineering & Technology,RecoMind Universal Corpus,Engineering & Technology
"Key Concept Summary: Linear algebra utilizes matrix transformations, eigenvalues, eigenvectors, vector spaces, and singular value decomposition.",STEM: Physical Sciences & Mathematics,RecoMind Universal Corpus,Physical Sciences & Mathematics
"Core Topic Review: General psychology studies cognitive learning theories, memory recall mechanisms, emotional regulation, and behavioral conditioning. Important for Humanities & Social Sciences analysis.",Humanities & Social Sciences,RecoMind Universal Corpus,Humanities & Social Sciences
"Important Principle: Software engineering practices involve git version control, continuous integration pipelines, agile sprints, and unit testing. Important for STEM analysis.",STEM: Computer Science & IT,RecoMind Universal Corpus,Computer Science & IT
"Important Principle: Clinical neurology assesses cranial nerve pathways, reflexes, motor sensory tracts, and central nervous system pathology.",Medical & Life Sciences,RecoMind Universal Corpus,Medical & Life Sciences
"Core Topic Review: Pathology investigates cellular injury mechanisms, inflammation cascades, apoptosis pathways, and histological tumor grading. Key concepts for exam revision and assessment.",Medical & Life Sciences,RecoMind Universal Corpus,Medical & Life Sciences
"Revision Summary: Early language arts focuses on vocabulary sentence building, phonics reading comprehension, spelling rules, and short stories.",Primary / Basic Foundation,RecoMind Universal Corpus,Primary / Basic Foundation
"Exam Preparation Point: Control systems engineering calculates closed loop transfer functions, root locus stability, and PID feedback tuning parameters.",STEM: Engineering & Technology,RecoMind Universal Corpus,Engineering & Technology
"Exam Preparation Point: Corporate law details legal incorporation, director fiduciary duties, shareholder rights, corporate governance, and liquidations. Key concepts for exam revision and assessment.",Law & Legal Studies,RecoMind Universal Corpus,Law & Legal Studies
"Core Topic Review: Law of torts addresses civil wrongs, negligence liability elements, duty of care standards, damages remedies, and strict liability. Key concepts for exam revision and assessment.",Law & Legal Studies,RecoMind Universal Corpus,Law & Legal Studies
"Revision Summary: Basic arithmetic practices addition subtraction multiplication tables, basic division fractions, and simple place values. Key concepts for exam revision and assessment.",Primary / Basic Foundation,RecoMind Universal Corpus,Primary / Basic Foundation
"Exam Preparation Point: Software engineering practices involve git version control, continuous integration pipelines, agile sprints, and unit testing. Key concepts for exam revision and assessment.",STEM: Computer Science & IT,RecoMind Universal Corpus,Computer Science & IT
"Subject Guide: Chemical engineering processes design heat exchangers, distillation columns, mass transfer rates, and reaction kinetics. Important for STEM analysis.",STEM: Engineering & Technology,RecoMind Universal Corpus,Engineering & Technology
"Quick Note: Endocrinology regulates hormonal feedback loops involving pituitary thyroid adrenal axis, insulin secretion, and homeostatic balance. Important for Medical & Life Sciences analysis.",Medical & Life Sciences,RecoMind Universal Corpus,Medical & Life Sciences
"Key Concept Summary: Data structures like binary search trees, hash tables, and graphs allow efficient O(log n) search and insertion. Important for STEM analysis.",STEM: Computer Science & IT,RecoMind Universal Corpus,Computer Science & IT
"Exam Preparation Point: Electrical circuit theory calculates voltage drop across resistors, inductors, and capacitors using Kirchhoff current law. Important for STEM analysis.",STEM: Engineering & Technology,RecoMind Universal Corpus,Engineering & Technology
"Subject Guide: Control systems engineering calculates closed loop transfer functions, root locus stability, and PID feedback tuning parameters. Important for STEM analysis.",STEM: Engineering & Technology,RecoMind Universal Corpus,Engineering & Technology
"Lecture Overview: Real analysis rigorously proves limit convergence, continuous functions, supremum bounds, and Riemann integrability of sequences. Important for STEM analysis.",STEM: Physical Sciences & Mathematics,RecoMind Universal Corpus,Physical Sciences & Mathematics
"Exam Preparation Point: Signals and systems processing utilizes Fourier transform, Laplace transform, and impulse response to analyze linear systems. Key concepts for exam revision and assessment.",STEM: Engineering & Technology,RecoMind Universal Corpus,Engineering & Technology
"Subject Guide: Multivariable calculus calculates double integrals, gradient vectors, curl, divergence, and line integrals over vector fields.",STEM: Physical Sciences & Mathematics,RecoMind Universal Corpus,Physical Sciences & Mathematics
"Textbook Excerpt: General knowledge covers current affairs events, national awards, historical milestone dates, world capitals, and treaties.",Competitive & General Aptitude,RecoMind Universal Corpus,Competitive & General Aptitude
"Exam Preparation Point: Law of torts addresses civil wrongs, negligence liability elements, duty of care standards, damages remedies, and strict liability.",Law & Legal Studies,RecoMind Universal Corpus,Law & Legal Studies
"Core Topic Review: Macroeconomics evaluates national gross domestic product GDP growth, inflation rates, central bank monetary policy, and unemployment.","Business, Commerce & Economics",RecoMind Universal Corpus,"Business, Commerce & Economics"
"Exam Preparation Point: Organic chemistry studies carbon functional groups, nucleophilic substitution mechanisms, aromaticity, and synthesis pathways.",STEM: Physical Sciences & Mathematics,RecoMind Universal Corpus,Physical Sciences & Mathematics
"Revision Summary: Political science analyzes democratic governance structures, executive legislative judicial balance of power, and voter behavior. Key concepts for exam revision and assessment.",Humanities & Social Sciences,RecoMind Universal Corpus,Humanities & Social Sciences
"Lecture Overview: Criminal law defines elements of offenses including mens rea intent, actus reus conduct, burden of proof beyond reasonable doubt. Key concepts for exam revision and assessment.",Law & Legal Studies,RecoMind Universal Corpus,Law & Legal Studies
"Exam Preparation Point: Taxation principles calculate gross taxable income, allowable business deductions, tax liabilities, and statutory compliance. Important for Business, Commerce & Economics analysis.","Business, Commerce & Economics",RecoMind Universal Corpus,"Business, Commerce & Economics"
"Quick Note: Microeconomics analyzes consumer demand curves, supply elasticity, market equilibrium price, and marginal utility optimization. Important for Business, Commerce & Economics analysis.","Business, Commerce & Economics",RecoMind Universal Corpus,"Business, Commerce & Economics"
"Key Concept Summary: Political science analyzes democratic governance structures, executive legislative judicial balance of power, and voter behavior.",Humanities & Social Sciences,RecoMind Universal Corpus,Humanities & Social Sciences
"Quick Note: Sociology investigates social stratification, cultural norms, institutional structures, demographic trends, and social mobility. Important for Humanities & Social Sciences analysis.",Humanities & Social Sciences,RecoMind Universal Corpus,Humanities & Social Sciences
"Lecture Overview: Human physiology explains cardiac muscle contraction, cardiac output determinants, action potentials, and renal filtration rates. Important for Medical & Life Sciences analysis.",Medical & Life Sciences,RecoMind Universal Corpus,Medical & Life Sciences
"Important Principle: Jurisprudence explores natural law theories, legal positivism, judicial precedent doctrine of stare decisis, and legal philosophy. Important for Law & Legal Studies analysis.",Law & Legal Studies,RecoMind Universal Corpus,Law & Legal Studies
"Exam Preparation Point: Analytical reasoning solves number series patterns, matrix coding puzzles, direction distance tests, and Venn diagrams. Important for Competitive & General Aptitude analysis.",Competitive & General Aptitude,RecoMind Universal Corpus,Competitive & General Aptitude
Key Concept Summary: Fluid mechanics analyzes laminar vs turbulent flow regimes using Bernoulli equation and Navier Stokes conservation equations. Important for STEM analysis.,STEM: Engineering & Technology,RecoMind Universal Corpus,Engineering & Technology
"Lecture Overview: Basic safety education covers traffic signal rules, road crossing safety, fire safety rules, and emergency contact numbers. Key concepts for exam revision and assessment.",Primary / Basic Foundation,RecoMind Universal Corpus,Primary / Basic Foundation
"Quick Note: Signals and systems processing utilizes Fourier transform, Laplace transform, and impulse response to analyze linear systems.",STEM: Engineering & Technology,RecoMind Universal Corpus,Engineering & Technology
"Lecture Overview: Criminal law defines elements of offenses including mens rea intent, actus reus conduct, burden of proof beyond reasonable doubt. Important for Law & Legal Studies analysis.",Law & Legal Studies,RecoMind Universal Corpus,Law & Legal Studies
"Study Note Section: Taxation principles calculate gross taxable income, allowable business deductions, tax liabilities, and statutory compliance. Key concepts for exam revision and assessment.","Business, Commerce & Economics",RecoMind Universal Corpus,"Business, Commerce & Economics"
"Subject Guide: Microbiology classifies bacterial pathogens based on Gram stain cell wall structures, antibiotic susceptibility, and viral capsids. Important for Medical & Life Sciences analysis.",Medical & Life Sciences,RecoMind Universal Corpus,Medical & Life Sciences
"Exam Preparation Point: General knowledge covers current affairs events, national awards, historical milestone dates, world capitals, and treaties. Key concepts for exam revision and assessment.",Competitive & General Aptitude,RecoMind Universal Corpus,Competitive & General Aptitude
"Important Principle: Control systems engineering calculates closed loop transfer functions, root locus stability, and PID feedback tuning parameters.",STEM: Engineering & Technology,RecoMind Universal Corpus,Engineering & Technology
"Key Concept Summary: Elementary science explains plant photosynthesis needing sunlight water, living nonliving things, and seasonal weather changes. Important for Primary / Basic Foundation analysis.",Primary / Basic Foundation,RecoMind Universal Corpus,Primary / Basic Foundation
"Lecture Overview: Political science analyzes democratic governance structures, executive legislative judicial balance of power, and voter behavior. Important for Humanities & Social Sciences analysis.",Humanities & Social Sciences,RecoMind Universal Corpus,Humanities & Social Sciences
"Textbook Excerpt: Data interpretation evaluates bar graphs, pie chart percentages, data tables, line graphs, and statistical trend ratios. Key concepts for exam revision and assessment.",Competitive & General Aptitude,RecoMind Universal Corpus,Competitive & General Aptitude
"Quick Note: Criminal law defines elements of offenses including mens rea intent, actus reus conduct, burden of proof beyond reasonable doubt. Key concepts for exam revision and assessment.",Law & Legal Studies,RecoMind Universal Corpus,Law & Legal Studies
"Lecture Overview: Human anatomy details upper extremity vascular supply, brachial plexus nerve innervation, and skeletal muscular origins. Key concepts for exam revision and assessment.",Medical & Life Sciences,RecoMind Universal Corpus,Medical & Life Sciences
"Core Topic Review: Quantum mechanics describes particle wave duality, wavefunctions, Heisenberg uncertainty principle, and Schrödinger equation solutions. Important for STEM analysis.",STEM: Physical Sciences & Mathematics,RecoMind Universal Corpus,Physical Sciences & Mathematics
"Core Topic Review: Multivariable calculus calculates double integrals, gradient vectors, curl, divergence, and line integrals over vector fields. Key concepts for exam revision and assessment.",STEM: Physical Sciences & Mathematics,RecoMind Universal Corpus,Physical Sciences & Mathematics
"Important Principle: Web development frontends use React components, virtual DOM state management, and asynchronous fetch APIs for REST services. Important for STEM analysis.",STEM: Computer Science & IT,RecoMind Universal Corpus,Computer Science & IT
"Subject Guide: Data interpretation evaluates bar graphs, pie chart percentages, data tables, line graphs, and statistical trend ratios. Important for Competitive & General Aptitude analysis.",Competitive & General Aptitude,RecoMind Universal Corpus,Competitive & General Aptitude
"Key Concept Summary: Macroeconomics evaluates national gross domestic product GDP growth, inflation rates, central bank monetary policy, and unemployment. Important for Business, Commerce & Economics analysis.","Business, Commerce & Economics",RecoMind Universal Corpus,"Business, Commerce & Economics"
"Revision Summary: Relational database management systems utilize SQL queries, ACID transaction properties, indexing, and primary key constraints. Important for STEM analysis.",STEM: Computer Science & IT,RecoMind Universal Corpus,Computer Science & IT
"Revision Summary: Inorganic chemistry examines transition metal coordination complexes, crystal field theory, orbital hybridization, and valence shell bonding. Important for STEM analysis.",STEM: Physical Sciences & Mathematics,RecoMind Universal Corpus,Physical Sciences & Mathematics
"Textbook Excerpt: Clinical neurology assesses cranial nerve pathways, reflexes, motor sensory tracts, and central nervous system pathology.",Medical & Life Sciences,RecoMind Universal Corpus,Medical & Life Sciences
"Key Concept Summary: Investment analysis evaluates portfolio diversification, Sharpe ratio performance, capital asset pricing model CAPM, and stock valuations.","Business, Commerce & Economics",RecoMind Universal Corpus,"Business, Commerce & Economics"
"Quick Note: Inorganic chemistry examines transition metal coordination complexes, crystal field theory, orbital hybridization, and valence shell bonding. Important for STEM analysis.",STEM: Physical Sciences & Mathematics,RecoMind Universal Corpus,Physical Sciences & Mathematics
"Key Concept Summary: Analytical reasoning solves number series patterns, matrix coding puzzles, direction distance tests, and Venn diagrams.",Competitive & General Aptitude,RecoMind Universal Corpus,Competitive & General Aptitude
"Textbook Excerpt: Microbiology classifies bacterial pathogens based on Gram stain cell wall structures, antibiotic susceptibility, and viral capsids.",Medical & Life Sciences,RecoMind Universal Corpus,Medical & Life Sciences
"Study Note Section: Physical chemistry analyzes chemical equilibrium, reaction rate constants, activation energy, and Gibbs free energy change. Key concepts for exam revision and assessment.",STEM: Physical Sciences & Mathematics,RecoMind Universal Corpus,Physical Sciences & Mathematics
"Subject Guide: Law of torts addresses civil wrongs, negligence liability elements, duty of care standards, damages remedies, and strict liability. Important for Law & Legal Studies analysis.",Law & Legal Studies,RecoMind Universal Corpus,Law & Legal Studies
"Key Concept Summary: Endocrinology regulates hormonal feedback loops involving pituitary thyroid adrenal axis, insulin secretion, and homeostatic balance.",Medical & Life Sciences,RecoMind Universal Corpus,Medical & Life Sciences
"Exam Preparation Point: Machine learning models process feature vectors using supervised classification, gradient descent optimization, and loss minimization.",STEM: Computer Science & IT,RecoMind Universal Corpus,Computer Science & IT
"Study Note Section: General psychology studies cognitive learning theories, memory recall mechanisms, emotional regulation, and behavioral conditioning. Important for Humanities & Social Sciences analysis.",Humanities & Social Sciences,RecoMind Universal Corpus,Humanities & Social Sciences
"Textbook Excerpt: Object oriented programming principles include encapsulation, inheritance, polymorphism, and abstraction across software modules. Important for STEM analysis.",STEM: Computer Science & IT,RecoMind Universal Corpus,Computer Science & IT
"Core Topic Review: Aerodynamics studies lift force generation, drag coefficient minimization, airfoil camber geometry, and boundary layer thickness.",STEM: Engineering & Technology,RecoMind Universal Corpus,Engineering & Technology
"Exam Preparation Point: Investment analysis evaluates portfolio diversification, Sharpe ratio performance, capital asset pricing model CAPM, and stock valuations.","Business, Commerce & Economics",RecoMind Universal Corpus,"Business, Commerce & Economics"
"Exam Preparation Point: Property law governs real estate ownership titles, land easements, leasehold tenancies, property transfers, and mortgages. Key concepts for exam revision and assessment.",Law & Legal Studies,RecoMind Universal Corpus,Law & Legal Studies
"Study Note Section: Cultural anthropology examines ethnographic fieldwork, linguistic diversity, kinship systems, and traditional societal rituals.",Humanities & Social Sciences,RecoMind Universal Corpus,Humanities & Social Sciences
Quick Note: Differential equations model dynamic physical systems using first order separable equations and linear second order operators. Important for STEM analysis.,STEM: Physical Sciences & Mathematics,RecoMind Universal Corpus,Physical Sciences & Mathematics
"Lecture Overview: Classical mechanics formulates planetary motion using Newton laws of motion, conservation of momentum, and Lagrangian dynamics. Key concepts for exam revision and assessment.",STEM: Physical Sciences & Mathematics,RecoMind Universal Corpus,Physical Sciences & Mathematics
"Quick Note: International economics evaluates foreign exchange rate fluctuations, trade balance deficits, tariffs, and comparative advantage.","Business, Commerce & Economics",RecoMind Universal Corpus,"Business, Commerce & Economics"
"Study Note Section: Inorganic chemistry examines transition metal coordination complexes, crystal field theory, orbital hybridization, and valence shell bonding. Important for STEM analysis.",STEM: Physical Sciences & Mathematics,RecoMind Universal Corpus,Physical Sciences & Mathematics
Important Principle: Algorithm analysis evaluates time and space complexity using asymptotic Big O notation for worst case execution bounds. Key concepts for exam revision and assessment.,STEM: Computer Science & IT,RecoMind Universal Corpus,Computer Science & IT
"Core Topic Review: Aptitude test preparation practices speed calculation shortcuts, time management techniques, and accuracy optimization. Key concepts for exam revision and assessment.",Competitive & General Aptitude,RecoMind Universal Corpus,Competitive & General Aptitude
"Exam Preparation Point: Contract law evaluates offer acceptance consideration validity, contractual breaches, performance duties, and specific remedies. Key concepts for exam revision and assessment.",Law & Legal Studies,RecoMind Universal Corpus,Law & Legal Studies
"Important Principle: Administrative law regulates administrative agency rulemaking powers, fair procedure principles, and judicial review of decisions.",Law & Legal Studies,RecoMind Universal Corpus,Law & Legal Studies
"Textbook Excerpt: Primary social studies introduces family roles, community helpers, school rules, local neighborhood maps, and national flags. Important for Primary / Basic Foundation analysis.",Primary / Basic Foundation,RecoMind Universal Corpus,Primary / Basic Foundation
"Textbook Excerpt: Macroeconomics evaluates national gross domestic product GDP growth, inflation rates, central bank monetary policy, and unemployment.","Business, Commerce & Economics",RecoMind Universal Corpus,"Business, Commerce & Economics"
"Subject Guide: General psychology studies cognitive learning theories, memory recall mechanisms, emotional regulation, and behavioral conditioning.",Humanities & Social Sciences,RecoMind Universal Corpus,Humanities & Social Sciences
"Important Principle: Property law governs real estate ownership titles, land easements, leasehold tenancies, property transfers, and mortgages. Key concepts for exam revision and assessment.",Law & Legal Studies,RecoMind Universal Corpus,Law & Legal Studies
Revision Summary: Fluid mechanics analyzes laminar vs turbulent flow regimes using Bernoulli equation and Navier Stokes conservation equations. Key concepts for exam revision and assessment.,STEM: Engineering & Technology,RecoMind Universal Corpus,Engineering & Technology
"Textbook Excerpt: Electromagnetism explains electric fields, magnetic flux induction, Maxwell equations, and electromagnetic wave propagation. Important for STEM analysis.",STEM: Physical Sciences & Mathematics,RecoMind Universal Corpus,Physical Sciences & Mathematics
"Study Note Section: Basic safety education covers traffic signal rules, road crossing safety, fire safety rules, and emergency contact numbers.",Primary / Basic Foundation,RecoMind Universal Corpus,Primary / Basic Foundation
"Exam Preparation Point: Basic geometry identifies simple shapes like circles squares triangles, counting sides, corners, and measurement units.",Primary / Basic Foundation,RecoMind Universal Corpus,Primary / Basic Foundation
"Important Principle: Environmental studies EVS teaches environmental conservation, water saving habits, recycling waste, and animal habitat care. Important for Primary / Basic Foundation analysis.",Primary / Basic Foundation,RecoMind Universal Corpus,Primary / Basic Foundation
"Textbook Excerpt: Taxation principles calculate gross taxable income, allowable business deductions, tax liabilities, and statutory compliance.","Business, Commerce & Economics",RecoMind Universal Corpus,"Business, Commerce & Economics"
"Key Concept Summary: Nature studies observes seed germination growth stages, farm domestic animals, birds nests, and day night sun patterns. Key concepts for exam revision and assessment.",Primary / Basic Foundation,RecoMind Universal Corpus,Primary / Basic Foundation
"Textbook Excerpt: Administrative law regulates administrative agency rulemaking powers, fair procedure principles, and judicial review of decisions. Key concepts for exam revision and assessment.",Law & Legal Studies,RecoMind Universal Corpus,Law & Legal Studies
"Key Concept Summary: Cybersecurity protocols enforce public key infrastructure, RSA encryption algorithms, digital certificates, and hashing functions.",STEM: Computer Science & IT,RecoMind Universal Corpus,Computer Science & IT
"Study Note Section: Taxation principles calculate gross taxable income, allowable business deductions, tax liabilities, and statutory compliance.","Business, Commerce & Economics",RecoMind Universal Corpus,"Business, Commerce & Economics"
"Key Concept Summary: Modern world history examines industrial revolution urbanization, colonial empire expansion, world war conflicts, and treaties. Important for Humanities & Social Sciences analysis.",Humanities & Social Sciences,RecoMind Universal Corpus,Humanities & Social Sciences
"Core Topic Review: Criminal law defines elements of offenses including mens rea intent, actus reus conduct, burden of proof beyond reasonable doubt.",Law & Legal Studies,RecoMind Universal Corpus,Law & Legal Studies
"Core Topic Review: Administrative law regulates administrative agency rulemaking powers, fair procedure principles, and judicial review of decisions. Important for Law & Legal Studies analysis.",Law & Legal Studies,RecoMind Universal Corpus,Law & Legal Studies
"Important Principle: Verbal ability tests reading comprehension passages, synonym antonym vocabulary, sentence correction, and idiom usage. Key concepts for exam revision and assessment.",Competitive & General Aptitude,RecoMind Universal Corpus,Competitive & General Aptitude
"Textbook Excerpt: Operating systems manage hardware memory using virtual paging, process scheduling algorithms, and deadlock avoidance.",STEM: Computer Science & IT,RecoMind Universal Corpus,Computer Science & IT
"Exam Preparation Point: Operating systems manage hardware memory using virtual paging, process scheduling algorithms, and deadlock avoidance. Important for STEM analysis.",STEM: Computer Science & IT,RecoMind Universal Corpus,Computer Science & IT
"Core Topic Review: Data structures like binary search trees, hash tables, and graphs allow efficient O(log n) search and insertion. Important for STEM analysis.",STEM: Computer Science & IT,RecoMind Universal Corpus,Computer Science & IT
"Exam Preparation Point: Environmental studies EVS teaches environmental conservation, water saving habits, recycling waste, and animal habitat care. Key concepts for exam revision and assessment.",Primary / Basic Foundation,RecoMind Universal Corpus,Primary / Basic Foundation
"Textbook Excerpt: Contract law evaluates offer acceptance consideration validity, contractual breaches, performance duties, and specific remedies. Important for Law & Legal Studies analysis.",Law & Legal Studies,RecoMind Universal Corpus,Law & Legal Studies
"Important Principle: Machine learning models process feature vectors using supervised classification, gradient descent optimization, and loss minimization. Key concepts for exam revision and assessment.",STEM: Computer Science & IT,RecoMind Universal Corpus,Computer Science & IT
"Textbook Excerpt: Current affairs tracking covers international summits, bilateral agreements, government welfare schemes, and science news.",Competitive & General Aptitude,RecoMind Universal Corpus,Competitive & General Aptitude
"Revision Summary: Intellectual property law protects patent innovation claims, registered trademarks, copyright author ownership, and trade secrets. Key concepts for exam revision and assessment.",Law & Legal Studies,RecoMind Universal Corpus,Law & Legal Studies
"Subject Guide: Competitive math solves permutation combination probability, algebraic equations, geometry theorems, and mensuration areas.",Competitive & General Aptitude,RecoMind Universal Corpus,Competitive & General Aptitude
"Key Concept Summary: Machine learning models process feature vectors using supervised classification, gradient descent optimization, and loss minimization. Key concepts for exam revision and assessment.",STEM: Computer Science & IT,RecoMind Universal Corpus,Computer Science & IT
"Important Principle: Aerodynamics studies lift force generation, drag coefficient minimization, airfoil camber geometry, and boundary layer thickness. Important for STEM analysis.",STEM: Engineering & Technology,RecoMind Universal Corpus,Engineering & Technology
"Exam Preparation Point: Contract law evaluates offer acceptance consideration validity, contractual breaches, performance duties, and specific remedies.",Law & Legal Studies,RecoMind Universal Corpus,Law & Legal Studies
"Core Topic Review: Signals and systems processing utilizes Fourier transform, Laplace transform, and impulse response to analyze linear systems. Important for STEM analysis.",STEM: Engineering & Technology,RecoMind Universal Corpus,Engineering & Technology
"Key Concept Summary: Marketing strategy conducts target market segmentation, positioning, pricing elasticity, and digital customer acquisition funnels.","Business, Commerce & Economics",RecoMind Universal Corpus,"Business, Commerce & Economics"
"Subject Guide: Physical chemistry analyzes chemical equilibrium, reaction rate constants, activation energy, and Gibbs free energy change. Important for STEM analysis.",STEM: Physical Sciences & Mathematics,RecoMind Universal Corpus,Physical Sciences & Mathematics
"Quick Note: Public administration focuses on public policy formulation, bureaucratic administrative efficiency, and civic governance. Key concepts for exam revision and assessment.",Humanities & Social Sciences,RecoMind Universal Corpus,Humanities & Social Sciences
"Quick Note: Microbiology classifies bacterial pathogens based on Gram stain cell wall structures, antibiotic susceptibility, and viral capsids. Important for Medical & Life Sciences analysis.",Medical & Life Sciences,RecoMind Universal Corpus,Medical & Life Sciences
"Lecture Overview: Control systems engineering calculates closed loop transfer functions, root locus stability, and PID feedback tuning parameters.",STEM: Engineering & Technology,RecoMind Universal Corpus,Engineering & Technology
"Important Principle: Physical chemistry analyzes chemical equilibrium, reaction rate constants, activation energy, and Gibbs free energy change.",STEM: Physical Sciences & Mathematics,RecoMind Universal Corpus,Physical Sciences & Mathematics
"Quick Note: Art history traces architectural movement styles, renaissance painting techniques, classical sculpture, and visual symbolism. Important for Humanities & Social Sciences analysis.",Humanities & Social Sciences,RecoMind Universal Corpus,Humanities & Social Sciences
"Core Topic Review: Control systems engineering calculates closed loop transfer functions, root locus stability, and PID feedback tuning parameters. Key concepts for exam revision and assessment.",STEM: Engineering & Technology,RecoMind Universal Corpus,Engineering & Technology
"Core Topic Review: Cultural anthropology examines ethnographic fieldwork, linguistic diversity, kinship systems, and traditional societal rituals.",Humanities & Social Sciences,RecoMind Universal Corpus,Humanities & Social Sciences
"Core Topic Review: General knowledge covers current affairs events, national awards, historical milestone dates, world capitals, and treaties.",Competitive & General Aptitude,RecoMind Universal Corpus,Competitive & General Aptitude
"Textbook Excerpt: Pathology investigates cellular injury mechanisms, inflammation cascades, apoptosis pathways, and histological tumor grading. Key concepts for exam revision and assessment.",Medical & Life Sciences,RecoMind Universal Corpus,Medical & Life Sciences
"Study Note Section: General mental ability tests critical thinking assumptions, statement cause effect conclusions, and logical deductions. Important for Competitive & General Aptitude analysis.",Competitive & General Aptitude,RecoMind Universal Corpus,Competitive & General Aptitude
"Study Note Section: Environmental studies EVS teaches environmental conservation, water saving habits, recycling waste, and animal habitat care.",Primary / Basic Foundation,RecoMind Universal Corpus,Primary / Basic Foundation
"Revision Summary: Taxation principles calculate gross taxable income, allowable business deductions, tax liabilities, and statutory compliance. Key concepts for exam revision and assessment.","Business, Commerce & Economics",RecoMind Universal Corpus,"Business, Commerce & Economics"
"Revision Summary: Computer networks communicate via TCP IP stack protocol layers, sockets, routing tables, and HTTP request response headers. Key concepts for exam revision and assessment.",STEM: Computer Science & IT,RecoMind Universal Corpus,Computer Science & IT
"Exam Preparation Point: Constitutional law interprets fundamental rights guarantees, judicial review doctrines, constitutional amendments, and federalism. Key concepts for exam revision and assessment.",Law & Legal Studies,RecoMind Universal Corpus,Law & Legal Studies
"Quick Note: Corporate law details legal incorporation, director fiduciary duties, shareholder rights, corporate governance, and liquidations.",Law & Legal Studies,RecoMind Universal Corpus,Law & Legal Studies
"Quick Note: Business law regulates commercial contracts, corporate governance structures, intellectual property rights, and liability terms.","Business, Commerce & Economics",RecoMind Universal Corpus,"Business, Commerce & Economics"
"Revision Summary: Multivariable calculus calculates double integrals, gradient vectors, curl, divergence, and line integrals over vector fields. Important for STEM analysis.",STEM: Physical Sciences & Mathematics,RecoMind Universal Corpus,Physical Sciences & Mathematics
"Subject Guide: Software engineering practices involve git version control, continuous integration pipelines, agile sprints, and unit testing. Key concepts for exam revision and assessment.",STEM: Computer Science & IT,RecoMind Universal Corpus,Computer Science & IT
"Core Topic Review: General mental ability tests critical thinking assumptions, statement cause effect conclusions, and logical deductions. Important for Competitive & General Aptitude analysis.",Competitive & General Aptitude,RecoMind Universal Corpus,Competitive & General Aptitude
"Study Note Section: International economics evaluates foreign exchange rate fluctuations, trade balance deficits, tariffs, and comparative advantage.","Business, Commerce & Economics",RecoMind Universal Corpus,"Business, Commerce & Economics"
"Revision Summary: Basic geometry identifies simple shapes like circles squares triangles, counting sides, corners, and measurement units. Key concepts for exam revision and assessment.",Primary / Basic Foundation,RecoMind Universal Corpus,Primary / Basic Foundation
"Study Note Section: Clinical neurology assesses cranial nerve pathways, reflexes, motor sensory tracts, and central nervous system pathology. Key concepts for exam revision and assessment.",Medical & Life Sciences,RecoMind Universal Corpus,Medical & Life Sciences
"Study Note Section: Mechatronics combines microcontrollers, stepper motor actuators, encoder feedback sensors, and automated control loops. Important for STEM analysis.",STEM: Engineering & Technology,RecoMind Universal Corpus,Engineering & Technology
"Exam Preparation Point: Classical mechanics formulates planetary motion using Newton laws of motion, conservation of momentum, and Lagrangian dynamics. Key concepts for exam revision and assessment.",STEM: Physical Sciences & Mathematics,RecoMind Universal Corpus,Physical Sciences & Mathematics
"Important Principle: Classical mechanics formulates planetary motion using Newton laws of motion, conservation of momentum, and Lagrangian dynamics. Important for STEM analysis.",STEM: Physical Sciences & Mathematics,RecoMind Universal Corpus,Physical Sciences & Mathematics
"Study Note Section: Financial accounting principles record double entry bookkeeping, journal entries, balance sheets, and cash flow statements. Important for Business, Commerce & Economics analysis.","Business, Commerce & Economics",RecoMind Universal Corpus,"Business, Commerce & Economics"
"Key Concept Summary: Cybersecurity protocols enforce public key infrastructure, RSA encryption algorithms, digital certificates, and hashing functions. Key concepts for exam revision and assessment.",STEM: Computer Science & IT,RecoMind Universal Corpus,Computer Science & IT
"Exam Preparation Point: Elementary geography explains landforms like mountains rivers valleys, sun sunrise directions, and basic map reading skills. Key concepts for exam revision and assessment.",Primary / Basic Foundation,RecoMind Universal Corpus,Primary / Basic Foundation
"Study Note Section: Early language arts focuses on vocabulary sentence building, phonics reading comprehension, spelling rules, and short stories.",Primary / Basic Foundation,RecoMind Universal Corpus,Primary / Basic Foundation
"Key Concept Summary: Mechatronics combines microcontrollers, stepper motor actuators, encoder feedback sensors, and automated control loops.",STEM: Engineering & Technology,RecoMind Universal Corpus,Engineering & Technology
"Revision Summary: Sociology investigates social stratification, cultural norms, institutional structures, demographic trends, and social mobility. Important for Humanities & Social Sciences analysis.",Humanities & Social Sciences,RecoMind Universal Corpus,Humanities & Social Sciences
"Revision Summary: Endocrinology regulates hormonal feedback loops involving pituitary thyroid adrenal axis, insulin secretion, and homeostatic balance. Important for Medical & Life Sciences analysis.",Medical & Life Sciences,RecoMind Universal Corpus,Medical & Life Sciences
"Lecture Overview: Chemical engineering processes design heat exchangers, distillation columns, mass transfer rates, and reaction kinetics. Important for STEM analysis.",STEM: Engineering & Technology,RecoMind Universal Corpus,Engineering & Technology
"Important Principle: International economics evaluates foreign exchange rate fluctuations, trade balance deficits, tariffs, and comparative advantage. Important for Business, Commerce & Economics analysis.","Business, Commerce & Economics",RecoMind Universal Corpus,"Business, Commerce & Economics"
"Subject Guide: Endocrinology regulates hormonal feedback loops involving pituitary thyroid adrenal axis, insulin secretion, and homeostatic balance. Important for Medical & Life Sciences analysis.",Medical & Life Sciences,RecoMind Universal Corpus,Medical & Life Sciences
"Key Concept Summary: Modern world history examines industrial revolution urbanization, colonial empire expansion, world war conflicts, and treaties. Key concepts for exam revision and assessment.",Humanities & Social Sciences,RecoMind Universal Corpus,Humanities & Social Sciences
"Exam Preparation Point: Current affairs tracking covers international summits, bilateral agreements, government welfare schemes, and science news. Important for Competitive & General Aptitude analysis.",Competitive & General Aptitude,RecoMind Universal Corpus,Competitive & General Aptitude
"Important Principle: Inorganic chemistry examines transition metal coordination complexes, crystal field theory, orbital hybridization, and valence shell bonding.",STEM: Physical Sciences & Mathematics,RecoMind Universal Corpus,Physical Sciences & Mathematics
"Exam Preparation Point: Physical chemistry analyzes chemical equilibrium, reaction rate constants, activation energy, and Gibbs free energy change.",STEM: Physical Sciences & Mathematics,RecoMind Universal Corpus,Physical Sciences & Mathematics
"Quick Note: Quantum mechanics describes particle wave duality, wavefunctions, Heisenberg uncertainty principle, and Schrödinger equation solutions.",STEM: Physical Sciences & Mathematics,RecoMind Universal Corpus,Physical Sciences & Mathematics
"Lecture Overview: Aptitude test preparation practices speed calculation shortcuts, time management techniques, and accuracy optimization. Important for Competitive & General Aptitude analysis.",Competitive & General Aptitude,RecoMind Universal Corpus,Competitive & General Aptitude
"Core Topic Review: Elementary geography explains landforms like mountains rivers valleys, sun sunrise directions, and basic map reading skills.",Primary / Basic Foundation,RecoMind Universal Corpus,Primary / Basic Foundation
"Textbook Excerpt: Basic safety education covers traffic signal rules, road crossing safety, fire safety rules, and emergency contact numbers.",Primary / Basic Foundation,RecoMind Universal Corpus,Primary / Basic Foundation
"Important Principle: Early language arts focuses on vocabulary sentence building, phonics reading comprehension, spelling rules, and short stories. Important for Primary / Basic Foundation analysis.",Primary / Basic Foundation,RecoMind Universal Corpus,Primary / Basic Foundation
"Lecture Overview: Data structures like binary search trees, hash tables, and graphs allow efficient O(log n) search and insertion. Key concepts for exam revision and assessment.",STEM: Computer Science & IT,RecoMind Universal Corpus,Computer Science & IT
"Lecture Overview: Clinical neurology assesses cranial nerve pathways, reflexes, motor sensory tracts, and central nervous system pathology. Key concepts for exam revision and assessment.",Medical & Life Sciences,RecoMind Universal Corpus,Medical & Life Sciences
"Core Topic Review: Real analysis rigorously proves limit convergence, continuous functions, supremum bounds, and Riemann integrability of sequences.",STEM: Physical Sciences & Mathematics,RecoMind Universal Corpus,Physical Sciences & Mathematics
"Subject Guide: Political science analyzes democratic governance structures, executive legislative judicial balance of power, and voter behavior. Key concepts for exam revision and assessment.",Humanities & Social Sciences,RecoMind Universal Corpus,Humanities & Social Sciences
Core Topic Review: Fluid mechanics analyzes laminar vs turbulent flow regimes using Bernoulli equation and Navier Stokes conservation equations.,STEM: Engineering & Technology,RecoMind Universal Corpus,Engineering & Technology
"Subject Guide: Machine learning models process feature vectors using supervised classification, gradient descent optimization, and loss minimization.",STEM: Computer Science & IT,RecoMind Universal Corpus,Computer Science & IT
"Core Topic Review: Physical chemistry analyzes chemical equilibrium, reaction rate constants, activation energy, and Gibbs free energy change.",STEM: Physical Sciences & Mathematics,RecoMind Universal Corpus,Physical Sciences & Mathematics
"Subject Guide: Genetics examines DNA double helix replication, transcription factor regulation, translation ribosome complexes, and mutations. Key concepts for exam revision and assessment.",Medical & Life Sciences,RecoMind Universal Corpus,Medical & Life Sciences
"Exam Preparation Point: Microbiology classifies bacterial pathogens based on Gram stain cell wall structures, antibiotic susceptibility, and viral capsids. Important for Medical & Life Sciences analysis.",Medical & Life Sciences,RecoMind Universal Corpus,Medical & Life Sciences
"Exam Preparation Point: Jurisprudence explores natural law theories, legal positivism, judicial precedent doctrine of stare decisis, and legal philosophy. Important for Law & Legal Studies analysis.",Law & Legal Studies,RecoMind Universal Corpus,Law & Legal Studies
"Important Principle: Electromagnetism explains electric fields, magnetic flux induction, Maxwell equations, and electromagnetic wave propagation. Key concepts for exam revision and assessment.",STEM: Physical Sciences & Mathematics,RecoMind Universal Corpus,Physical Sciences & Mathematics
"Revision Summary: Analytical reasoning solves number series patterns, matrix coding puzzles, direction distance tests, and Venn diagrams. Key concepts for exam revision and assessment.",Competitive & General Aptitude,RecoMind Universal Corpus,Competitive & General Aptitude
"Important Principle: Data interpretation evaluates bar graphs, pie chart percentages, data tables, line graphs, and statistical trend ratios.",Competitive & General Aptitude,RecoMind Universal Corpus,Competitive & General Aptitude
"Subject Guide: Property law governs real estate ownership titles, land easements, leasehold tenancies, property transfers, and mortgages.",Law & Legal Studies,RecoMind Universal Corpus,Law & Legal Studies
"Quick Note: Control systems engineering calculates closed loop transfer functions, root locus stability, and PID feedback tuning parameters.",STEM: Engineering & Technology,RecoMind Universal Corpus,Engineering & Technology
"Key Concept Summary: Financial accounting principles record double entry bookkeeping, journal entries, balance sheets, and cash flow statements. Key concepts for exam revision and assessment.","Business, Commerce & Economics",RecoMind Universal Corpus,"Business, Commerce & Economics"
"Exam Preparation Point: Nature studies observes seed germination growth stages, farm domestic animals, birds nests, and day night sun patterns.",Primary / Basic Foundation,RecoMind Universal Corpus,Primary / Basic Foundation
"Study Note Section: Evidence law establishes rules for witness testimony admissibility, hearsay exceptions, documentary evidence, and cross examination.",Law & Legal Studies,RecoMind Universal Corpus,Law & Legal Studies
"Textbook Excerpt: Nature studies observes seed germination growth stages, farm domestic animals, birds nests, and day night sun patterns. Key concepts for exam revision and assessment.",Primary / Basic Foundation,RecoMind Universal Corpus,Primary / Basic Foundation
"Textbook Excerpt: Environmental studies EVS teaches environmental conservation, water saving habits, recycling waste, and animal habitat care. Important for Primary / Basic Foundation analysis.",Primary / Basic Foundation,RecoMind Universal Corpus,Primary / Basic Foundation
"Study Note Section: Relational database management systems utilize SQL queries, ACID transaction properties, indexing, and primary key constraints. Key concepts for exam revision and assessment.",STEM: Computer Science & IT,RecoMind Universal Corpus,Computer Science & IT
"Revision Summary: Pharmacology studies drug receptor binding kinetics, pharmacokinetics clearance, bioavailability, and therapeutic drug monitoring. Important for Medical & Life Sciences analysis.",Medical & Life Sciences,RecoMind Universal Corpus,Medical & Life Sciences
"Revision Summary: Quantitative aptitude calculates speed distance time, work efficiency ratios, percentage profit loss, and interest rates.",Competitive & General Aptitude,RecoMind Universal Corpus,Competitive & General Aptitude
"Important Principle: Human geography analyzes population distribution patterns, migration flows, urban development spatial organization, and land use. Important for Humanities & Social Sciences analysis.",Humanities & Social Sciences,RecoMind Universal Corpus,Humanities & Social Sciences
"Study Note Section: Aerodynamics studies lift force generation, drag coefficient minimization, airfoil camber geometry, and boundary layer thickness.",STEM: Engineering & Technology,RecoMind Universal Corpus,Engineering & Technology
"Lecture Overview: Public administration focuses on public policy formulation, bureaucratic administrative efficiency, and civic governance. Key concepts for exam revision and assessment.",Humanities & Social Sciences,RecoMind Universal Corpus,Humanities & Social Sciences
"Exam Preparation Point: Quantitative aptitude calculates speed distance time, work efficiency ratios, percentage profit loss, and interest rates. Key concepts for exam revision and assessment.",Competitive & General Aptitude,RecoMind Universal Corpus,Competitive & General Aptitude
"Quick Note: Cybersecurity protocols enforce public key infrastructure, RSA encryption algorithms, digital certificates, and hashing functions. Important for STEM analysis.",STEM: Computer Science & IT,RecoMind Universal Corpus,Computer Science & IT
"Study Note Section: Human anatomy details upper extremity vascular supply, brachial plexus nerve innervation, and skeletal muscular origins.",Medical & Life Sciences,RecoMind Universal Corpus,Medical & Life Sciences
Textbook Excerpt: Fluid mechanics analyzes laminar vs turbulent flow regimes using Bernoulli equation and Navier Stokes conservation equations. Important for STEM analysis.,STEM: Engineering & Technology,RecoMind Universal Corpus,Engineering & Technology
"Revision Summary: Signals and systems processing utilizes Fourier transform, Laplace transform, and impulse response to analyze linear systems.",STEM: Engineering & Technology,RecoMind Universal Corpus,Engineering & Technology
"Exam Preparation Point: Macroeconomics evaluates national gross domestic product GDP growth, inflation rates, central bank monetary policy, and unemployment. Important for Business, Commerce & Economics analysis.","Business, Commerce & Economics",RecoMind Universal Corpus,"Business, Commerce & Economics"
"Study Note Section: Immunology details T cell activation, B cell antibody production, antigen presenting cells, and adaptive immune responses. Important for Medical & Life Sciences analysis.",Medical & Life Sciences,RecoMind Universal Corpus,Medical & Life Sciences
"Key Concept Summary: Pharmacology studies drug receptor binding kinetics, pharmacokinetics clearance, bioavailability, and therapeutic drug monitoring. Key concepts for exam revision and assessment.",Medical & Life Sciences,RecoMind Universal Corpus,Medical & Life Sciences
"Textbook Excerpt: Corporate law details legal incorporation, director fiduciary duties, shareholder rights, corporate governance, and liquidations. Important for Law & Legal Studies analysis.",Law & Legal Studies,RecoMind Universal Corpus,Law & Legal Studies
"Core Topic Review: Evidence law establishes rules for witness testimony admissibility, hearsay exceptions, documentary evidence, and cross examination.",Law & Legal Studies,RecoMind Universal Corpus,Law & Legal Studies
"Revision Summary: Structural engineering calculates shear force diagrams, bending moment distributions, and tensile stress under load conditions. Important for STEM analysis.",STEM: Engineering & Technology,RecoMind Universal Corpus,Engineering & Technology
"Quick Note: Chemical engineering processes design heat exchangers, distillation columns, mass transfer rates, and reaction kinetics. Key concepts for exam revision and assessment.",STEM: Engineering & Technology,RecoMind Universal Corpus,Engineering & Technology
"Key Concept Summary: Elementary science explains plant photosynthesis needing sunlight water, living nonliving things, and seasonal weather changes. Key concepts for exam revision and assessment.",Primary / Basic Foundation,RecoMind Universal Corpus,Primary / Basic Foundation
"Exam Preparation Point: Sociology investigates social stratification, cultural norms, institutional structures, demographic trends, and social mobility.",Humanities & Social Sciences,RecoMind Universal Corpus,Humanities & Social Sciences
"Revision Summary: Electrical circuit theory calculates voltage drop across resistors, inductors, and capacitors using Kirchhoff current law. Important for STEM analysis.",STEM: Engineering & Technology,RecoMind Universal Corpus,Engineering & Technology
"Quick Note: Immunology details T cell activation, B cell antibody production, antigen presenting cells, and adaptive immune responses.",Medical & Life Sciences,RecoMind Universal Corpus,Medical & Life Sciences
"Quick Note: Contract law evaluates offer acceptance consideration validity, contractual breaches, performance duties, and specific remedies.",Law & Legal Studies,RecoMind Universal Corpus,Law & Legal Studies
"Subject Guide: Jurisprudence explores natural law theories, legal positivism, judicial precedent doctrine of stare decisis, and legal philosophy. Key concepts for exam revision and assessment.",Law & Legal Studies,RecoMind Universal Corpus,Law & Legal Studies
"Lecture Overview: Immunology details T cell activation, B cell antibody production, antigen presenting cells, and adaptive immune responses.",Medical & Life Sciences,RecoMind Universal Corpus,Medical & Life Sciences
"Revision Summary: Basic arithmetic practices addition subtraction multiplication tables, basic division fractions, and simple place values. Important for Primary / Basic Foundation analysis.",Primary / Basic Foundation,RecoMind Universal Corpus,Primary / Basic Foundation
"Subject Guide: International economics evaluates foreign exchange rate fluctuations, trade balance deficits, tariffs, and comparative advantage. Key concepts for exam revision and assessment.","Business, Commerce & Economics",RecoMind Universal Corpus,"Business, Commerce & Economics"
"Revision Summary: Pharmacology studies drug receptor binding kinetics, pharmacokinetics clearance, bioavailability, and therapeutic drug monitoring.",Medical & Life Sciences,RecoMind Universal Corpus,Medical & Life Sciences
"Quick Note: Classical mechanics formulates planetary motion using Newton laws of motion, conservation of momentum, and Lagrangian dynamics. Key concepts for exam revision and assessment.",STEM: Physical Sciences & Mathematics,RecoMind Universal Corpus,Physical Sciences & Mathematics
"Subject Guide: Investment analysis evaluates portfolio diversification, Sharpe ratio performance, capital asset pricing model CAPM, and stock valuations.","Business, Commerce & Economics",RecoMind Universal Corpus,"Business, Commerce & Economics"
"Textbook Excerpt: Pathology investigates cellular injury mechanisms, inflammation cascades, apoptosis pathways, and histological tumor grading.",Medical & Life Sciences,RecoMind Universal Corpus,Medical & Life Sciences
"Core Topic Review: Competitive math solves permutation combination probability, algebraic equations, geometry theorems, and mensuration areas. Important for Competitive & General Aptitude analysis.",Competitive & General Aptitude,RecoMind Universal Corpus,Competitive & General Aptitude
"Key Concept Summary: Microeconomics analyzes consumer demand curves, supply elasticity, market equilibrium price, and marginal utility optimization. Key concepts for exam revision and assessment.","Business, Commerce & Economics",RecoMind Universal Corpus,"Business, Commerce & Economics"
"Important Principle: Quantitative aptitude calculates speed distance time, work efficiency ratios, percentage profit loss, and interest rates. Key concepts for exam revision and assessment.",Competitive & General Aptitude,RecoMind Universal Corpus,Competitive & General Aptitude
Subject Guide: Algorithm analysis evaluates time and space complexity using asymptotic Big O notation for worst case execution bounds. Important for STEM analysis.,STEM: Computer Science & IT,RecoMind Universal Corpus,Computer Science & IT
"Important Principle: Genetics examines DNA double helix replication, transcription factor regulation, translation ribosome complexes, and mutations. Important for Medical & Life Sciences analysis.",Medical & Life Sciences,RecoMind Universal Corpus,Medical & Life Sciences
"Textbook Excerpt: Environmental studies EVS teaches environmental conservation, water saving habits, recycling waste, and animal habitat care.",Primary / Basic Foundation,RecoMind Universal Corpus,Primary / Basic Foundation
"Quick Note: Constitutional law interprets fundamental rights guarantees, judicial review doctrines, constitutional amendments, and federalism.",Law & Legal Studies,RecoMind Universal Corpus,Law & Legal Studies
"Important Principle: Basic arithmetic practices addition subtraction multiplication tables, basic division fractions, and simple place values.",Primary / Basic Foundation,RecoMind Universal Corpus,Primary / Basic Foundation
"Key Concept Summary: Competitive math solves permutation combination probability, algebraic equations, geometry theorems, and mensuration areas. Key concepts for exam revision and assessment.",Competitive & General Aptitude,RecoMind Universal Corpus,Competitive & General Aptitude
"Core Topic Review: Microbiology classifies bacterial pathogens based on Gram stain cell wall structures, antibiotic susceptibility, and viral capsids. Key concepts for exam revision and assessment.",Medical & Life Sciences,RecoMind Universal Corpus,Medical & Life Sciences
"Important Principle: Human anatomy details upper extremity vascular supply, brachial plexus nerve innervation, and skeletal muscular origins. Key concepts for exam revision and assessment.",Medical & Life Sciences,RecoMind Universal Corpus,Medical & Life Sciences
"Revision Summary: Corporate finance calculates net present value NPV, internal rate of return IRR, weighted average cost of capital WACC, and capital budgets. Key concepts for exam revision and assessment.","Business, Commerce & Economics",RecoMind Universal Corpus,"Business, Commerce & Economics"
"Revision Summary: Thermodynamics principles dictate heat transfer, entropy creation, internal energy variations, and Carnot cycle efficiency bounds.",STEM: Engineering & Technology,RecoMind Universal Corpus,Engineering & Technology
"Textbook Excerpt: Logical reasoning analyzes syllogism statement conclusions, blood relation trees, seating arrangement puzzles, and coding decoding. Important for Competitive & General Aptitude analysis.",Competitive & General Aptitude,RecoMind Universal Corpus,Competitive & General Aptitude
"Subject Guide: General knowledge covers current affairs events, national awards, historical milestone dates, world capitals, and treaties. Key concepts for exam revision and assessment.",Competitive & General Aptitude,RecoMind Universal Corpus,Competitive & General Aptitude
"Subject Guide: Cybersecurity protocols enforce public key infrastructure, RSA encryption algorithms, digital certificates, and hashing functions. Important for STEM analysis.",STEM: Computer Science & IT,RecoMind Universal Corpus,Computer Science & IT
"Exam Preparation Point: Computer networks communicate via TCP IP stack protocol layers, sockets, routing tables, and HTTP request response headers.",STEM: Computer Science & IT,RecoMind Universal Corpus,Computer Science & IT
"Important Principle: Current affairs tracking covers international summits, bilateral agreements, government welfare schemes, and science news. Important for Competitive & General Aptitude analysis.",Competitive & General Aptitude,RecoMind Universal Corpus,Competitive & General Aptitude
"Important Principle: Macroeconomics evaluates national gross domestic product GDP growth, inflation rates, central bank monetary policy, and unemployment. Important for Business, Commerce & Economics analysis.","Business, Commerce & Economics",RecoMind Universal Corpus,"Business, Commerce & Economics"
"Lecture Overview: Jurisprudence explores natural law theories, legal positivism, judicial precedent doctrine of stare decisis, and legal philosophy. Important for Law & Legal Studies analysis.",Law & Legal Studies,RecoMind Universal Corpus,Law & Legal Studies
"Important Principle: Mechatronics combines microcontrollers, stepper motor actuators, encoder feedback sensors, and automated control loops.",STEM: Engineering & Technology,RecoMind Universal Corpus,Engineering & Technology
"Revision Summary: Criminal law defines elements of offenses including mens rea intent, actus reus conduct, burden of proof beyond reasonable doubt. Key concepts for exam revision and assessment.",Law & Legal Studies,RecoMind Universal Corpus,Law & Legal Studies
"Key Concept Summary: Immunology details T cell activation, B cell antibody production, antigen presenting cells, and adaptive immune responses. Key concepts for exam revision and assessment.",Medical & Life Sciences,RecoMind Universal Corpus,Medical & Life Sciences
"Lecture Overview: Verbal ability tests reading comprehension passages, synonym antonym vocabulary, sentence correction, and idiom usage.",Competitive & General Aptitude,RecoMind Universal Corpus,Competitive & General Aptitude
"Quick Note: Jurisprudence explores natural law theories, legal positivism, judicial precedent doctrine of stare decisis, and legal philosophy. Important for Law & Legal Studies analysis.",Law & Legal Studies,RecoMind Universal Corpus,Law & Legal Studies
"Revision Summary: Aptitude test preparation practices speed calculation shortcuts, time management techniques, and accuracy optimization. Key concepts for exam revision and assessment.",Competitive & General Aptitude,RecoMind Universal Corpus,Competitive & General Aptitude
"Revision Summary: Mechatronics combines microcontrollers, stepper motor actuators, encoder feedback sensors, and automated control loops. Important for STEM analysis.",STEM: Engineering & Technology,RecoMind Universal Corpus,Engineering & Technology
"Lecture Overview: Endocrinology regulates hormonal feedback loops involving pituitary thyroid adrenal axis, insulin secretion, and homeostatic balance. Important for Medical & Life Sciences analysis.",Medical & Life Sciences,RecoMind Universal Corpus,Medical & Life Sciences
"Study Note Section: Analytical reasoning solves number series patterns, matrix coding puzzles, direction distance tests, and Venn diagrams. Key concepts for exam revision and assessment.",Competitive & General Aptitude,RecoMind Universal Corpus,Competitive & General Aptitude
"Quick Note: Classical mechanics formulates planetary motion using Newton laws of motion, conservation of momentum, and Lagrangian dynamics.",STEM: Physical Sciences & Mathematics,RecoMind Universal Corpus,Physical Sciences & Mathematics
"Subject Guide: Quantitative aptitude calculates speed distance time, work efficiency ratios, percentage profit loss, and interest rates.",Competitive & General Aptitude,RecoMind Universal Corpus,Competitive & General Aptitude
"Key Concept Summary: Object oriented programming principles include encapsulation, inheritance, polymorphism, and abstraction across software modules. Important for STEM analysis.",STEM: Computer Science & IT,RecoMind Universal Corpus,Computer Science & IT
"Core Topic Review: Marketing strategy conducts target market segmentation, positioning, pricing elasticity, and digital customer acquisition funnels. Key concepts for exam revision and assessment.","Business, Commerce & Economics",RecoMind Universal Corpus,"Business, Commerce & Economics"
"Subject Guide: Immunology details T cell activation, B cell antibody production, antigen presenting cells, and adaptive immune responses.",Medical & Life Sciences,RecoMind Universal Corpus,Medical & Life Sciences
"Study Note Section: Thermodynamics principles dictate heat transfer, entropy creation, internal energy variations, and Carnot cycle efficiency bounds. Important for STEM analysis.",STEM: Engineering & Technology,RecoMind Universal Corpus,Engineering & Technology
"Key Concept Summary: Software engineering practices involve git version control, continuous integration pipelines, agile sprints, and unit testing. Important for STEM analysis.",STEM: Computer Science & IT,RecoMind Universal Corpus,Computer Science & IT
"Quick Note: Logical reasoning analyzes syllogism statement conclusions, blood relation trees, seating arrangement puzzles, and coding decoding. Key concepts for exam revision and assessment.",Competitive & General Aptitude,RecoMind Universal Corpus,Competitive & General Aptitude
"Study Note Section: Administrative law regulates administrative agency rulemaking powers, fair procedure principles, and judicial review of decisions. Key concepts for exam revision and assessment.",Law & Legal Studies,RecoMind Universal Corpus,Law & Legal Studies
"Important Principle: Structural engineering calculates shear force diagrams, bending moment distributions, and tensile stress under load conditions. Key concepts for exam revision and assessment.",STEM: Engineering & Technology,RecoMind Universal Corpus,Engineering & Technology
"Important Principle: Thermodynamics principles dictate heat transfer, entropy creation, internal energy variations, and Carnot cycle efficiency bounds. Key concepts for exam revision and assessment.",STEM: Engineering & Technology,RecoMind Universal Corpus,Engineering & Technology
"Study Note Section: Health and hygiene habit lessons teach hand washing cleanliness, daily exercise routines, healthy food groups, and rest. Key concepts for exam revision and assessment.",Primary / Basic Foundation,RecoMind Universal Corpus,Primary / Basic Foundation
"Quick Note: Taxation principles calculate gross taxable income, allowable business deductions, tax liabilities, and statutory compliance. Key concepts for exam revision and assessment.","Business, Commerce & Economics",RecoMind Universal Corpus,"Business, Commerce & Economics"
"Subject Guide: Thermodynamics principles dictate heat transfer, entropy creation, internal energy variations, and Carnot cycle efficiency bounds.",STEM: Engineering & Technology,RecoMind Universal Corpus,Engineering & Technology
"Study Note Section: Art history traces architectural movement styles, renaissance painting techniques, classical sculpture, and visual symbolism. Important for Humanities & Social Sciences analysis.",Humanities & Social Sciences,RecoMind Universal Corpus,Humanities & Social Sciences
"Textbook Excerpt: Computer networks communicate via TCP IP stack protocol layers, sockets, routing tables, and HTTP request response headers.",STEM: Computer Science & IT,RecoMind Universal Corpus,Computer Science & IT
"Core Topic Review: Multivariable calculus calculates double integrals, gradient vectors, curl, divergence, and line integrals over vector fields. Important for STEM analysis.",STEM: Physical Sciences & Mathematics,RecoMind Universal Corpus,Physical Sciences & Mathematics
"Core Topic Review: Cost accounting determines direct material costs, overhead cost allocation, break even analysis, and variance reporting.","Business, Commerce & Economics",RecoMind Universal Corpus,"Business, Commerce & Economics"
"Lecture Overview: Taxation principles calculate gross taxable income, allowable business deductions, tax liabilities, and statutory compliance. Important for Business, Commerce & Economics analysis.","Business, Commerce & Economics",RecoMind Universal Corpus,"Business, Commerce & Economics"
"Exam Preparation Point: International relations studies diplomatic policy, sovereign nation state power dynamics, global alliances, and conflict resolution.",Humanities & Social Sciences,RecoMind Universal Corpus,Humanities & Social Sciences
"Textbook Excerpt: Genetics examines DNA double helix replication, transcription factor regulation, translation ribosome complexes, and mutations. Important for Medical & Life Sciences analysis.",Medical & Life Sciences,RecoMind Universal Corpus,Medical & Life Sciences
"Textbook Excerpt: Thermodynamics principles dictate heat transfer, entropy creation, internal energy variations, and Carnot cycle efficiency bounds. Key concepts for exam revision and assessment.",STEM: Engineering & Technology,RecoMind Universal Corpus,Engineering & Technology
Textbook Excerpt: Algorithm analysis evaluates time and space complexity using asymptotic Big O notation for worst case execution bounds. Key concepts for exam revision and assessment.,STEM: Computer Science & IT,RecoMind Universal Corpus,Computer Science & IT
"Key Concept Summary: Cost accounting determines direct material costs, overhead cost allocation, break even analysis, and variance reporting. Important for Business, Commerce & Economics analysis.","Business, Commerce & Economics",RecoMind Universal Corpus,"Business, Commerce & Economics"
"Exam Preparation Point: Structural engineering calculates shear force diagrams, bending moment distributions, and tensile stress under load conditions. Key concepts for exam revision and assessment.",STEM: Engineering & Technology,RecoMind Universal Corpus,Engineering & Technology
"Revision Summary: General psychology studies cognitive learning theories, memory recall mechanisms, emotional regulation, and behavioral conditioning.",Humanities & Social Sciences,RecoMind Universal Corpus,Humanities & Social Sciences
"Subject Guide: Analytical reasoning solves number series patterns, matrix coding puzzles, direction distance tests, and Venn diagrams. Important for Competitive & General Aptitude analysis.",Competitive & General Aptitude,RecoMind Universal Corpus,Competitive & General Aptitude
"Textbook Excerpt: Sociology investigates social stratification, cultural norms, institutional structures, demographic trends, and social mobility.",Humanities & Social Sciences,RecoMind Universal Corpus,Humanities & Social Sciences
"Textbook Excerpt: Aerodynamics studies lift force generation, drag coefficient minimization, airfoil camber geometry, and boundary layer thickness.",STEM: Engineering & Technology,RecoMind Universal Corpus,Engineering & Technology
"Study Note Section: Macroeconomics evaluates national gross domestic product GDP growth, inflation rates, central bank monetary policy, and unemployment.","Business, Commerce & Economics",RecoMind Universal Corpus,"Business, Commerce & Economics"
"Textbook Excerpt: Art history traces architectural movement styles, renaissance painting techniques, classical sculpture, and visual symbolism. Key concepts for exam revision and assessment.",Humanities & Social Sciences,RecoMind Universal Corpus,Humanities & Social Sciences
"Exam Preparation Point: Elementary science explains plant photosynthesis needing sunlight water, living nonliving things, and seasonal weather changes. Key concepts for exam revision and assessment.",Primary / Basic Foundation,RecoMind Universal Corpus,Primary / Basic Foundation
"Quick Note: Competitive math solves permutation combination probability, algebraic equations, geometry theorems, and mensuration areas.",Competitive & General Aptitude,RecoMind Universal Corpus,Competitive & General Aptitude
"Key Concept Summary: Inorganic chemistry examines transition metal coordination complexes, crystal field theory, orbital hybridization, and valence shell bonding. Key concepts for exam revision and assessment.",STEM: Physical Sciences & Mathematics,RecoMind Universal Corpus,Physical Sciences & Mathematics
"Core Topic Review: Financial accounting principles record double entry bookkeeping, journal entries, balance sheets, and cash flow statements. Important for Business, Commerce & Economics analysis.","Business, Commerce & Economics",RecoMind Universal Corpus,"Business, Commerce & Economics"
"Revision Summary: Macroeconomics evaluates national gross domestic product GDP growth, inflation rates, central bank monetary policy, and unemployment. Key concepts for exam revision and assessment.","Business, Commerce & Economics",RecoMind Universal Corpus,"Business, Commerce & Economics"
"Core Topic Review: Pharmacology studies drug receptor binding kinetics, pharmacokinetics clearance, bioavailability, and therapeutic drug monitoring. Key concepts for exam revision and assessment.",Medical & Life Sciences,RecoMind Universal Corpus,Medical & Life Sciences
"Subject Guide: Human geography analyzes population distribution patterns, migration flows, urban development spatial organization, and land use. Key concepts for exam revision and assessment.",Humanities & Social Sciences,RecoMind Universal Corpus,Humanities & Social Sciences
"Key Concept Summary: Corporate law details legal incorporation, director fiduciary duties, shareholder rights, corporate governance, and liquidations. Important for Law & Legal Studies analysis.",Law & Legal Studies,RecoMind Universal Corpus,Law & Legal Studies
"Important Principle: Law of torts addresses civil wrongs, negligence liability elements, duty of care standards, damages remedies, and strict liability.",Law & Legal Studies,RecoMind Universal Corpus,Law & Legal Studies
"Core Topic Review: Structural engineering calculates shear force diagrams, bending moment distributions, and tensile stress under load conditions. Key concepts for exam revision and assessment.",STEM: Engineering & Technology,RecoMind Universal Corpus,Engineering & Technology
"Lecture Overview: Linear algebra utilizes matrix transformations, eigenvalues, eigenvectors, vector spaces, and singular value decomposition. Important for STEM analysis.",STEM: Physical Sciences & Mathematics,RecoMind Universal Corpus,Physical Sciences & Mathematics
"Study Note Section: Data structures like binary search trees, hash tables, and graphs allow efficient O(log n) search and insertion.",STEM: Computer Science & IT,RecoMind Universal Corpus,Computer Science & IT
"Lecture Overview: Human physiology explains cardiac muscle contraction, cardiac output determinants, action potentials, and renal filtration rates. Key concepts for exam revision and assessment.",Medical & Life Sciences,RecoMind Universal Corpus,Medical & Life Sciences
"Quick Note: Physical chemistry analyzes chemical equilibrium, reaction rate constants, activation energy, and Gibbs free energy change. Key concepts for exam revision and assessment.",STEM: Physical Sciences & Mathematics,RecoMind Universal Corpus,Physical Sciences & Mathematics
"Important Principle: Real analysis rigorously proves limit convergence, continuous functions, supremum bounds, and Riemann integrability of sequences.",STEM: Physical Sciences & Mathematics,RecoMind Universal Corpus,Physical Sciences & Mathematics
"Exam Preparation Point: Pathology investigates cellular injury mechanisms, inflammation cascades, apoptosis pathways, and histological tumor grading. Important for Medical & Life Sciences analysis.",Medical & Life Sciences,RecoMind Universal Corpus,Medical & Life Sciences
"Revision Summary: Financial accounting principles record double entry bookkeeping, journal entries, balance sheets, and cash flow statements.","Business, Commerce & Economics",RecoMind Universal Corpus,"Business, Commerce & Economics"
"Textbook Excerpt: Quantitative aptitude calculates speed distance time, work efficiency ratios, percentage profit loss, and interest rates. Key concepts for exam revision and assessment.",Competitive & General Aptitude,RecoMind Universal Corpus,Competitive & General Aptitude
"Core Topic Review: International relations studies diplomatic policy, sovereign nation state power dynamics, global alliances, and conflict resolution. Important for Humanities & Social Sciences analysis.",Humanities & Social Sciences,RecoMind Universal Corpus,Humanities & Social Sciences
"Lecture Overview: Microeconomics analyzes consumer demand curves, supply elasticity, market equilibrium price, and marginal utility optimization.","Business, Commerce & Economics",RecoMind Universal Corpus,"Business, Commerce & Economics"
"Important Principle: Basic geometry identifies simple shapes like circles squares triangles, counting sides, corners, and measurement units.",Primary / Basic Foundation,RecoMind Universal Corpus,Primary / Basic Foundation
"Study Note Section: Modern world history examines industrial revolution urbanization, colonial empire expansion, world war conflicts, and treaties. Important for Humanities & Social Sciences analysis.",Humanities & Social Sciences,RecoMind Universal Corpus,Humanities & Social Sciences
"Revision Summary: Quantum mechanics describes particle wave duality, wavefunctions, Heisenberg uncertainty principle, and Schrödinger equation solutions. Important for STEM analysis.",STEM: Physical Sciences & Mathematics,RecoMind Universal Corpus,Physical Sciences & Mathematics
"Study Note Section: Control systems engineering calculates closed loop transfer functions, root locus stability, and PID feedback tuning parameters. Important for STEM analysis.",STEM: Engineering & Technology,RecoMind Universal Corpus,Engineering & Technology
"Subject Guide: Elementary geography explains landforms like mountains rivers valleys, sun sunrise directions, and basic map reading skills.",Primary / Basic Foundation,RecoMind Universal Corpus,Primary / Basic Foundation
"Important Principle: Genetics examines DNA double helix replication, transcription factor regulation, translation ribosome complexes, and mutations. Key concepts for exam revision and assessment.",Medical & Life Sciences,RecoMind Universal Corpus,Medical & Life Sciences
"Lecture Overview: Organic chemistry studies carbon functional groups, nucleophilic substitution mechanisms, aromaticity, and synthesis pathways.",STEM: Physical Sciences & Mathematics,RecoMind Universal Corpus,Physical Sciences & Mathematics
"Textbook Excerpt: Microeconomics analyzes consumer demand curves, supply elasticity, market equilibrium price, and marginal utility optimization. Key concepts for exam revision and assessment.","Business, Commerce & Economics",RecoMind Universal Corpus,"Business, Commerce & Economics"
"Revision Summary: Organic chemistry studies carbon functional groups, nucleophilic substitution mechanisms, aromaticity, and synthesis pathways. Key concepts for exam revision and assessment.",STEM: Physical Sciences & Mathematics,RecoMind Universal Corpus,Physical Sciences & Mathematics
"Important Principle: Logical reasoning analyzes syllogism statement conclusions, blood relation trees, seating arrangement puzzles, and coding decoding. Important for Competitive & General Aptitude analysis.",Competitive & General Aptitude,RecoMind Universal Corpus,Competitive & General Aptitude
"Exam Preparation Point: Early language arts focuses on vocabulary sentence building, phonics reading comprehension, spelling rules, and short stories. Key concepts for exam revision and assessment.",Primary / Basic Foundation,RecoMind Universal Corpus,Primary / Basic Foundation
"Textbook Excerpt: Intellectual property law protects patent innovation claims, registered trademarks, copyright author ownership, and trade secrets. Key concepts for exam revision and assessment.",Law & Legal Studies,RecoMind Universal Corpus,Law & Legal Studies
Core Topic Review: Differential equations model dynamic physical systems using first order separable equations and linear second order operators. Important for STEM analysis.,STEM: Physical Sciences & Mathematics,RecoMind Universal Corpus,Physical Sciences & Mathematics
"Exam Preparation Point: Endocrinology regulates hormonal feedback loops involving pituitary thyroid adrenal axis, insulin secretion, and homeostatic balance.",Medical & Life Sciences,RecoMind Universal Corpus,Medical & Life Sciences
"Core Topic Review: Electromagnetism explains electric fields, magnetic flux induction, Maxwell equations, and electromagnetic wave propagation.",STEM: Physical Sciences & Mathematics,RecoMind Universal Corpus,Physical Sciences & Mathematics
"Study Note Section: International economics evaluates foreign exchange rate fluctuations, trade balance deficits, tariffs, and comparative advantage. Important for Business, Commerce & Economics analysis.","Business, Commerce & Economics",RecoMind Universal Corpus,"Business, Commerce & Economics"
"Subject Guide: Software engineering practices involve git version control, continuous integration pipelines, agile sprints, and unit testing.",STEM: Computer Science & IT,RecoMind Universal Corpus,Computer Science & IT
"Quick Note: Investment analysis evaluates portfolio diversification, Sharpe ratio performance, capital asset pricing model CAPM, and stock valuations. Important for Business, Commerce & Economics analysis.","Business, Commerce & Economics",RecoMind Universal Corpus,"Business, Commerce & Economics"
"Core Topic Review: Philosophy explores epistemological theories of knowledge, moral ethics frameworks, utilitarianism, and metaphysical existence.",Humanities & Social Sciences,RecoMind Universal Corpus,Humanities & Social Sciences
"Subject Guide: Basic safety education covers traffic signal rules, road crossing safety, fire safety rules, and emergency contact numbers. Key concepts for exam revision and assessment.",Primary / Basic Foundation,RecoMind Universal Corpus,Primary / Basic Foundation
"Core Topic Review: Basic geometry identifies simple shapes like circles squares triangles, counting sides, corners, and measurement units.",Primary / Basic Foundation,RecoMind Universal Corpus,Primary / Basic Foundation
"Important Principle: Financial accounting principles record double entry bookkeeping, journal entries, balance sheets, and cash flow statements. Key concepts for exam revision and assessment.","Business, Commerce & Economics",RecoMind Universal Corpus,"Business, Commerce & Economics"
"Revision Summary: Art history traces architectural movement styles, renaissance painting techniques, classical sculpture, and visual symbolism. Key concepts for exam revision and assessment.",Humanities & Social Sciences,RecoMind Universal Corpus,Humanities & Social Sciences
"Exam Preparation Point: Linear algebra utilizes matrix transformations, eigenvalues, eigenvectors, vector spaces, and singular value decomposition. Key concepts for exam revision and assessment.",STEM: Physical Sciences & Mathematics,RecoMind Universal Corpus,Physical Sciences & Mathematics
"Subject Guide: Organic chemistry studies carbon functional groups, nucleophilic substitution mechanisms, aromaticity, and synthesis pathways. Important for STEM analysis.",STEM: Physical Sciences & Mathematics,RecoMind Universal Corpus,Physical Sciences & Mathematics
"Important Principle: Health and hygiene habit lessons teach hand washing cleanliness, daily exercise routines, healthy food groups, and rest.",Primary / Basic Foundation,RecoMind Universal Corpus,Primary / Basic Foundation
"Textbook Excerpt: Business law regulates commercial contracts, corporate governance structures, intellectual property rights, and liability terms. Key concepts for exam revision and assessment.","Business, Commerce & Economics",RecoMind Universal Corpus,"Business, Commerce & Economics"
"Study Note Section: Property law governs real estate ownership titles, land easements, leasehold tenancies, property transfers, and mortgages.",Law & Legal Studies,RecoMind Universal Corpus,Law & Legal Studies
"Revision Summary: General knowledge covers current affairs events, national awards, historical milestone dates, world capitals, and treaties.",Competitive & General Aptitude,RecoMind Universal Corpus,Competitive & General Aptitude
"Subject Guide: Business law regulates commercial contracts, corporate governance structures, intellectual property rights, and liability terms. Important for Business, Commerce & Economics analysis.","Business, Commerce & Economics",RecoMind Universal Corpus,"Business, Commerce & Economics"
"Study Note Section: Intellectual property law protects patent innovation claims, registered trademarks, copyright author ownership, and trade secrets. Key concepts for exam revision and assessment.",Law & Legal Studies,RecoMind Universal Corpus,Law & Legal Studies
"Key Concept Summary: Human physiology explains cardiac muscle contraction, cardiac output determinants, action potentials, and renal filtration rates. Important for Medical & Life Sciences analysis.",Medical & Life Sciences,RecoMind Universal Corpus,Medical & Life Sciences
"Lecture Overview: Philosophy explores epistemological theories of knowledge, moral ethics frameworks, utilitarianism, and metaphysical existence. Important for Humanities & Social Sciences analysis.",Humanities & Social Sciences,RecoMind Universal Corpus,Humanities & Social Sciences
"Study Note Section: Pathology investigates cellular injury mechanisms, inflammation cascades, apoptosis pathways, and histological tumor grading. Key concepts for exam revision and assessment.",Medical & Life Sciences,RecoMind Universal Corpus,Medical & Life Sciences
"Exam Preparation Point: Logical reasoning analyzes syllogism statement conclusions, blood relation trees, seating arrangement puzzles, and coding decoding. Important for Competitive & General Aptitude analysis.",Competitive & General Aptitude,RecoMind Universal Corpus,Competitive & General Aptitude
"Quick Note: Human geography analyzes population distribution patterns, migration flows, urban development spatial organization, and land use.",Humanities & Social Sciences,RecoMind Universal Corpus,Humanities & Social Sciences
"Important Principle: Aptitude test preparation practices speed calculation shortcuts, time management techniques, and accuracy optimization.",Competitive & General Aptitude,RecoMind Universal Corpus,Competitive & General Aptitude
"Revision Summary: Contract law evaluates offer acceptance consideration validity, contractual breaches, performance duties, and specific remedies. Important for Law & Legal Studies analysis.",Law & Legal Studies,RecoMind Universal Corpus,Law & Legal Studies
"Key Concept Summary: Thermodynamics principles dictate heat transfer, entropy creation, internal energy variations, and Carnot cycle efficiency bounds. Key concepts for exam revision and assessment.",STEM: Engineering & Technology,RecoMind Universal Corpus,Engineering & Technology
"Important Principle: Signals and systems processing utilizes Fourier transform, Laplace transform, and impulse response to analyze linear systems. Important for STEM analysis.",STEM: Engineering & Technology,RecoMind Universal Corpus,Engineering & Technology
"Textbook Excerpt: Human anatomy details upper extremity vascular supply, brachial plexus nerve innervation, and skeletal muscular origins. Key concepts for exam revision and assessment.",Medical & Life Sciences,RecoMind Universal Corpus,Medical & Life Sciences
"Revision Summary: Classical mechanics formulates planetary motion using Newton laws of motion, conservation of momentum, and Lagrangian dynamics.",STEM: Physical Sciences & Mathematics,RecoMind Universal Corpus,Physical Sciences & Mathematics
"Study Note Section: Cultural anthropology examines ethnographic fieldwork, linguistic diversity, kinship systems, and traditional societal rituals. Important for Humanities & Social Sciences analysis.",Humanities & Social Sciences,RecoMind Universal Corpus,Humanities & Social Sciences
"Study Note Section: Pharmacology studies drug receptor binding kinetics, pharmacokinetics clearance, bioavailability, and therapeutic drug monitoring. Important for Medical & Life Sciences analysis.",Medical & Life Sciences,RecoMind Universal Corpus,Medical & Life Sciences
"Lecture Overview: Financial accounting principles record double entry bookkeeping, journal entries, balance sheets, and cash flow statements. Key concepts for exam revision and assessment.","Business, Commerce & Economics",RecoMind Universal Corpus,"Business, Commerce & Economics"
Study Note Section: Differential equations model dynamic physical systems using first order separable equations and linear second order operators. Key concepts for exam revision and assessment.,STEM: Physical Sciences & Mathematics,RecoMind Universal Corpus,Physical Sciences & Mathematics
"Revision Summary: Linear algebra utilizes matrix transformations, eigenvalues, eigenvectors, vector spaces, and singular value decomposition. Key concepts for exam revision and assessment.",STEM: Physical Sciences & Mathematics,RecoMind Universal Corpus,Physical Sciences & Mathematics
"Study Note Section: Philosophy explores epistemological theories of knowledge, moral ethics frameworks, utilitarianism, and metaphysical existence. Key concepts for exam revision and assessment.",Humanities & Social Sciences,RecoMind Universal Corpus,Humanities & Social Sciences
"Study Note Section: Business law regulates commercial contracts, corporate governance structures, intellectual property rights, and liability terms. Key concepts for exam revision and assessment.","Business, Commerce & Economics",RecoMind Universal Corpus,"Business, Commerce & Economics"
"Important Principle: Multivariable calculus calculates double integrals, gradient vectors, curl, divergence, and line integrals over vector fields. Key concepts for exam revision and assessment.",STEM: Physical Sciences & Mathematics,RecoMind Universal Corpus,Physical Sciences & Mathematics
"Important Principle: Classical mechanics formulates planetary motion using Newton laws of motion, conservation of momentum, and Lagrangian dynamics. Key concepts for exam revision and assessment.",STEM: Physical Sciences & Mathematics,RecoMind Universal Corpus,Physical Sciences & Mathematics
"Key Concept Summary: Financial accounting principles record double entry bookkeeping, journal entries, balance sheets, and cash flow statements. Important for Business, Commerce & Economics analysis.","Business, Commerce & Economics",RecoMind Universal Corpus,"Business, Commerce & Economics"
"Lecture Overview: Operating systems manage hardware memory using virtual paging, process scheduling algorithms, and deadlock avoidance. Key concepts for exam revision and assessment.",STEM: Computer Science & IT,RecoMind Universal Corpus,Computer Science & IT
"Study Note Section: Corporate law details legal incorporation, director fiduciary duties, shareholder rights, corporate governance, and liquidations.",Law & Legal Studies,RecoMind Universal Corpus,Law & Legal Studies
"Quick Note: Law of torts addresses civil wrongs, negligence liability elements, duty of care standards, damages remedies, and strict liability. Key concepts for exam revision and assessment.",Law & Legal Studies,RecoMind Universal Corpus,Law & Legal Studies
"Important Principle: Biochemistry analyzes cellular respiration pathways including glycolysis, Krebs citric acid cycle, and oxidative phosphorylation. Key concepts for exam revision and assessment.",Medical & Life Sciences,RecoMind Universal Corpus,Medical & Life Sciences
"Exam Preparation Point: Electrical circuit theory calculates voltage drop across resistors, inductors, and capacitors using Kirchhoff current law.",STEM: Engineering & Technology,RecoMind Universal Corpus,Engineering & Technology
"Important Principle: Materials science investigates crystalline lattice structures, yield strength, ductility, and fatigue limits of alloy metals. Key concepts for exam revision and assessment.",STEM: Engineering & Technology,RecoMind Universal Corpus,Engineering & Technology
"Study Note Section: Elementary geography explains landforms like mountains rivers valleys, sun sunrise directions, and basic map reading skills. Important for Primary / Basic Foundation analysis.",Primary / Basic Foundation,RecoMind Universal Corpus,Primary / Basic Foundation
"Study Note Section: Web development frontends use React components, virtual DOM state management, and asynchronous fetch APIs for REST services. Key concepts for exam revision and assessment.",STEM: Computer Science & IT,RecoMind Universal Corpus,Computer Science & IT
"Lecture Overview: Inorganic chemistry examines transition metal coordination complexes, crystal field theory, orbital hybridization, and valence shell bonding.",STEM: Physical Sciences & Mathematics,RecoMind Universal Corpus,Physical Sciences & Mathematics
"Important Principle: Endocrinology regulates hormonal feedback loops involving pituitary thyroid adrenal axis, insulin secretion, and homeostatic balance.",Medical & Life Sciences,RecoMind Universal Corpus,Medical & Life Sciences
"Textbook Excerpt: General psychology studies cognitive learning theories, memory recall mechanisms, emotional regulation, and behavioral conditioning. Key concepts for exam revision and assessment.",Humanities & Social Sciences,RecoMind Universal Corpus,Humanities & Social Sciences
"Textbook Excerpt: Marketing strategy conducts target market segmentation, positioning, pricing elasticity, and digital customer acquisition funnels.","Business, Commerce & Economics",RecoMind Universal Corpus,"Business, Commerce & Economics"
"Subject Guide: Inorganic chemistry examines transition metal coordination complexes, crystal field theory, orbital hybridization, and valence shell bonding. Important for STEM analysis.",STEM: Physical Sciences & Mathematics,RecoMind Universal Corpus,Physical Sciences & Mathematics
"Important Principle: Human physiology explains cardiac muscle contraction, cardiac output determinants, action potentials, and renal filtration rates. Important for Medical & Life Sciences analysis.",Medical & Life Sciences,RecoMind Universal Corpus,Medical & Life Sciences
"Key Concept Summary: Business law regulates commercial contracts, corporate governance structures, intellectual property rights, and liability terms. Key concepts for exam revision and assessment.","Business, Commerce & Economics",RecoMind Universal Corpus,"Business, Commerce & Economics"
"Textbook Excerpt: Inorganic chemistry examines transition metal coordination complexes, crystal field theory, orbital hybridization, and valence shell bonding. Key concepts for exam revision and assessment.",STEM: Physical Sciences & Mathematics,RecoMind Universal Corpus,Physical Sciences & Mathematics
"Key Concept Summary: Criminal law defines elements of offenses including mens rea intent, actus reus conduct, burden of proof beyond reasonable doubt.",Law & Legal Studies,RecoMind Universal Corpus,Law & Legal Studies
"Exam Preparation Point: Political science analyzes democratic governance structures, executive legislative judicial balance of power, and voter behavior. Important for Humanities & Social Sciences analysis.",Humanities & Social Sciences,RecoMind Universal Corpus,Humanities & Social Sciences
"Important Principle: Operating systems manage hardware memory using virtual paging, process scheduling algorithms, and deadlock avoidance. Important for STEM analysis.",STEM: Computer Science & IT,RecoMind Universal Corpus,Computer Science & IT
"Core Topic Review: Quantitative aptitude calculates speed distance time, work efficiency ratios, percentage profit loss, and interest rates. Important for Competitive & General Aptitude analysis.",Competitive & General Aptitude,RecoMind Universal Corpus,Competitive & General Aptitude
"Lecture Overview: Current affairs tracking covers international summits, bilateral agreements, government welfare schemes, and science news. Important for Competitive & General Aptitude analysis.",Competitive & General Aptitude,RecoMind Universal Corpus,Competitive & General Aptitude
Subject Guide: Differential equations model dynamic physical systems using first order separable equations and linear second order operators.,STEM: Physical Sciences & Mathematics,RecoMind Universal Corpus,Physical Sciences & Mathematics
"Important Principle: Real analysis rigorously proves limit convergence, continuous functions, supremum bounds, and Riemann integrability of sequences. Important for STEM analysis.",STEM: Physical Sciences & Mathematics,RecoMind Universal Corpus,Physical Sciences & Mathematics
"Key Concept Summary: Materials science investigates crystalline lattice structures, yield strength, ductility, and fatigue limits of alloy metals. Important for STEM analysis.",STEM: Engineering & Technology,RecoMind Universal Corpus,Engineering & Technology
"Lecture Overview: Marketing strategy conducts target market segmentation, positioning, pricing elasticity, and digital customer acquisition funnels. Important for Business, Commerce & Economics analysis.","Business, Commerce & Economics",RecoMind Universal Corpus,"Business, Commerce & Economics"
"Quick Note: Object oriented programming principles include encapsulation, inheritance, polymorphism, and abstraction across software modules. Key concepts for exam revision and assessment.",STEM: Computer Science & IT,RecoMind Universal Corpus,Computer Science & IT
"Exam Preparation Point: General knowledge covers current affairs events, national awards, historical milestone dates, world capitals, and treaties. Important for Competitive & General Aptitude analysis.",Competitive & General Aptitude,RecoMind Universal Corpus,Competitive & General Aptitude
"Key Concept Summary: Structural engineering calculates shear force diagrams, bending moment distributions, and tensile stress under load conditions. Key concepts for exam revision and assessment.",STEM: Engineering & Technology,RecoMind Universal Corpus,Engineering & Technology
"Quick Note: Sociology investigates social stratification, cultural norms, institutional structures, demographic trends, and social mobility. Key concepts for exam revision and assessment.",Humanities & Social Sciences,RecoMind Universal Corpus,Humanities & Social Sciences
"Study Note Section: Human geography analyzes population distribution patterns, migration flows, urban development spatial organization, and land use.",Humanities & Social Sciences,RecoMind Universal Corpus,Humanities & Social Sciences
"Subject Guide: Modern world history examines industrial revolution urbanization, colonial empire expansion, world war conflicts, and treaties.",Humanities & Social Sciences,RecoMind Universal Corpus,Humanities & Social Sciences
"Revision Summary: Organic chemistry studies carbon functional groups, nucleophilic substitution mechanisms, aromaticity, and synthesis pathways. Important for STEM analysis.",STEM: Physical Sciences & Mathematics,RecoMind Universal Corpus,Physical Sciences & Mathematics
"Revision Summary: Real analysis rigorously proves limit convergence, continuous functions, supremum bounds, and Riemann integrability of sequences. Key concepts for exam revision and assessment.",STEM: Physical Sciences & Mathematics,RecoMind Universal Corpus,Physical Sciences & Mathematics
"Exam Preparation Point: Basic geometry identifies simple shapes like circles squares triangles, counting sides, corners, and measurement units. Important for Primary / Basic Foundation analysis.",Primary / Basic Foundation,RecoMind Universal Corpus,Primary / Basic Foundation
"Textbook Excerpt: International relations studies diplomatic policy, sovereign nation state power dynamics, global alliances, and conflict resolution. Key concepts for exam revision and assessment.",Humanities & Social Sciences,RecoMind Universal Corpus,Humanities & Social Sciences
"Key Concept Summary: Property law governs real estate ownership titles, land easements, leasehold tenancies, property transfers, and mortgages. Key concepts for exam revision and assessment.",Law & Legal Studies,RecoMind Universal Corpus,Law & Legal Studies
"Textbook Excerpt: Materials science investigates crystalline lattice structures, yield strength, ductility, and fatigue limits of alloy metals. Important for STEM analysis.",STEM: Engineering & Technology,RecoMind Universal Corpus,Engineering & Technology
"Subject Guide: Basic safety education covers traffic signal rules, road crossing safety, fire safety rules, and emergency contact numbers. Important for Primary / Basic Foundation analysis.",Primary / Basic Foundation,RecoMind Universal Corpus,Primary / Basic Foundation
"Key Concept Summary: Art history traces architectural movement styles, renaissance painting techniques, classical sculpture, and visual symbolism.",Humanities & Social Sciences,RecoMind Universal Corpus,Humanities & Social Sciences
"Quick Note: Basic arithmetic practices addition subtraction multiplication tables, basic division fractions, and simple place values. Key concepts for exam revision and assessment.",Primary / Basic Foundation,RecoMind Universal Corpus,Primary / Basic Foundation
"Core Topic Review: General psychology studies cognitive learning theories, memory recall mechanisms, emotional regulation, and behavioral conditioning. Key concepts for exam revision and assessment.",Humanities & Social Sciences,RecoMind Universal Corpus,Humanities & Social Sciences
"Study Note Section: Linear algebra utilizes matrix transformations, eigenvalues, eigenvectors, vector spaces, and singular value decomposition.",STEM: Physical Sciences & Mathematics,RecoMind Universal Corpus,Physical Sciences & Mathematics
"Revision Summary: Health and hygiene habit lessons teach hand washing cleanliness, daily exercise routines, healthy food groups, and rest. Important for Primary / Basic Foundation analysis.",Primary / Basic Foundation,RecoMind Universal Corpus,Primary / Basic Foundation
"Subject Guide: Taxation principles calculate gross taxable income, allowable business deductions, tax liabilities, and statutory compliance. Key concepts for exam revision and assessment.","Business, Commerce & Economics",RecoMind Universal Corpus,"Business, Commerce & Economics"
"Key Concept Summary: International relations studies diplomatic policy, sovereign nation state power dynamics, global alliances, and conflict resolution. Key concepts for exam revision and assessment.",Humanities & Social Sciences,RecoMind Universal Corpus,Humanities & Social Sciences
"Quick Note: Current affairs tracking covers international summits, bilateral agreements, government welfare schemes, and science news. Key concepts for exam revision and assessment.",Competitive & General Aptitude,RecoMind Universal Corpus,Competitive & General Aptitude
"Exam Preparation Point: Structural engineering calculates shear force diagrams, bending moment distributions, and tensile stress under load conditions.",STEM: Engineering & Technology,RecoMind Universal Corpus,Engineering & Technology
"Textbook Excerpt: Signals and systems processing utilizes Fourier transform, Laplace transform, and impulse response to analyze linear systems. Important for STEM analysis.",STEM: Engineering & Technology,RecoMind Universal Corpus,Engineering & Technology
"Core Topic Review: Contract law evaluates offer acceptance consideration validity, contractual breaches, performance duties, and specific remedies. Important for Law & Legal Studies analysis.",Law & Legal Studies,RecoMind Universal Corpus,Law & Legal Studies
"Lecture Overview: Sociology investigates social stratification, cultural norms, institutional structures, demographic trends, and social mobility.",Humanities & Social Sciences,RecoMind Universal Corpus,Humanities & Social Sciences
"Core Topic Review: Human geography analyzes population distribution patterns, migration flows, urban development spatial organization, and land use. Important for Humanities & Social Sciences analysis.",Humanities & Social Sciences,RecoMind Universal Corpus,Humanities & Social Sciences
"Revision Summary: Marketing strategy conducts target market segmentation, positioning, pricing elasticity, and digital customer acquisition funnels. Key concepts for exam revision and assessment.","Business, Commerce & Economics",RecoMind Universal Corpus,"Business, Commerce & Economics"
"Key Concept Summary: Elementary geography explains landforms like mountains rivers valleys, sun sunrise directions, and basic map reading skills. Important for Primary / Basic Foundation analysis.",Primary / Basic Foundation,RecoMind Universal Corpus,Primary / Basic Foundation
"Revision Summary: Linear algebra utilizes matrix transformations, eigenvalues, eigenvectors, vector spaces, and singular value decomposition.",STEM: Physical Sciences & Mathematics,RecoMind Universal Corpus,Physical Sciences & Mathematics
"Quick Note: Political science analyzes democratic governance structures, executive legislative judicial balance of power, and voter behavior. Key concepts for exam revision and assessment.",Humanities & Social Sciences,RecoMind Universal Corpus,Humanities & Social Sciences
"Core Topic Review: Basic arithmetic practices addition subtraction multiplication tables, basic division fractions, and simple place values. Key concepts for exam revision and assessment.",Primary / Basic Foundation,RecoMind Universal Corpus,Primary / Basic Foundation
"Textbook Excerpt: Human geography analyzes population distribution patterns, migration flows, urban development spatial organization, and land use.",Humanities & Social Sciences,RecoMind Universal Corpus,Humanities & Social Sciences
"Quick Note: Structural engineering calculates shear force diagrams, bending moment distributions, and tensile stress under load conditions.",STEM: Engineering & Technology,RecoMind Universal Corpus,Engineering & Technology
"Core Topic Review: Computer networks communicate via TCP IP stack protocol layers, sockets, routing tables, and HTTP request response headers. Key concepts for exam revision and assessment.",STEM: Computer Science & IT,RecoMind Universal Corpus,Computer Science & IT
"Textbook Excerpt: Organic chemistry studies carbon functional groups, nucleophilic substitution mechanisms, aromaticity, and synthesis pathways.",STEM: Physical Sciences & Mathematics,RecoMind Universal Corpus,Physical Sciences & Mathematics
"Lecture Overview: Law of torts addresses civil wrongs, negligence liability elements, duty of care standards, damages remedies, and strict liability.",Law & Legal Studies,RecoMind Universal Corpus,Law & Legal Studies
Textbook Excerpt: Fluid mechanics analyzes laminar vs turbulent flow regimes using Bernoulli equation and Navier Stokes conservation equations.,STEM: Engineering & Technology,RecoMind Universal Corpus,Engineering & Technology
"Important Principle: Modern world history examines industrial revolution urbanization, colonial empire expansion, world war conflicts, and treaties. Key concepts for exam revision and assessment.",Humanities & Social Sciences,RecoMind Universal Corpus,Humanities & Social Sciences
"Exam Preparation Point: Art history traces architectural movement styles, renaissance painting techniques, classical sculpture, and visual symbolism.",Humanities & Social Sciences,RecoMind Universal Corpus,Humanities & Social Sciences
"Core Topic Review: Control systems engineering calculates closed loop transfer functions, root locus stability, and PID feedback tuning parameters. Important for STEM analysis.",STEM: Engineering & Technology,RecoMind Universal Corpus,Engineering & Technology
"Important Principle: Philosophy explores epistemological theories of knowledge, moral ethics frameworks, utilitarianism, and metaphysical existence. Important for Humanities & Social Sciences analysis.",Humanities & Social Sciences,RecoMind Universal Corpus,Humanities & Social Sciences
"Key Concept Summary: Electrical circuit theory calculates voltage drop across resistors, inductors, and capacitors using Kirchhoff current law.",STEM: Engineering & Technology,RecoMind Universal Corpus,Engineering & Technology
"Core Topic Review: Environmental studies EVS teaches environmental conservation, water saving habits, recycling waste, and animal habitat care.",Primary / Basic Foundation,RecoMind Universal Corpus,Primary / Basic Foundation
"Important Principle: Aerodynamics studies lift force generation, drag coefficient minimization, airfoil camber geometry, and boundary layer thickness.",STEM: Engineering & Technology,RecoMind Universal Corpus,Engineering & Technology
"Important Principle: Cultural anthropology examines ethnographic fieldwork, linguistic diversity, kinship systems, and traditional societal rituals. Important for Humanities & Social Sciences analysis.",Humanities & Social Sciences,RecoMind Universal Corpus,Humanities & Social Sciences
"Important Principle: Marketing strategy conducts target market segmentation, positioning, pricing elasticity, and digital customer acquisition funnels.","Business, Commerce & Economics",RecoMind Universal Corpus,"Business, Commerce & Economics"
Core Topic Review: Differential equations model dynamic physical systems using first order separable equations and linear second order operators. Key concepts for exam revision and assessment.,STEM: Physical Sciences & Mathematics,RecoMind Universal Corpus,Physical Sciences & Mathematics
"Subject Guide: Philosophy explores epistemological theories of knowledge, moral ethics frameworks, utilitarianism, and metaphysical existence. Key concepts for exam revision and assessment.",Humanities & Social Sciences,RecoMind Universal Corpus,Humanities & Social Sciences
"Exam Preparation Point: Jurisprudence explores natural law theories, legal positivism, judicial precedent doctrine of stare decisis, and legal philosophy.",Law & Legal Studies,RecoMind Universal Corpus,Law & Legal Studies
"Exam Preparation Point: Pharmacology studies drug receptor binding kinetics, pharmacokinetics clearance, bioavailability, and therapeutic drug monitoring.",Medical & Life Sciences,RecoMind Universal Corpus,Medical & Life Sciences
"Lecture Overview: Public administration focuses on public policy formulation, bureaucratic administrative efficiency, and civic governance. Important for Humanities & Social Sciences analysis.",Humanities & Social Sciences,RecoMind Universal Corpus,Humanities & Social Sciences
"Important Principle: Organic chemistry studies carbon functional groups, nucleophilic substitution mechanisms, aromaticity, and synthesis pathways.",STEM: Physical Sciences & Mathematics,RecoMind Universal Corpus,Physical Sciences & Mathematics
"Exam Preparation Point: Computer networks communicate via TCP IP stack protocol layers, sockets, routing tables, and HTTP request response headers. Important for STEM analysis.",STEM: Computer Science & IT,RecoMind Universal Corpus,Computer Science & IT
"Study Note Section: Corporate finance calculates net present value NPV, internal rate of return IRR, weighted average cost of capital WACC, and capital budgets. Key concepts for exam revision and assessment.","Business, Commerce & Economics",RecoMind Universal Corpus,"Business, Commerce & Economics"
"Lecture Overview: Data interpretation evaluates bar graphs, pie chart percentages, data tables, line graphs, and statistical trend ratios. Important for Competitive & General Aptitude analysis.",Competitive & General Aptitude,RecoMind Universal Corpus,Competitive & General Aptitude
"Core Topic Review: Taxation principles calculate gross taxable income, allowable business deductions, tax liabilities, and statutory compliance.","Business, Commerce & Economics",RecoMind Universal Corpus,"Business, Commerce & Economics"
"Key Concept Summary: Chemical engineering processes design heat exchangers, distillation columns, mass transfer rates, and reaction kinetics.",STEM: Engineering & Technology,RecoMind Universal Corpus,Engineering & Technology
Lecture Overview: Differential equations model dynamic physical systems using first order separable equations and linear second order operators.,STEM: Physical Sciences & Mathematics,RecoMind Universal Corpus,Physical Sciences & Mathematics
"Exam Preparation Point: Intellectual property law protects patent innovation claims, registered trademarks, copyright author ownership, and trade secrets.",Law & Legal Studies,RecoMind Universal Corpus,Law & Legal Studies
"Textbook Excerpt: Data structures like binary search trees, hash tables, and graphs allow efficient O(log n) search and insertion. Important for STEM analysis.",STEM: Computer Science & IT,RecoMind Universal Corpus,Computer Science & IT
"Textbook Excerpt: Political science analyzes democratic governance structures, executive legislative judicial balance of power, and voter behavior. Important for Humanities & Social Sciences analysis.",Humanities & Social Sciences,RecoMind Universal Corpus,Humanities & Social Sciences
"Key Concept Summary: Philosophy explores epistemological theories of knowledge, moral ethics frameworks, utilitarianism, and metaphysical existence.",Humanities & Social Sciences,RecoMind Universal Corpus,Humanities & Social Sciences
"Study Note Section: Jurisprudence explores natural law theories, legal positivism, judicial precedent doctrine of stare decisis, and legal philosophy. Key concepts for exam revision and assessment.",Law & Legal Studies,RecoMind Universal Corpus,Law & Legal Studies
"Lecture Overview: Constitutional law interprets fundamental rights guarantees, judicial review doctrines, constitutional amendments, and federalism. Key concepts for exam revision and assessment.",Law & Legal Studies,RecoMind Universal Corpus,Law & Legal Studies
"Study Note Section: Multivariable calculus calculates double integrals, gradient vectors, curl, divergence, and line integrals over vector fields. Important for STEM analysis.",STEM: Physical Sciences & Mathematics,RecoMind Universal Corpus,Physical Sciences & Mathematics
"Quick Note: Physical chemistry analyzes chemical equilibrium, reaction rate constants, activation energy, and Gibbs free energy change. Important for STEM analysis.",STEM: Physical Sciences & Mathematics,RecoMind Universal Corpus,Physical Sciences & Mathematics
"Quick Note: Relational database management systems utilize SQL queries, ACID transaction properties, indexing, and primary key constraints. Important for STEM analysis.",STEM: Computer Science & IT,RecoMind Universal Corpus,Computer Science & IT
"Subject Guide: Competitive math solves permutation combination probability, algebraic equations, geometry theorems, and mensuration areas. Key concepts for exam revision and assessment.",Competitive & General Aptitude,RecoMind Universal Corpus,Competitive & General Aptitude
"Quick Note: Analytical reasoning solves number series patterns, matrix coding puzzles, direction distance tests, and Venn diagrams. Key concepts for exam revision and assessment.",Competitive & General Aptitude,RecoMind Universal Corpus,Competitive & General Aptitude
Key Concept Summary: Fluid mechanics analyzes laminar vs turbulent flow regimes using Bernoulli equation and Navier Stokes conservation equations.,STEM: Engineering & Technology,RecoMind Universal Corpus,Engineering & Technology
"Quick Note: Microbiology classifies bacterial pathogens based on Gram stain cell wall structures, antibiotic susceptibility, and viral capsids. Key concepts for exam revision and assessment.",Medical & Life Sciences,RecoMind Universal Corpus,Medical & Life Sciences
"Study Note Section: Immunology details T cell activation, B cell antibody production, antigen presenting cells, and adaptive immune responses. Key concepts for exam revision and assessment.",Medical & Life Sciences,RecoMind Universal Corpus,Medical & Life Sciences
"Exam Preparation Point: Real analysis rigorously proves limit convergence, continuous functions, supremum bounds, and Riemann integrability of sequences. Important for STEM analysis.",STEM: Physical Sciences & Mathematics,RecoMind Universal Corpus,Physical Sciences & Mathematics
"Textbook Excerpt: Human geography analyzes population distribution patterns, migration flows, urban development spatial organization, and land use. Important for Humanities & Social Sciences analysis.",Humanities & Social Sciences,RecoMind Universal Corpus,Humanities & Social Sciences
Subject Guide: Algorithm analysis evaluates time and space complexity using asymptotic Big O notation for worst case execution bounds.,STEM: Computer Science & IT,RecoMind Universal Corpus,Computer Science & IT
"Important Principle: Clinical neurology assesses cranial nerve pathways, reflexes, motor sensory tracts, and central nervous system pathology. Important for Medical & Life Sciences analysis.",Medical & Life Sciences,RecoMind Universal Corpus,Medical & Life Sciences
"Lecture Overview: Electrical circuit theory calculates voltage drop across resistors, inductors, and capacitors using Kirchhoff current law.",STEM: Engineering & Technology,RecoMind Universal Corpus,Engineering & Technology
"Core Topic Review: Jurisprudence explores natural law theories, legal positivism, judicial precedent doctrine of stare decisis, and legal philosophy. Key concepts for exam revision and assessment.",Law & Legal Studies,RecoMind Universal Corpus,Law & Legal Studies
"Core Topic Review: International economics evaluates foreign exchange rate fluctuations, trade balance deficits, tariffs, and comparative advantage. Important for Business, Commerce & Economics analysis.","Business, Commerce & Economics",RecoMind Universal Corpus,"Business, Commerce & Economics"
"Textbook Excerpt: Corporate law details legal incorporation, director fiduciary duties, shareholder rights, corporate governance, and liquidations.",Law & Legal Studies,RecoMind Universal Corpus,Law & Legal Studies
"Revision Summary: Property law governs real estate ownership titles, land easements, leasehold tenancies, property transfers, and mortgages.",Law & Legal Studies,RecoMind Universal Corpus,Law & Legal Studies
"Textbook Excerpt: Software engineering practices involve git version control, continuous integration pipelines, agile sprints, and unit testing. Important for STEM analysis.",STEM: Computer Science & IT,RecoMind Universal Corpus,Computer Science & IT
"Study Note Section: General knowledge covers current affairs events, national awards, historical milestone dates, world capitals, and treaties.",Competitive & General Aptitude,RecoMind Universal Corpus,Competitive & General Aptitude
"Subject Guide: Cybersecurity protocols enforce public key infrastructure, RSA encryption algorithms, digital certificates, and hashing functions.",STEM: Computer Science & IT,RecoMind Universal Corpus,Computer Science & IT
"Quick Note: Biochemistry analyzes cellular respiration pathways including glycolysis, Krebs citric acid cycle, and oxidative phosphorylation.",Medical & Life Sciences,RecoMind Universal Corpus,Medical & Life Sciences
"Revision Summary: Elementary geography explains landforms like mountains rivers valleys, sun sunrise directions, and basic map reading skills.",Primary / Basic Foundation,RecoMind Universal Corpus,Primary / Basic Foundation
"Textbook Excerpt: Corporate finance calculates net present value NPV, internal rate of return IRR, weighted average cost of capital WACC, and capital budgets.","Business, Commerce & Economics",RecoMind Universal Corpus,"Business, Commerce & Economics"
"Exam Preparation Point: Biochemistry analyzes cellular respiration pathways including glycolysis, Krebs citric acid cycle, and oxidative phosphorylation. Key concepts for exam revision and assessment.",Medical & Life Sciences,RecoMind Universal Corpus,Medical & Life Sciences
"Lecture Overview: Pathology investigates cellular injury mechanisms, inflammation cascades, apoptosis pathways, and histological tumor grading.",Medical & Life Sciences,RecoMind Universal Corpus,Medical & Life Sciences
"Subject Guide: Art history traces architectural movement styles, renaissance painting techniques, classical sculpture, and visual symbolism.",Humanities & Social Sciences,RecoMind Universal Corpus,Humanities & Social Sciences
"Quick Note: Chemical engineering processes design heat exchangers, distillation columns, mass transfer rates, and reaction kinetics. Important for STEM analysis.",STEM: Engineering & Technology,RecoMind Universal Corpus,Engineering & Technology
"Textbook Excerpt: Early language arts focuses on vocabulary sentence building, phonics reading comprehension, spelling rules, and short stories.",Primary / Basic Foundation,RecoMind Universal Corpus,Primary / Basic Foundation
"Core Topic Review: Corporate finance calculates net present value NPV, internal rate of return IRR, weighted average cost of capital WACC, and capital budgets. Key concepts for exam revision and assessment.","Business, Commerce & Economics",RecoMind Universal Corpus,"Business, Commerce & Economics"
"Quick Note: Machine learning models process feature vectors using supervised classification, gradient descent optimization, and loss minimization. Important for STEM analysis.",STEM: Computer Science & IT,RecoMind Universal Corpus,Computer Science & IT
"Lecture Overview: Art history traces architectural movement styles, renaissance painting techniques, classical sculpture, and visual symbolism.",Humanities & Social Sciences,RecoMind Universal Corpus,Humanities & Social Sciences
"Exam Preparation Point: Linear algebra utilizes matrix transformations, eigenvalues, eigenvectors, vector spaces, and singular value decomposition. Important for STEM analysis.",STEM: Physical Sciences & Mathematics,RecoMind Universal Corpus,Physical Sciences & Mathematics
"Revision Summary: Machine learning models process feature vectors using supervised classification, gradient descent optimization, and loss minimization.",STEM: Computer Science & IT,RecoMind Universal Corpus,Computer Science & IT
"Subject Guide: Computer networks communicate via TCP IP stack protocol layers, sockets, routing tables, and HTTP request response headers. Important for STEM analysis.",STEM: Computer Science & IT,RecoMind Universal Corpus,Computer Science & IT
"Study Note Section: Competitive math solves permutation combination probability, algebraic equations, geometry theorems, and mensuration areas.",Competitive & General Aptitude,RecoMind Universal Corpus,Competitive & General Aptitude
"Important Principle: Art history traces architectural movement styles, renaissance painting techniques, classical sculpture, and visual symbolism.",Humanities & Social Sciences,RecoMind Universal Corpus,Humanities & Social Sciences
"Revision Summary: Environmental studies EVS teaches environmental conservation, water saving habits, recycling waste, and animal habitat care.",Primary / Basic Foundation,RecoMind Universal Corpus,Primary / Basic Foundation
"Subject Guide: Evidence law establishes rules for witness testimony admissibility, hearsay exceptions, documentary evidence, and cross examination. Key concepts for exam revision and assessment.",Law & Legal Studies,RecoMind Universal Corpus,Law & Legal Studies
"Revision Summary: Object oriented programming principles include encapsulation, inheritance, polymorphism, and abstraction across software modules.",STEM: Computer Science & IT,RecoMind Universal Corpus,Computer Science & IT
"Core Topic Review: Relational database management systems utilize SQL queries, ACID transaction properties, indexing, and primary key constraints. Key concepts for exam revision and assessment.",STEM: Computer Science & IT,RecoMind Universal Corpus,Computer Science & IT
"Key Concept Summary: Basic safety education covers traffic signal rules, road crossing safety, fire safety rules, and emergency contact numbers.",Primary / Basic Foundation,RecoMind Universal Corpus,Primary / Basic Foundation
"Key Concept Summary: Quantitative aptitude calculates speed distance time, work efficiency ratios, percentage profit loss, and interest rates. Important for Competitive & General Aptitude analysis.",Competitive & General Aptitude,RecoMind Universal Corpus,Competitive & General Aptitude
"Subject Guide: Property law governs real estate ownership titles, land easements, leasehold tenancies, property transfers, and mortgages. Key concepts for exam revision and assessment.",Law & Legal Studies,RecoMind Universal Corpus,Law & Legal Studies
"Key Concept Summary: Nature studies observes seed germination growth stages, farm domestic animals, birds nests, and day night sun patterns.",Primary / Basic Foundation,RecoMind Universal Corpus,Primary / Basic Foundation
"Lecture Overview: Data interpretation evaluates bar graphs, pie chart percentages, data tables, line graphs, and statistical trend ratios.",Competitive & General Aptitude,RecoMind Universal Corpus,Competitive & General Aptitude
"Revision Summary: Genetics examines DNA double helix replication, transcription factor regulation, translation ribosome complexes, and mutations.",Medical & Life Sciences,RecoMind Universal Corpus,Medical & Life Sciences
"Core Topic Review: Nature studies observes seed germination growth stages, farm domestic animals, birds nests, and day night sun patterns. Key concepts for exam revision and assessment.",Primary / Basic Foundation,RecoMind Universal Corpus,Primary / Basic Foundation
"Exam Preparation Point: General psychology studies cognitive learning theories, memory recall mechanisms, emotional regulation, and behavioral conditioning.",Humanities & Social Sciences,RecoMind Universal Corpus,Humanities & Social Sciences
"Revision Summary: Investment analysis evaluates portfolio diversification, Sharpe ratio performance, capital asset pricing model CAPM, and stock valuations. Important for Business, Commerce & Economics analysis.","Business, Commerce & Economics",RecoMind Universal Corpus,"Business, Commerce & Economics"
"Revision Summary: Microeconomics analyzes consumer demand curves, supply elasticity, market equilibrium price, and marginal utility optimization. Important for Business, Commerce & Economics analysis.","Business, Commerce & Economics",RecoMind Universal Corpus,"Business, Commerce & Economics"
"Revision Summary: Aerodynamics studies lift force generation, drag coefficient minimization, airfoil camber geometry, and boundary layer thickness. Key concepts for exam revision and assessment.",STEM: Engineering & Technology,RecoMind Universal Corpus,Engineering & Technology
"Quick Note: Linear algebra utilizes matrix transformations, eigenvalues, eigenvectors, vector spaces, and singular value decomposition. Key concepts for exam revision and assessment.",STEM: Physical Sciences & Mathematics,RecoMind Universal Corpus,Physical Sciences & Mathematics
"Core Topic Review: Cost accounting determines direct material costs, overhead cost allocation, break even analysis, and variance reporting. Important for Business, Commerce & Economics analysis.","Business, Commerce & Economics",RecoMind Universal Corpus,"Business, Commerce & Economics"
"Textbook Excerpt: Linear algebra utilizes matrix transformations, eigenvalues, eigenvectors, vector spaces, and singular value decomposition. Important for STEM analysis.",STEM: Physical Sciences & Mathematics,RecoMind Universal Corpus,Physical Sciences & Mathematics
"Subject Guide: Genetics examines DNA double helix replication, transcription factor regulation, translation ribosome complexes, and mutations.",Medical & Life Sciences,RecoMind Universal Corpus,Medical & Life Sciences
"Core Topic Review: Genetics examines DNA double helix replication, transcription factor regulation, translation ribosome complexes, and mutations. Important for Medical & Life Sciences analysis.",Medical & Life Sciences,RecoMind Universal Corpus,Medical & Life Sciences
"Core Topic Review: General mental ability tests critical thinking assumptions, statement cause effect conclusions, and logical deductions. Key concepts for exam revision and assessment.",Competitive & General Aptitude,RecoMind Universal Corpus,Competitive & General Aptitude
"Exam Preparation Point: Mechatronics combines microcontrollers, stepper motor actuators, encoder feedback sensors, and automated control loops.",STEM: Engineering & Technology,RecoMind Universal Corpus,Engineering & Technology
"Textbook Excerpt: Control systems engineering calculates closed loop transfer functions, root locus stability, and PID feedback tuning parameters. Key concepts for exam revision and assessment.",STEM: Engineering & Technology,RecoMind Universal Corpus,Engineering & Technology
"Quick Note: General mental ability tests critical thinking assumptions, statement cause effect conclusions, and logical deductions. Important for Competitive & General Aptitude analysis.",Competitive & General Aptitude,RecoMind Universal Corpus,Competitive & General Aptitude
"Core Topic Review: Chemical engineering processes design heat exchangers, distillation columns, mass transfer rates, and reaction kinetics.",STEM: Engineering & Technology,RecoMind Universal Corpus,Engineering & Technology
"Important Principle: Electrical circuit theory calculates voltage drop across resistors, inductors, and capacitors using Kirchhoff current law.",STEM: Engineering & Technology,RecoMind Universal Corpus,Engineering & Technology
"Textbook Excerpt: Microeconomics analyzes consumer demand curves, supply elasticity, market equilibrium price, and marginal utility optimization. Important for Business, Commerce & Economics analysis.","Business, Commerce & Economics",RecoMind Universal Corpus,"Business, Commerce & Economics"
Core Topic Review: Algorithm analysis evaluates time and space complexity using asymptotic Big O notation for worst case execution bounds. Important for STEM analysis.,STEM: Computer Science & IT,RecoMind Universal Corpus,Computer Science & IT
"Study Note Section: Investment analysis evaluates portfolio diversification, Sharpe ratio performance, capital asset pricing model CAPM, and stock valuations. Important for Business, Commerce & Economics analysis.","Business, Commerce & Economics",RecoMind Universal Corpus,"Business, Commerce & Economics"
"Quick Note: Basic geometry identifies simple shapes like circles squares triangles, counting sides, corners, and measurement units. Key concepts for exam revision and assessment.",Primary / Basic Foundation,RecoMind Universal Corpus,Primary / Basic Foundation
"Lecture Overview: Logical reasoning analyzes syllogism statement conclusions, blood relation trees, seating arrangement puzzles, and coding decoding. Important for Competitive & General Aptitude analysis.",Competitive & General Aptitude,RecoMind Universal Corpus,Competitive & General Aptitude
"Quick Note: Pharmacology studies drug receptor binding kinetics, pharmacokinetics clearance, bioavailability, and therapeutic drug monitoring. Important for Medical & Life Sciences analysis.",Medical & Life Sciences,RecoMind Universal Corpus,Medical & Life Sciences
"Quick Note: International relations studies diplomatic policy, sovereign nation state power dynamics, global alliances, and conflict resolution.",Humanities & Social Sciences,RecoMind Universal Corpus,Humanities & Social Sciences
"Exam Preparation Point: Human anatomy details upper extremity vascular supply, brachial plexus nerve innervation, and skeletal muscular origins. Key concepts for exam revision and assessment.",Medical & Life Sciences,RecoMind Universal Corpus,Medical & Life Sciences
"Lecture Overview: Elementary science explains plant photosynthesis needing sunlight water, living nonliving things, and seasonal weather changes. Key concepts for exam revision and assessment.",Primary / Basic Foundation,RecoMind Universal Corpus,Primary / Basic Foundation
"Exam Preparation Point: Cost accounting determines direct material costs, overhead cost allocation, break even analysis, and variance reporting. Key concepts for exam revision and assessment.","Business, Commerce & Economics",RecoMind Universal Corpus,"Business, Commerce & Economics"
Revision Summary: Fluid mechanics analyzes laminar vs turbulent flow regimes using Bernoulli equation and Navier Stokes conservation equations.,STEM: Engineering & Technology,RecoMind Universal Corpus,Engineering & Technology
"Quick Note: Health and hygiene habit lessons teach hand washing cleanliness, daily exercise routines, healthy food groups, and rest.",Primary / Basic Foundation,RecoMind Universal Corpus,Primary / Basic Foundation
"Subject Guide: Administrative law regulates administrative agency rulemaking powers, fair procedure principles, and judicial review of decisions. Important for Law & Legal Studies analysis.",Law & Legal Studies,RecoMind Universal Corpus,Law & Legal Studies
Subject Guide: Differential equations model dynamic physical systems using first order separable equations and linear second order operators. Important for STEM analysis.,STEM: Physical Sciences & Mathematics,RecoMind Universal Corpus,Physical Sciences & Mathematics
"Study Note Section: Thermodynamics principles dictate heat transfer, entropy creation, internal energy variations, and Carnot cycle efficiency bounds.",STEM: Engineering & Technology,RecoMind Universal Corpus,Engineering & Technology
"Subject Guide: Signals and systems processing utilizes Fourier transform, Laplace transform, and impulse response to analyze linear systems. Key concepts for exam revision and assessment.",STEM: Engineering & Technology,RecoMind Universal Corpus,Engineering & Technology
"Key Concept Summary: Evidence law establishes rules for witness testimony admissibility, hearsay exceptions, documentary evidence, and cross examination.",Law & Legal Studies,RecoMind Universal Corpus,Law & Legal Studies
"Study Note Section: Cybersecurity protocols enforce public key infrastructure, RSA encryption algorithms, digital certificates, and hashing functions. Important for STEM analysis.",STEM: Computer Science & IT,RecoMind Universal Corpus,Computer Science & IT
"Lecture Overview: Web development frontends use React components, virtual DOM state management, and asynchronous fetch APIs for REST services. Key concepts for exam revision and assessment.",STEM: Computer Science & IT,RecoMind Universal Corpus,Computer Science & IT
"Lecture Overview: Environmental studies EVS teaches environmental conservation, water saving habits, recycling waste, and animal habitat care. Important for Primary / Basic Foundation analysis.",Primary / Basic Foundation,RecoMind Universal Corpus,Primary / Basic Foundation
"Subject Guide: Administrative law regulates administrative agency rulemaking powers, fair procedure principles, and judicial review of decisions.",Law & Legal Studies,RecoMind Universal Corpus,Law & Legal Studies
"Exam Preparation Point: Cost accounting determines direct material costs, overhead cost allocation, break even analysis, and variance reporting. Important for Business, Commerce & Economics analysis.","Business, Commerce & Economics",RecoMind Universal Corpus,"Business, Commerce & Economics"
"Subject Guide: Aerodynamics studies lift force generation, drag coefficient minimization, airfoil camber geometry, and boundary layer thickness. Key concepts for exam revision and assessment.",STEM: Engineering & Technology,RecoMind Universal Corpus,Engineering & Technology
"Core Topic Review: Data interpretation evaluates bar graphs, pie chart percentages, data tables, line graphs, and statistical trend ratios. Key concepts for exam revision and assessment.",Competitive & General Aptitude,RecoMind Universal Corpus,Competitive & General Aptitude
"Exam Preparation Point: Environmental studies EVS teaches environmental conservation, water saving habits, recycling waste, and animal habitat care. Important for Primary / Basic Foundation analysis.",Primary / Basic Foundation,RecoMind Universal Corpus,Primary / Basic Foundation
"Key Concept Summary: Clinical neurology assesses cranial nerve pathways, reflexes, motor sensory tracts, and central nervous system pathology.",Medical & Life Sciences,RecoMind Universal Corpus,Medical & Life Sciences
"Core Topic Review: Microeconomics analyzes consumer demand curves, supply elasticity, market equilibrium price, and marginal utility optimization. Important for Business, Commerce & Economics analysis.","Business, Commerce & Economics",RecoMind Universal Corpus,"Business, Commerce & Economics"
"Subject Guide: Real analysis rigorously proves limit convergence, continuous functions, supremum bounds, and Riemann integrability of sequences. Key concepts for exam revision and assessment.",STEM: Physical Sciences & Mathematics,RecoMind Universal Corpus,Physical Sciences & Mathematics
"Lecture Overview: Biochemistry analyzes cellular respiration pathways including glycolysis, Krebs citric acid cycle, and oxidative phosphorylation. Key concepts for exam revision and assessment.",Medical & Life Sciences,RecoMind Universal Corpus,Medical & Life Sciences
"Key Concept Summary: International economics evaluates foreign exchange rate fluctuations, trade balance deficits, tariffs, and comparative advantage. Important for Business, Commerce & Economics analysis.","Business, Commerce & Economics",RecoMind Universal Corpus,"Business, Commerce & Economics"
"Important Principle: Public administration focuses on public policy formulation, bureaucratic administrative efficiency, and civic governance. Important for Humanities & Social Sciences analysis.",Humanities & Social Sciences,RecoMind Universal Corpus,Humanities & Social Sciences
"Important Principle: Materials science investigates crystalline lattice structures, yield strength, ductility, and fatigue limits of alloy metals. Important for STEM analysis.",STEM: Engineering & Technology,RecoMind Universal Corpus,Engineering & Technology
"Subject Guide: Operating systems manage hardware memory using virtual paging, process scheduling algorithms, and deadlock avoidance. Key concepts for exam revision and assessment.",STEM: Computer Science & IT,RecoMind Universal Corpus,Computer Science & IT
"Subject Guide: Biochemistry analyzes cellular respiration pathways including glycolysis, Krebs citric acid cycle, and oxidative phosphorylation. Key concepts for exam revision and assessment.",Medical & Life Sciences,RecoMind Universal Corpus,Medical & Life Sciences
"Textbook Excerpt: Chemical engineering processes design heat exchangers, distillation columns, mass transfer rates, and reaction kinetics.",STEM: Engineering & Technology,RecoMind Universal Corpus,Engineering & Technology
"Revision Summary: International relations studies diplomatic policy, sovereign nation state power dynamics, global alliances, and conflict resolution. Important for Humanities & Social Sciences analysis.",Humanities & Social Sciences,RecoMind Universal Corpus,Humanities & Social Sciences
"Textbook Excerpt: Human physiology explains cardiac muscle contraction, cardiac output determinants, action potentials, and renal filtration rates.",Medical & Life Sciences,RecoMind Universal Corpus,Medical & Life Sciences
"Lecture Overview: Cybersecurity protocols enforce public key infrastructure, RSA encryption algorithms, digital certificates, and hashing functions. Important for STEM analysis.",STEM: Computer Science & IT,RecoMind Universal Corpus,Computer Science & IT
"Textbook Excerpt: Data structures like binary search trees, hash tables, and graphs allow efficient O(log n) search and insertion. Key concepts for exam revision and assessment.",STEM: Computer Science & IT,RecoMind Universal Corpus,Computer Science & IT
"Important Principle: Quantum mechanics describes particle wave duality, wavefunctions, Heisenberg uncertainty principle, and Schrödinger equation solutions. Key concepts for exam revision and assessment.",STEM: Physical Sciences & Mathematics,RecoMind Universal Corpus,Physical Sciences & Mathematics
"Exam Preparation Point: Signals and systems processing utilizes Fourier transform, Laplace transform, and impulse response to analyze linear systems. Important for STEM analysis.",STEM: Engineering & Technology,RecoMind Universal Corpus,Engineering & Technology
"Textbook Excerpt: Constitutional law interprets fundamental rights guarantees, judicial review doctrines, constitutional amendments, and federalism. Key concepts for exam revision and assessment.",Law & Legal Studies,RecoMind Universal Corpus,Law & Legal Studies
Core Topic Review: Algorithm analysis evaluates time and space complexity using asymptotic Big O notation for worst case execution bounds. Key concepts for exam revision and assessment.,STEM: Computer Science & IT,RecoMind Universal Corpus,Computer Science & IT
"Textbook Excerpt: Organic chemistry studies carbon functional groups, nucleophilic substitution mechanisms, aromaticity, and synthesis pathways. Key concepts for exam revision and assessment.",STEM: Physical Sciences & Mathematics,RecoMind Universal Corpus,Physical Sciences & Mathematics
"Key Concept Summary: Intellectual property law protects patent innovation claims, registered trademarks, copyright author ownership, and trade secrets.",Law & Legal Studies,RecoMind Universal Corpus,Law & Legal Studies
"Revision Summary: Administrative law regulates administrative agency rulemaking powers, fair procedure principles, and judicial review of decisions. Important for Law & Legal Studies analysis.",Law & Legal Studies,RecoMind Universal Corpus,Law & Legal Studies
"Lecture Overview: Relational database management systems utilize SQL queries, ACID transaction properties, indexing, and primary key constraints. Important for STEM analysis.",STEM: Computer Science & IT,RecoMind Universal Corpus,Computer Science & IT
"Important Principle: Software engineering practices involve git version control, continuous integration pipelines, agile sprints, and unit testing. Key concepts for exam revision and assessment.",STEM: Computer Science & IT,RecoMind Universal Corpus,Computer Science & IT
"Quick Note: Corporate finance calculates net present value NPV, internal rate of return IRR, weighted average cost of capital WACC, and capital budgets. Important for Business, Commerce & Economics analysis.","Business, Commerce & Economics",RecoMind Universal Corpus,"Business, Commerce & Economics"
"Key Concept Summary: Early language arts focuses on vocabulary sentence building, phonics reading comprehension, spelling rules, and short stories. Important for Primary / Basic Foundation analysis.",Primary / Basic Foundation,RecoMind Universal Corpus,Primary / Basic Foundation
"Study Note Section: Cybersecurity protocols enforce public key infrastructure, RSA encryption algorithms, digital certificates, and hashing functions. Key concepts for exam revision and assessment.",STEM: Computer Science & IT,RecoMind Universal Corpus,Computer Science & IT
"Subject Guide: Physical chemistry analyzes chemical equilibrium, reaction rate constants, activation energy, and Gibbs free energy change. Key concepts for exam revision and assessment.",STEM: Physical Sciences & Mathematics,RecoMind Universal Corpus,Physical Sciences & Mathematics
"Core Topic Review: International economics evaluates foreign exchange rate fluctuations, trade balance deficits, tariffs, and comparative advantage.","Business, Commerce & Economics",RecoMind Universal Corpus,"Business, Commerce & Economics"
"Quick Note: Real analysis rigorously proves limit convergence, continuous functions, supremum bounds, and Riemann integrability of sequences. Key concepts for exam revision and assessment.",STEM: Physical Sciences & Mathematics,RecoMind Universal Corpus,Physical Sciences & Mathematics
"Important Principle: Electromagnetism explains electric fields, magnetic flux induction, Maxwell equations, and electromagnetic wave propagation. Important for STEM analysis.",STEM: Physical Sciences & Mathematics,RecoMind Universal Corpus,Physical Sciences & Mathematics
"Exam Preparation Point: Administrative law regulates administrative agency rulemaking powers, fair procedure principles, and judicial review of decisions.",Law & Legal Studies,RecoMind Universal Corpus,Law & Legal Studies
"Textbook Excerpt: Basic arithmetic practices addition subtraction multiplication tables, basic division fractions, and simple place values.",Primary / Basic Foundation,RecoMind Universal Corpus,Primary / Basic Foundation
"Core Topic Review: Biochemistry analyzes cellular respiration pathways including glycolysis, Krebs citric acid cycle, and oxidative phosphorylation. Important for Medical & Life Sciences analysis.",Medical & Life Sciences,RecoMind Universal Corpus,Medical & Life Sciences
"Textbook Excerpt: Criminal law defines elements of offenses including mens rea intent, actus reus conduct, burden of proof beyond reasonable doubt.",Law & Legal Studies,RecoMind Universal Corpus,Law & Legal Studies
"Lecture Overview: Pharmacology studies drug receptor binding kinetics, pharmacokinetics clearance, bioavailability, and therapeutic drug monitoring.",Medical & Life Sciences,RecoMind Universal Corpus,Medical & Life Sciences
"Revision Summary: Art history traces architectural movement styles, renaissance painting techniques, classical sculpture, and visual symbolism. Important for Humanities & Social Sciences analysis.",Humanities & Social Sciences,RecoMind Universal Corpus,Humanities & Social Sciences
"Textbook Excerpt: Object oriented programming principles include encapsulation, inheritance, polymorphism, and abstraction across software modules.",STEM: Computer Science & IT,RecoMind Universal Corpus,Computer Science & IT
"Important Principle: International relations studies diplomatic policy, sovereign nation state power dynamics, global alliances, and conflict resolution. Key concepts for exam revision and assessment.",Humanities & Social Sciences,RecoMind Universal Corpus,Humanities & Social Sciences
"Study Note Section: Electromagnetism explains electric fields, magnetic flux induction, Maxwell equations, and electromagnetic wave propagation.",STEM: Physical Sciences & Mathematics,RecoMind Universal Corpus,Physical Sciences & Mathematics
"Key Concept Summary: Environmental studies EVS teaches environmental conservation, water saving habits, recycling waste, and animal habitat care. Important for Primary / Basic Foundation analysis.",Primary / Basic Foundation,RecoMind Universal Corpus,Primary / Basic Foundation
"Quick Note: Quantitative aptitude calculates speed distance time, work efficiency ratios, percentage profit loss, and interest rates.",Competitive & General Aptitude,RecoMind Universal Corpus,Competitive & General Aptitude
"Study Note Section: Electromagnetism explains electric fields, magnetic flux induction, Maxwell equations, and electromagnetic wave propagation. Important for STEM analysis.",STEM: Physical Sciences & Mathematics,RecoMind Universal Corpus,Physical Sciences & Mathematics
"Revision Summary: Jurisprudence explores natural law theories, legal positivism, judicial precedent doctrine of stare decisis, and legal philosophy. Key concepts for exam revision and assessment.",Law & Legal Studies,RecoMind Universal Corpus,Law & Legal Studies
"Key Concept Summary: Basic arithmetic practices addition subtraction multiplication tables, basic division fractions, and simple place values.",Primary / Basic Foundation,RecoMind Universal Corpus,Primary / Basic Foundation
"Study Note Section: Sociology investigates social stratification, cultural norms, institutional structures, demographic trends, and social mobility. Key concepts for exam revision and assessment.",Humanities & Social Sciences,RecoMind Universal Corpus,Humanities & Social Sciences
"Textbook Excerpt: Quantum mechanics describes particle wave duality, wavefunctions, Heisenberg uncertainty principle, and Schrödinger equation solutions. Important for STEM analysis.",STEM: Physical Sciences & Mathematics,RecoMind Universal Corpus,Physical Sciences & Mathematics
"Core Topic Review: Biochemistry analyzes cellular respiration pathways including glycolysis, Krebs citric acid cycle, and oxidative phosphorylation.",Medical & Life Sciences,RecoMind Universal Corpus,Medical & Life Sciences
"Important Principle: Analytical reasoning solves number series patterns, matrix coding puzzles, direction distance tests, and Venn diagrams. Important for Competitive & General Aptitude analysis.",Competitive & General Aptitude,RecoMind Universal Corpus,Competitive & General Aptitude
"Revision Summary: Data structures like binary search trees, hash tables, and graphs allow efficient O(log n) search and insertion.",STEM: Computer Science & IT,RecoMind Universal Corpus,Computer Science & IT
"Revision Summary: Machine learning models process feature vectors using supervised classification, gradient descent optimization, and loss minimization. Important for STEM analysis.",STEM: Computer Science & IT,RecoMind Universal Corpus,Computer Science & IT
"Exam Preparation Point: Thermodynamics principles dictate heat transfer, entropy creation, internal energy variations, and Carnot cycle efficiency bounds. Key concepts for exam revision and assessment.",STEM: Engineering & Technology,RecoMind Universal Corpus,Engineering & Technology
"Core Topic Review: Property law governs real estate ownership titles, land easements, leasehold tenancies, property transfers, and mortgages.",Law & Legal Studies,RecoMind Universal Corpus,Law & Legal Studies
"Textbook Excerpt: Signals and systems processing utilizes Fourier transform, Laplace transform, and impulse response to analyze linear systems.",STEM: Engineering & Technology,RecoMind Universal Corpus,Engineering & Technology
"Core Topic Review: Human physiology explains cardiac muscle contraction, cardiac output determinants, action potentials, and renal filtration rates.",Medical & Life Sciences,RecoMind Universal Corpus,Medical & Life Sciences
"Key Concept Summary: Property law governs real estate ownership titles, land easements, leasehold tenancies, property transfers, and mortgages. Important for Law & Legal Studies analysis.",Law & Legal Studies,RecoMind Universal Corpus,Law & Legal Studies
"Lecture Overview: Primary social studies introduces family roles, community helpers, school rules, local neighborhood maps, and national flags.",Primary / Basic Foundation,RecoMind Universal Corpus,Primary / Basic Foundation
"Lecture Overview: Physical chemistry analyzes chemical equilibrium, reaction rate constants, activation energy, and Gibbs free energy change. Important for STEM analysis.",STEM: Physical Sciences & Mathematics,RecoMind Universal Corpus,Physical Sciences & Mathematics
"Key Concept Summary: Aptitude test preparation practices speed calculation shortcuts, time management techniques, and accuracy optimization. Key concepts for exam revision and assessment.",Competitive & General Aptitude,RecoMind Universal Corpus,Competitive & General Aptitude
"Study Note Section: Materials science investigates crystalline lattice structures, yield strength, ductility, and fatigue limits of alloy metals. Important for STEM analysis.",STEM: Engineering & Technology,RecoMind Universal Corpus,Engineering & Technology
"Subject Guide: Evidence law establishes rules for witness testimony admissibility, hearsay exceptions, documentary evidence, and cross examination. Important for Law & Legal Studies analysis.",Law & Legal Studies,RecoMind Universal Corpus,Law & Legal Studies
"Revision Summary: Verbal ability tests reading comprehension passages, synonym antonym vocabulary, sentence correction, and idiom usage. Important for Competitive & General Aptitude analysis.",Competitive & General Aptitude,RecoMind Universal Corpus,Competitive & General Aptitude
"Quick Note: Health and hygiene habit lessons teach hand washing cleanliness, daily exercise routines, healthy food groups, and rest. Important for Primary / Basic Foundation analysis.",Primary / Basic Foundation,RecoMind Universal Corpus,Primary / Basic Foundation
"Key Concept Summary: Organic chemistry studies carbon functional groups, nucleophilic substitution mechanisms, aromaticity, and synthesis pathways.",STEM: Physical Sciences & Mathematics,RecoMind Universal Corpus,Physical Sciences & Mathematics
"Textbook Excerpt: Endocrinology regulates hormonal feedback loops involving pituitary thyroid adrenal axis, insulin secretion, and homeostatic balance. Key concepts for exam revision and assessment.",Medical & Life Sciences,RecoMind Universal Corpus,Medical & Life Sciences
"Study Note Section: Structural engineering calculates shear force diagrams, bending moment distributions, and tensile stress under load conditions. Important for STEM analysis.",STEM: Engineering & Technology,RecoMind Universal Corpus,Engineering & Technology
"Revision Summary: Cost accounting determines direct material costs, overhead cost allocation, break even analysis, and variance reporting.","Business, Commerce & Economics",RecoMind Universal Corpus,"Business, Commerce & Economics"
"Key Concept Summary: Human geography analyzes population distribution patterns, migration flows, urban development spatial organization, and land use. Important for Humanities & Social Sciences analysis.",Humanities & Social Sciences,RecoMind Universal Corpus,Humanities & Social Sciences
"Quick Note: Object oriented programming principles include encapsulation, inheritance, polymorphism, and abstraction across software modules.",STEM: Computer Science & IT,RecoMind Universal Corpus,Computer Science & IT
Quick Note: Fluid mechanics analyzes laminar vs turbulent flow regimes using Bernoulli equation and Navier Stokes conservation equations. Key concepts for exam revision and assessment.,STEM: Engineering & Technology,RecoMind Universal Corpus,Engineering & Technology
"Key Concept Summary: Data structures like binary search trees, hash tables, and graphs allow efficient O(log n) search and insertion. Key concepts for exam revision and assessment.",STEM: Computer Science & IT,RecoMind Universal Corpus,Computer Science & IT
"Key Concept Summary: Administrative law regulates administrative agency rulemaking powers, fair procedure principles, and judicial review of decisions. Key concepts for exam revision and assessment.",Law & Legal Studies,RecoMind Universal Corpus,Law & Legal Studies
"Study Note Section: Political science analyzes democratic governance structures, executive legislative judicial balance of power, and voter behavior.",Humanities & Social Sciences,RecoMind Universal Corpus,Humanities & Social Sciences
"Important Principle: Cultural anthropology examines ethnographic fieldwork, linguistic diversity, kinship systems, and traditional societal rituals. Key concepts for exam revision and assessment.",Humanities & Social Sciences,RecoMind Universal Corpus,Humanities & Social Sciences
"Core Topic Review: Marketing strategy conducts target market segmentation, positioning, pricing elasticity, and digital customer acquisition funnels.","Business, Commerce & Economics",RecoMind Universal Corpus,"Business, Commerce & Economics"
"Exam Preparation Point: Sociology investigates social stratification, cultural norms, institutional structures, demographic trends, and social mobility. Important for Humanities & Social Sciences analysis.",Humanities & Social Sciences,RecoMind Universal Corpus,Humanities & Social Sciences
"Key Concept Summary: Quantitative aptitude calculates speed distance time, work efficiency ratios, percentage profit loss, and interest rates. Key concepts for exam revision and assessment.",Competitive & General Aptitude,RecoMind Universal Corpus,Competitive & General Aptitude
"Core Topic Review: Structural engineering calculates shear force diagrams, bending moment distributions, and tensile stress under load conditions. Important for STEM analysis.",STEM: Engineering & Technology,RecoMind Universal Corpus,Engineering & Technology
"Core Topic Review: Inorganic chemistry examines transition metal coordination complexes, crystal field theory, orbital hybridization, and valence shell bonding. Key concepts for exam revision and assessment.",STEM: Physical Sciences & Mathematics,RecoMind Universal Corpus,Physical Sciences & Mathematics
"Key Concept Summary: General psychology studies cognitive learning theories, memory recall mechanisms, emotional regulation, and behavioral conditioning. Key concepts for exam revision and assessment.",Humanities & Social Sciences,RecoMind Universal Corpus,Humanities & Social Sciences
"Quick Note: Basic safety education covers traffic signal rules, road crossing safety, fire safety rules, and emergency contact numbers. Key concepts for exam revision and assessment.",Primary / Basic Foundation,RecoMind Universal Corpus,Primary / Basic Foundation
"Key Concept Summary: Genetics examines DNA double helix replication, transcription factor regulation, translation ribosome complexes, and mutations. Important for Medical & Life Sciences analysis.",Medical & Life Sciences,RecoMind Universal Corpus,Medical & Life Sciences
"Textbook Excerpt: Evidence law establishes rules for witness testimony admissibility, hearsay exceptions, documentary evidence, and cross examination.",Law & Legal Studies,RecoMind Universal Corpus,Law & Legal Studies
"Lecture Overview: Thermodynamics principles dictate heat transfer, entropy creation, internal energy variations, and Carnot cycle efficiency bounds.",STEM: Engineering & Technology,RecoMind Universal Corpus,Engineering & Technology
"Lecture Overview: Elementary science explains plant photosynthesis needing sunlight water, living nonliving things, and seasonal weather changes.",Primary / Basic Foundation,RecoMind Universal Corpus,Primary / Basic Foundation
"Key Concept Summary: Real analysis rigorously proves limit convergence, continuous functions, supremum bounds, and Riemann integrability of sequences. Important for STEM analysis.",STEM: Physical Sciences & Mathematics,RecoMind Universal Corpus,Physical Sciences & Mathematics
"Revision Summary: Corporate law details legal incorporation, director fiduciary duties, shareholder rights, corporate governance, and liquidations.",Law & Legal Studies,RecoMind Universal Corpus,Law & Legal Studies
"Lecture Overview: Human anatomy details upper extremity vascular supply, brachial plexus nerve innervation, and skeletal muscular origins.",Medical & Life Sciences,RecoMind Universal Corpus,Medical & Life Sciences
"Study Note Section: Genetics examines DNA double helix replication, transcription factor regulation, translation ribosome complexes, and mutations.",Medical & Life Sciences,RecoMind Universal Corpus,Medical & Life Sciences
"Lecture Overview: Basic arithmetic practices addition subtraction multiplication tables, basic division fractions, and simple place values.",Primary / Basic Foundation,RecoMind Universal Corpus,Primary / Basic Foundation
"Lecture Overview: Basic arithmetic practices addition subtraction multiplication tables, basic division fractions, and simple place values. Important for Primary / Basic Foundation analysis.",Primary / Basic Foundation,RecoMind Universal Corpus,Primary / Basic Foundation
"Revision Summary: Business law regulates commercial contracts, corporate governance structures, intellectual property rights, and liability terms. Important for Business, Commerce & Economics analysis.","Business, Commerce & Economics",RecoMind Universal Corpus,"Business, Commerce & Economics"
"Study Note Section: Object oriented programming principles include encapsulation, inheritance, polymorphism, and abstraction across software modules.",STEM: Computer Science & IT,RecoMind Universal Corpus,Computer Science & IT
"Key Concept Summary: Web development frontends use React components, virtual DOM state management, and asynchronous fetch APIs for REST services. Important for STEM analysis.",STEM: Computer Science & IT,RecoMind Universal Corpus,Computer Science & IT
"Subject Guide: Clinical neurology assesses cranial nerve pathways, reflexes, motor sensory tracts, and central nervous system pathology. Important for Medical & Life Sciences analysis.",Medical & Life Sciences,RecoMind Universal Corpus,Medical & Life Sciences
"Lecture Overview: Data structures like binary search trees, hash tables, and graphs allow efficient O(log n) search and insertion.",STEM: Computer Science & IT,RecoMind Universal Corpus,Computer Science & IT
"Subject Guide: Computer networks communicate via TCP IP stack protocol layers, sockets, routing tables, and HTTP request response headers. Key concepts for exam revision and assessment.",STEM: Computer Science & IT,RecoMind Universal Corpus,Computer Science & IT
"Exam Preparation Point: Object oriented programming principles include encapsulation, inheritance, polymorphism, and abstraction across software modules. Important for STEM analysis.",STEM: Computer Science & IT,RecoMind Universal Corpus,Computer Science & IT
"Core Topic Review: Analytical reasoning solves number series patterns, matrix coding puzzles, direction distance tests, and Venn diagrams.",Competitive & General Aptitude,RecoMind Universal Corpus,Competitive & General Aptitude
"Revision Summary: Human physiology explains cardiac muscle contraction, cardiac output determinants, action potentials, and renal filtration rates. Key concepts for exam revision and assessment.",Medical & Life Sciences,RecoMind Universal Corpus,Medical & Life Sciences
"Lecture Overview: Early language arts focuses on vocabulary sentence building, phonics reading comprehension, spelling rules, and short stories. Key concepts for exam revision and assessment.",Primary / Basic Foundation,RecoMind Universal Corpus,Primary / Basic Foundation
"Core Topic Review: Machine learning models process feature vectors using supervised classification, gradient descent optimization, and loss minimization. Important for STEM analysis.",STEM: Computer Science & IT,RecoMind Universal Corpus,Computer Science & IT
"Key Concept Summary: Corporate finance calculates net present value NPV, internal rate of return IRR, weighted average cost of capital WACC, and capital budgets.","Business, Commerce & Economics",RecoMind Universal Corpus,"Business, Commerce & Economics"
"Textbook Excerpt: Operating systems manage hardware memory using virtual paging, process scheduling algorithms, and deadlock avoidance. Important for STEM analysis.",STEM: Computer Science & IT,RecoMind Universal Corpus,Computer Science & IT
"Key Concept Summary: Human anatomy details upper extremity vascular supply, brachial plexus nerve innervation, and skeletal muscular origins. Important for Medical & Life Sciences analysis.",Medical & Life Sciences,RecoMind Universal Corpus,Medical & Life Sciences
"Lecture Overview: Genetics examines DNA double helix replication, transcription factor regulation, translation ribosome complexes, and mutations. Key concepts for exam revision and assessment.",Medical & Life Sciences,RecoMind Universal Corpus,Medical & Life Sciences
"Quick Note: Materials science investigates crystalline lattice structures, yield strength, ductility, and fatigue limits of alloy metals.",STEM: Engineering & Technology,RecoMind Universal Corpus,Engineering & Technology
"Quick Note: Corporate law details legal incorporation, director fiduciary duties, shareholder rights, corporate governance, and liquidations. Key concepts for exam revision and assessment.",Law & Legal Studies,RecoMind Universal Corpus,Law & Legal Studies
"Subject Guide: Nature studies observes seed germination growth stages, farm domestic animals, birds nests, and day night sun patterns.",Primary / Basic Foundation,RecoMind Universal Corpus,Primary / Basic Foundation
"Key Concept Summary: Cultural anthropology examines ethnographic fieldwork, linguistic diversity, kinship systems, and traditional societal rituals. Key concepts for exam revision and assessment.",Humanities & Social Sciences,RecoMind Universal Corpus,Humanities & Social Sciences
"Exam Preparation Point: Human geography analyzes population distribution patterns, migration flows, urban development spatial organization, and land use. Important for Humanities & Social Sciences analysis.",Humanities & Social Sciences,RecoMind Universal Corpus,Humanities & Social Sciences
"Textbook Excerpt: Quantitative aptitude calculates speed distance time, work efficiency ratios, percentage profit loss, and interest rates. Important for Competitive & General Aptitude analysis.",Competitive & General Aptitude,RecoMind Universal Corpus,Competitive & General Aptitude
"Key Concept Summary: Taxation principles calculate gross taxable income, allowable business deductions, tax liabilities, and statutory compliance.","Business, Commerce & Economics",RecoMind Universal Corpus,"Business, Commerce & Economics"
"Lecture Overview: Linear algebra utilizes matrix transformations, eigenvalues, eigenvectors, vector spaces, and singular value decomposition. Key concepts for exam revision and assessment.",STEM: Physical Sciences & Mathematics,RecoMind Universal Corpus,Physical Sciences & Mathematics
"Core Topic Review: Verbal ability tests reading comprehension passages, synonym antonym vocabulary, sentence correction, and idiom usage. Important for Competitive & General Aptitude analysis.",Competitive & General Aptitude,RecoMind Universal Corpus,Competitive & General Aptitude
"Quick Note: Multivariable calculus calculates double integrals, gradient vectors, curl, divergence, and line integrals over vector fields. Important for STEM analysis.",STEM: Physical Sciences & Mathematics,RecoMind Universal Corpus,Physical Sciences & Mathematics
"Core Topic Review: International relations studies diplomatic policy, sovereign nation state power dynamics, global alliances, and conflict resolution. Key concepts for exam revision and assessment.",Humanities & Social Sciences,RecoMind Universal Corpus,Humanities & Social Sciences
"Revision Summary: Elementary science explains plant photosynthesis needing sunlight water, living nonliving things, and seasonal weather changes.",Primary / Basic Foundation,RecoMind Universal Corpus,Primary / Basic Foundation
"Revision Summary: Aptitude test preparation practices speed calculation shortcuts, time management techniques, and accuracy optimization. Important for Competitive & General Aptitude analysis.",Competitive & General Aptitude,RecoMind Universal Corpus,Competitive & General Aptitude
"Key Concept Summary: Real analysis rigorously proves limit convergence, continuous functions, supremum bounds, and Riemann integrability of sequences.",STEM: Physical Sciences & Mathematics,RecoMind Universal Corpus,Physical Sciences & Mathematics
"Lecture Overview: Basic geometry identifies simple shapes like circles squares triangles, counting sides, corners, and measurement units. Important for Primary / Basic Foundation analysis.",Primary / Basic Foundation,RecoMind Universal Corpus,Primary / Basic Foundation
"Study Note Section: Contract law evaluates offer acceptance consideration validity, contractual breaches, performance duties, and specific remedies. Important for Law & Legal Studies analysis.",Law & Legal Studies,RecoMind Universal Corpus,Law & Legal Studies
"Revision Summary: Electrical circuit theory calculates voltage drop across resistors, inductors, and capacitors using Kirchhoff current law. Key concepts for exam revision and assessment.",STEM: Engineering & Technology,RecoMind Universal Corpus,Engineering & Technology
"Core Topic Review: Materials science investigates crystalline lattice structures, yield strength, ductility, and fatigue limits of alloy metals. Important for STEM analysis.",STEM: Engineering & Technology,RecoMind Universal Corpus,Engineering & Technology
"Textbook Excerpt: Elementary science explains plant photosynthesis needing sunlight water, living nonliving things, and seasonal weather changes. Important for Primary / Basic Foundation analysis.",Primary / Basic Foundation,RecoMind Universal Corpus,Primary / Basic Foundation
"Exam Preparation Point: Operating systems manage hardware memory using virtual paging, process scheduling algorithms, and deadlock avoidance. Key concepts for exam revision and assessment.",STEM: Computer Science & IT,RecoMind Universal Corpus,Computer Science & IT
"Textbook Excerpt: Jurisprudence explores natural law theories, legal positivism, judicial precedent doctrine of stare decisis, and legal philosophy.",Law & Legal Studies,RecoMind Universal Corpus,Law & Legal Studies
"Core Topic Review: Chemical engineering processes design heat exchangers, distillation columns, mass transfer rates, and reaction kinetics. Key concepts for exam revision and assessment.",STEM: Engineering & Technology,RecoMind Universal Corpus,Engineering & Technology
"Study Note Section: Quantitative aptitude calculates speed distance time, work efficiency ratios, percentage profit loss, and interest rates. Important for Competitive & General Aptitude analysis.",Competitive & General Aptitude,RecoMind Universal Corpus,Competitive & General Aptitude
"Key Concept Summary: General mental ability tests critical thinking assumptions, statement cause effect conclusions, and logical deductions. Key concepts for exam revision and assessment.",Competitive & General Aptitude,RecoMind Universal Corpus,Competitive & General Aptitude
"Core Topic Review: Pharmacology studies drug receptor binding kinetics, pharmacokinetics clearance, bioavailability, and therapeutic drug monitoring. Important for Medical & Life Sciences analysis.",Medical & Life Sciences,RecoMind Universal Corpus,Medical & Life Sciences
"Subject Guide: Web development frontends use React components, virtual DOM state management, and asynchronous fetch APIs for REST services. Key concepts for exam revision and assessment.",STEM: Computer Science & IT,RecoMind Universal Corpus,Computer Science & IT
"Textbook Excerpt: Human anatomy details upper extremity vascular supply, brachial plexus nerve innervation, and skeletal muscular origins. Important for Medical & Life Sciences analysis.",Medical & Life Sciences,RecoMind Universal Corpus,Medical & Life Sciences
"Key Concept Summary: Investment analysis evaluates portfolio diversification, Sharpe ratio performance, capital asset pricing model CAPM, and stock valuations. Key concepts for exam revision and assessment.","Business, Commerce & Economics",RecoMind Universal Corpus,"Business, Commerce & Economics"
"Core Topic Review: Microeconomics analyzes consumer demand curves, supply elasticity, market equilibrium price, and marginal utility optimization. Key concepts for exam revision and assessment.","Business, Commerce & Economics",RecoMind Universal Corpus,"Business, Commerce & Economics"
"Quick Note: Mechatronics combines microcontrollers, stepper motor actuators, encoder feedback sensors, and automated control loops. Important for STEM analysis.",STEM: Engineering & Technology,RecoMind Universal Corpus,Engineering & Technology
"Lecture Overview: Cybersecurity protocols enforce public key infrastructure, RSA encryption algorithms, digital certificates, and hashing functions.",STEM: Computer Science & IT,RecoMind Universal Corpus,Computer Science & IT
"Study Note Section: Constitutional law interprets fundamental rights guarantees, judicial review doctrines, constitutional amendments, and federalism. Important for Law & Legal Studies analysis.",Law & Legal Studies,RecoMind Universal Corpus,Law & Legal Studies
"Subject Guide: Microeconomics analyzes consumer demand curves, supply elasticity, market equilibrium price, and marginal utility optimization.","Business, Commerce & Economics",RecoMind Universal Corpus,"Business, Commerce & Economics"
"Key Concept Summary: Operating systems manage hardware memory using virtual paging, process scheduling algorithms, and deadlock avoidance.",STEM: Computer Science & IT,RecoMind Universal Corpus,Computer Science & IT
"Subject Guide: Health and hygiene habit lessons teach hand washing cleanliness, daily exercise routines, healthy food groups, and rest.",Primary / Basic Foundation,RecoMind Universal Corpus,Primary / Basic Foundation
"Subject Guide: Early language arts focuses on vocabulary sentence building, phonics reading comprehension, spelling rules, and short stories. Key concepts for exam revision and assessment.",Primary / Basic Foundation,RecoMind Universal Corpus,Primary / Basic Foundation
"Revision Summary: Quantum mechanics describes particle wave duality, wavefunctions, Heisenberg uncertainty principle, and Schrödinger equation solutions.",STEM: Physical Sciences & Mathematics,RecoMind Universal Corpus,Physical Sciences & Mathematics
"Quick Note: Philosophy explores epistemological theories of knowledge, moral ethics frameworks, utilitarianism, and metaphysical existence. Important for Humanities & Social Sciences analysis.",Humanities & Social Sciences,RecoMind Universal Corpus,Humanities & Social Sciences
"Textbook Excerpt: Logical reasoning analyzes syllogism statement conclusions, blood relation trees, seating arrangement puzzles, and coding decoding.",Competitive & General Aptitude,RecoMind Universal Corpus,Competitive & General Aptitude
"Study Note Section: Current affairs tracking covers international summits, bilateral agreements, government welfare schemes, and science news.",Competitive & General Aptitude,RecoMind Universal Corpus,Competitive & General Aptitude
"Exam Preparation Point: Analytical reasoning solves number series patterns, matrix coding puzzles, direction distance tests, and Venn diagrams.",Competitive & General Aptitude,RecoMind Universal Corpus,Competitive & General Aptitude
"Lecture Overview: Macroeconomics evaluates national gross domestic product GDP growth, inflation rates, central bank monetary policy, and unemployment. Important for Business, Commerce & Economics analysis.","Business, Commerce & Economics",RecoMind Universal Corpus,"Business, Commerce & Economics"
"Revision Summary: Materials science investigates crystalline lattice structures, yield strength, ductility, and fatigue limits of alloy metals.",STEM: Engineering & Technology,RecoMind Universal Corpus,Engineering & Technology
"Lecture Overview: Intellectual property law protects patent innovation claims, registered trademarks, copyright author ownership, and trade secrets. Important for Law & Legal Studies analysis.",Law & Legal Studies,RecoMind Universal Corpus,Law & Legal Studies
"Key Concept Summary: Physical chemistry analyzes chemical equilibrium, reaction rate constants, activation energy, and Gibbs free energy change.",STEM: Physical Sciences & Mathematics,RecoMind Universal Corpus,Physical Sciences & Mathematics
"Core Topic Review: Jurisprudence explores natural law theories, legal positivism, judicial precedent doctrine of stare decisis, and legal philosophy.",Law & Legal Studies,RecoMind Universal Corpus,Law & Legal Studies
"Core Topic Review: Endocrinology regulates hormonal feedback loops involving pituitary thyroid adrenal axis, insulin secretion, and homeostatic balance. Key concepts for exam revision and assessment.",Medical & Life Sciences,RecoMind Universal Corpus,Medical & Life Sciences
Quick Note: Algorithm analysis evaluates time and space complexity using asymptotic Big O notation for worst case execution bounds.,STEM: Computer Science & IT,RecoMind Universal Corpus,Computer Science & IT
"Key Concept Summary: Intellectual property law protects patent innovation claims, registered trademarks, copyright author ownership, and trade secrets. Key concepts for exam revision and assessment.",Law & Legal Studies,RecoMind Universal Corpus,Law & Legal Studies
"Exam Preparation Point: Multivariable calculus calculates double integrals, gradient vectors, curl, divergence, and line integrals over vector fields. Key concepts for exam revision and assessment.",STEM: Physical Sciences & Mathematics,RecoMind Universal Corpus,Physical Sciences & Mathematics
"Textbook Excerpt: Modern world history examines industrial revolution urbanization, colonial empire expansion, world war conflicts, and treaties. Key concepts for exam revision and assessment.",Humanities & Social Sciences,RecoMind Universal Corpus,Humanities & Social Sciences
"Key Concept Summary: Macroeconomics evaluates national gross domestic product GDP growth, inflation rates, central bank monetary policy, and unemployment.","Business, Commerce & Economics",RecoMind Universal Corpus,"Business, Commerce & Economics"
"Lecture Overview: Current affairs tracking covers international summits, bilateral agreements, government welfare schemes, and science news. Key concepts for exam revision and assessment.",Competitive & General Aptitude,RecoMind Universal Corpus,Competitive & General Aptitude
"Subject Guide: Current affairs tracking covers international summits, bilateral agreements, government welfare schemes, and science news. Key concepts for exam revision and assessment.",Competitive & General Aptitude,RecoMind Universal Corpus,Competitive & General Aptitude
"Textbook Excerpt: Competitive math solves permutation combination probability, algebraic equations, geometry theorems, and mensuration areas. Important for Competitive & General Aptitude analysis.",Competitive & General Aptitude,RecoMind Universal Corpus,Competitive & General Aptitude
"Revision Summary: Nature studies observes seed germination growth stages, farm domestic animals, birds nests, and day night sun patterns. Important for Primary / Basic Foundation analysis.",Primary / Basic Foundation,RecoMind Universal Corpus,Primary / Basic Foundation
"Lecture Overview: Signals and systems processing utilizes Fourier transform, Laplace transform, and impulse response to analyze linear systems. Key concepts for exam revision and assessment.",STEM: Engineering & Technology,RecoMind Universal Corpus,Engineering & Technology
"Exam Preparation Point: Machine learning models process feature vectors using supervised classification, gradient descent optimization, and loss minimization. Key concepts for exam revision and assessment.",STEM: Computer Science & IT,RecoMind Universal Corpus,Computer Science & IT
"Key Concept Summary: Primary social studies introduces family roles, community helpers, school rules, local neighborhood maps, and national flags. Key concepts for exam revision and assessment.",Primary / Basic Foundation,RecoMind Universal Corpus,Primary / Basic Foundation
"Study Note Section: Biochemistry analyzes cellular respiration pathways including glycolysis, Krebs citric acid cycle, and oxidative phosphorylation.",Medical & Life Sciences,RecoMind Universal Corpus,Medical & Life Sciences
"Quick Note: Primary social studies introduces family roles, community helpers, school rules, local neighborhood maps, and national flags.",Primary / Basic Foundation,RecoMind Universal Corpus,Primary / Basic Foundation
"Revision Summary: Evidence law establishes rules for witness testimony admissibility, hearsay exceptions, documentary evidence, and cross examination. Key concepts for exam revision and assessment.",Law & Legal Studies,RecoMind Universal Corpus,Law & Legal Studies
"Lecture Overview: Quantitative aptitude calculates speed distance time, work efficiency ratios, percentage profit loss, and interest rates. Key concepts for exam revision and assessment.",Competitive & General Aptitude,RecoMind Universal Corpus,Competitive & General Aptitude
"Textbook Excerpt: Political science analyzes democratic governance structures, executive legislative judicial balance of power, and voter behavior.",Humanities & Social Sciences,RecoMind Universal Corpus,Humanities & Social Sciences
"Key Concept Summary: Public administration focuses on public policy formulation, bureaucratic administrative efficiency, and civic governance.",Humanities & Social Sciences,RecoMind Universal Corpus,Humanities & Social Sciences
"Revision Summary: Data structures like binary search trees, hash tables, and graphs allow efficient O(log n) search and insertion. Important for STEM analysis.",STEM: Computer Science & IT,RecoMind Universal Corpus,Computer Science & IT
"Revision Summary: Logical reasoning analyzes syllogism statement conclusions, blood relation trees, seating arrangement puzzles, and coding decoding. Key concepts for exam revision and assessment.",Competitive & General Aptitude,RecoMind Universal Corpus,Competitive & General Aptitude
"Key Concept Summary: Current affairs tracking covers international summits, bilateral agreements, government welfare schemes, and science news. Important for Competitive & General Aptitude analysis.",Competitive & General Aptitude,RecoMind Universal Corpus,Competitive & General Aptitude
"Subject Guide: Electromagnetism explains electric fields, magnetic flux induction, Maxwell equations, and electromagnetic wave propagation. Key concepts for exam revision and assessment.",STEM: Physical Sciences & Mathematics,RecoMind Universal Corpus,Physical Sciences & Mathematics
"Textbook Excerpt: Multivariable calculus calculates double integrals, gradient vectors, curl, divergence, and line integrals over vector fields. Important for STEM analysis.",STEM: Physical Sciences & Mathematics,RecoMind Universal Corpus,Physical Sciences & Mathematics
"Key Concept Summary: Signals and systems processing utilizes Fourier transform, Laplace transform, and impulse response to analyze linear systems. Important for STEM analysis.",STEM: Engineering & Technology,RecoMind Universal Corpus,Engineering & Technology
Exam Preparation Point: Algorithm analysis evaluates time and space complexity using asymptotic Big O notation for worst case execution bounds.,STEM: Computer Science & IT,RecoMind Universal Corpus,Computer Science & IT
"Subject Guide: Control systems engineering calculates closed loop transfer functions, root locus stability, and PID feedback tuning parameters.",STEM: Engineering & Technology,RecoMind Universal Corpus,Engineering & Technology
"Key Concept Summary: Constitutional law interprets fundamental rights guarantees, judicial review doctrines, constitutional amendments, and federalism. Key concepts for exam revision and assessment.",Law & Legal Studies,RecoMind Universal Corpus,Law & Legal Studies
"Core Topic Review: Contract law evaluates offer acceptance consideration validity, contractual breaches, performance duties, and specific remedies. Key concepts for exam revision and assessment.",Law & Legal Studies,RecoMind Universal Corpus,Law & Legal Studies
"Quick Note: Structural engineering calculates shear force diagrams, bending moment distributions, and tensile stress under load conditions. Important for STEM analysis.",STEM: Engineering & Technology,RecoMind Universal Corpus,Engineering & Technology
"Exam Preparation Point: General mental ability tests critical thinking assumptions, statement cause effect conclusions, and logical deductions.",Competitive & General Aptitude,RecoMind Universal Corpus,Competitive & General Aptitude
"Exam Preparation Point: Macroeconomics evaluates national gross domestic product GDP growth, inflation rates, central bank monetary policy, and unemployment. Key concepts for exam revision and assessment.","Business, Commerce & Economics",RecoMind Universal Corpus,"Business, Commerce & Economics"
"Revision Summary: Cultural anthropology examines ethnographic fieldwork, linguistic diversity, kinship systems, and traditional societal rituals.",Humanities & Social Sciences,RecoMind Universal Corpus,Humanities & Social Sciences
"Subject Guide: Basic geometry identifies simple shapes like circles squares triangles, counting sides, corners, and measurement units. Key concepts for exam revision and assessment.",Primary / Basic Foundation,RecoMind Universal Corpus,Primary / Basic Foundation
"Subject Guide: Cultural anthropology examines ethnographic fieldwork, linguistic diversity, kinship systems, and traditional societal rituals.",Humanities & Social Sciences,RecoMind Universal Corpus,Humanities & Social Sciences
"Key Concept Summary: Elementary geography explains landforms like mountains rivers valleys, sun sunrise directions, and basic map reading skills. Key concepts for exam revision and assessment.",Primary / Basic Foundation,RecoMind Universal Corpus,Primary / Basic Foundation
"Quick Note: Clinical neurology assesses cranial nerve pathways, reflexes, motor sensory tracts, and central nervous system pathology. Key concepts for exam revision and assessment.",Medical & Life Sciences,RecoMind Universal Corpus,Medical & Life Sciences
"Important Principle: Primary social studies introduces family roles, community helpers, school rules, local neighborhood maps, and national flags. Key concepts for exam revision and assessment.",Primary / Basic Foundation,RecoMind Universal Corpus,Primary / Basic Foundation
"Key Concept Summary: Aptitude test preparation practices speed calculation shortcuts, time management techniques, and accuracy optimization.",Competitive & General Aptitude,RecoMind Universal Corpus,Competitive & General Aptitude
"Study Note Section: Microbiology classifies bacterial pathogens based on Gram stain cell wall structures, antibiotic susceptibility, and viral capsids. Key concepts for exam revision and assessment.",Medical & Life Sciences,RecoMind Universal Corpus,Medical & Life Sciences
"Core Topic Review: Verbal ability tests reading comprehension passages, synonym antonym vocabulary, sentence correction, and idiom usage. Key concepts for exam revision and assessment.",Competitive & General Aptitude,RecoMind Universal Corpus,Competitive & General Aptitude
"Key Concept Summary: Pathology investigates cellular injury mechanisms, inflammation cascades, apoptosis pathways, and histological tumor grading.",Medical & Life Sciences,RecoMind Universal Corpus,Medical & Life Sciences
"Quick Note: Electrical circuit theory calculates voltage drop across resistors, inductors, and capacitors using Kirchhoff current law. Key concepts for exam revision and assessment.",STEM: Engineering & Technology,RecoMind Universal Corpus,Engineering & Technology
"Lecture Overview: Intellectual property law protects patent innovation claims, registered trademarks, copyright author ownership, and trade secrets.",Law & Legal Studies,RecoMind Universal Corpus,Law & Legal Studies
"Quick Note: Modern world history examines industrial revolution urbanization, colonial empire expansion, world war conflicts, and treaties.",Humanities & Social Sciences,RecoMind Universal Corpus,Humanities & Social Sciences
"Textbook Excerpt: Law of torts addresses civil wrongs, negligence liability elements, duty of care standards, damages remedies, and strict liability.",Law & Legal Studies,RecoMind Universal Corpus,Law & Legal Studies
"Important Principle: Physical chemistry analyzes chemical equilibrium, reaction rate constants, activation energy, and Gibbs free energy change. Important for STEM analysis.",STEM: Physical Sciences & Mathematics,RecoMind Universal Corpus,Physical Sciences & Mathematics
"Important Principle: Cost accounting determines direct material costs, overhead cost allocation, break even analysis, and variance reporting. Important for Business, Commerce & Economics analysis.","Business, Commerce & Economics",RecoMind Universal Corpus,"Business, Commerce & Economics"
"Lecture Overview: Environmental studies EVS teaches environmental conservation, water saving habits, recycling waste, and animal habitat care. Key concepts for exam revision and assessment.",Primary / Basic Foundation,RecoMind Universal Corpus,Primary / Basic Foundation
"Exam Preparation Point: Organic chemistry studies carbon functional groups, nucleophilic substitution mechanisms, aromaticity, and synthesis pathways. Important for STEM analysis.",STEM: Physical Sciences & Mathematics,RecoMind Universal Corpus,Physical Sciences & Mathematics
"Important Principle: Computer networks communicate via TCP IP stack protocol layers, sockets, routing tables, and HTTP request response headers. Important for STEM analysis.",STEM: Computer Science & IT,RecoMind Universal Corpus,Computer Science & IT
"Core Topic Review: Clinical neurology assesses cranial nerve pathways, reflexes, motor sensory tracts, and central nervous system pathology.",Medical & Life Sciences,RecoMind Universal Corpus,Medical & Life Sciences
"Important Principle: Political science analyzes democratic governance structures, executive legislative judicial balance of power, and voter behavior. Important for Humanities & Social Sciences analysis.",Humanities & Social Sciences,RecoMind Universal Corpus,Humanities & Social Sciences
"Study Note Section: Business law regulates commercial contracts, corporate governance structures, intellectual property rights, and liability terms. Important for Business, Commerce & Economics analysis.","Business, Commerce & Economics",RecoMind Universal Corpus,"Business, Commerce & Economics"
"Study Note Section: Competitive math solves permutation combination probability, algebraic equations, geometry theorems, and mensuration areas. Important for Competitive & General Aptitude analysis.",Competitive & General Aptitude,RecoMind Universal Corpus,Competitive & General Aptitude
"Study Note Section: Endocrinology regulates hormonal feedback loops involving pituitary thyroid adrenal axis, insulin secretion, and homeostatic balance. Important for Medical & Life Sciences analysis.",Medical & Life Sciences,RecoMind Universal Corpus,Medical & Life Sciences
"Exam Preparation Point: Object oriented programming principles include encapsulation, inheritance, polymorphism, and abstraction across software modules. Key concepts for exam revision and assessment.",STEM: Computer Science & IT,RecoMind Universal Corpus,Computer Science & IT
"Study Note Section: Cost accounting determines direct material costs, overhead cost allocation, break even analysis, and variance reporting.","Business, Commerce & Economics",RecoMind Universal Corpus,"Business, Commerce & Economics"
"Revision Summary: Inorganic chemistry examines transition metal coordination complexes, crystal field theory, orbital hybridization, and valence shell bonding. Key concepts for exam revision and assessment.",STEM: Physical Sciences & Mathematics,RecoMind Universal Corpus,Physical Sciences & Mathematics
"Subject Guide: Elementary science explains plant photosynthesis needing sunlight water, living nonliving things, and seasonal weather changes.",Primary / Basic Foundation,RecoMind Universal Corpus,Primary / Basic Foundation
"Lecture Overview: Pathology investigates cellular injury mechanisms, inflammation cascades, apoptosis pathways, and histological tumor grading. Important for Medical & Life Sciences analysis.",Medical & Life Sciences,RecoMind Universal Corpus,Medical & Life Sciences
"Subject Guide: Cultural anthropology examines ethnographic fieldwork, linguistic diversity, kinship systems, and traditional societal rituals. Key concepts for exam revision and assessment.",Humanities & Social Sciences,RecoMind Universal Corpus,Humanities & Social Sciences
"Study Note Section: Administrative law regulates administrative agency rulemaking powers, fair procedure principles, and judicial review of decisions. Important for Law & Legal Studies analysis.",Law & Legal Studies,RecoMind Universal Corpus,Law & Legal Studies
"Core Topic Review: Classical mechanics formulates planetary motion using Newton laws of motion, conservation of momentum, and Lagrangian dynamics.",STEM: Physical Sciences & Mathematics,RecoMind Universal Corpus,Physical Sciences & Mathematics
"Subject Guide: Analytical reasoning solves number series patterns, matrix coding puzzles, direction distance tests, and Venn diagrams. Key concepts for exam revision and assessment.",Competitive & General Aptitude,RecoMind Universal Corpus,Competitive & General Aptitude
"Core Topic Review: Primary social studies introduces family roles, community helpers, school rules, local neighborhood maps, and national flags. Important for Primary / Basic Foundation analysis.",Primary / Basic Foundation,RecoMind Universal Corpus,Primary / Basic Foundation
"Exam Preparation Point: Quantum mechanics describes particle wave duality, wavefunctions, Heisenberg uncertainty principle, and Schrödinger equation solutions. Key concepts for exam revision and assessment.",STEM: Physical Sciences & Mathematics,RecoMind Universal Corpus,Physical Sciences & Mathematics
"Key Concept Summary: Competitive math solves permutation combination probability, algebraic equations, geometry theorems, and mensuration areas. Important for Competitive & General Aptitude analysis.",Competitive & General Aptitude,RecoMind Universal Corpus,Competitive & General Aptitude
Study Note Section: Algorithm analysis evaluates time and space complexity using asymptotic Big O notation for worst case execution bounds. Key concepts for exam revision and assessment.,STEM: Computer Science & IT,RecoMind Universal Corpus,Computer Science & IT
"Exam Preparation Point: Immunology details T cell activation, B cell antibody production, antigen presenting cells, and adaptive immune responses.",Medical & Life Sciences,RecoMind Universal Corpus,Medical & Life Sciences
"Key Concept Summary: Inorganic chemistry examines transition metal coordination complexes, crystal field theory, orbital hybridization, and valence shell bonding.",STEM: Physical Sciences & Mathematics,RecoMind Universal Corpus,Physical Sciences & Mathematics
"Subject Guide: International economics evaluates foreign exchange rate fluctuations, trade balance deficits, tariffs, and comparative advantage.","Business, Commerce & Economics",RecoMind Universal Corpus,"Business, Commerce & Economics"
"Important Principle: Public administration focuses on public policy formulation, bureaucratic administrative efficiency, and civic governance.",Humanities & Social Sciences,RecoMind Universal Corpus,Humanities & Social Sciences
"Quick Note: Multivariable calculus calculates double integrals, gradient vectors, curl, divergence, and line integrals over vector fields.",STEM: Physical Sciences & Mathematics,RecoMind Universal Corpus,Physical Sciences & Mathematics
"Key Concept Summary: International economics evaluates foreign exchange rate fluctuations, trade balance deficits, tariffs, and comparative advantage. Key concepts for exam revision and assessment.","Business, Commerce & Economics",RecoMind Universal Corpus,"Business, Commerce & Economics"
"Study Note Section: Evidence law establishes rules for witness testimony admissibility, hearsay exceptions, documentary evidence, and cross examination. Key concepts for exam revision and assessment.",Law & Legal Studies,RecoMind Universal Corpus,Law & Legal Studies
"Important Principle: Competitive math solves permutation combination probability, algebraic equations, geometry theorems, and mensuration areas. Key concepts for exam revision and assessment.",Competitive & General Aptitude,RecoMind Universal Corpus,Competitive & General Aptitude
"Lecture Overview: Logical reasoning analyzes syllogism statement conclusions, blood relation trees, seating arrangement puzzles, and coding decoding. Key concepts for exam revision and assessment.",Competitive & General Aptitude,RecoMind Universal Corpus,Competitive & General Aptitude
"Key Concept Summary: Control systems engineering calculates closed loop transfer functions, root locus stability, and PID feedback tuning parameters. Key concepts for exam revision and assessment.",STEM: Engineering & Technology,RecoMind Universal Corpus,Engineering & Technology
"Quick Note: Verbal ability tests reading comprehension passages, synonym antonym vocabulary, sentence correction, and idiom usage. Important for Competitive & General Aptitude analysis.",Competitive & General Aptitude,RecoMind Universal Corpus,Competitive & General Aptitude
"Textbook Excerpt: Structural engineering calculates shear force diagrams, bending moment distributions, and tensile stress under load conditions. Important for STEM analysis.",STEM: Engineering & Technology,RecoMind Universal Corpus,Engineering & Technology
"Quick Note: Pathology investigates cellular injury mechanisms, inflammation cascades, apoptosis pathways, and histological tumor grading. Key concepts for exam revision and assessment.",Medical & Life Sciences,RecoMind Universal Corpus,Medical & Life Sciences
"Core Topic Review: Immunology details T cell activation, B cell antibody production, antigen presenting cells, and adaptive immune responses. Important for Medical & Life Sciences analysis.",Medical & Life Sciences,RecoMind Universal Corpus,Medical & Life Sciences
"Lecture Overview: Machine learning models process feature vectors using supervised classification, gradient descent optimization, and loss minimization.",STEM: Computer Science & IT,RecoMind Universal Corpus,Computer Science & IT
"Quick Note: Relational database management systems utilize SQL queries, ACID transaction properties, indexing, and primary key constraints. Key concepts for exam revision and assessment.",STEM: Computer Science & IT,RecoMind Universal Corpus,Computer Science & IT
"Lecture Overview: Multivariable calculus calculates double integrals, gradient vectors, curl, divergence, and line integrals over vector fields.",STEM: Physical Sciences & Mathematics,RecoMind Universal Corpus,Physical Sciences & Mathematics
"Exam Preparation Point: Basic arithmetic practices addition subtraction multiplication tables, basic division fractions, and simple place values. Important for Primary / Basic Foundation analysis.",Primary / Basic Foundation,RecoMind Universal Corpus,Primary / Basic Foundation
"Textbook Excerpt: Financial accounting principles record double entry bookkeeping, journal entries, balance sheets, and cash flow statements. Key concepts for exam revision and assessment.","Business, Commerce & Economics",RecoMind Universal Corpus,"Business, Commerce & Economics"
"Lecture Overview: General mental ability tests critical thinking assumptions, statement cause effect conclusions, and logical deductions.",Competitive & General Aptitude,RecoMind Universal Corpus,Competitive & General Aptitude
"Exam Preparation Point: Competitive math solves permutation combination probability, algebraic equations, geometry theorems, and mensuration areas. Key concepts for exam revision and assessment.",Competitive & General Aptitude,RecoMind Universal Corpus,Competitive & General Aptitude
"Study Note Section: Financial accounting principles record double entry bookkeeping, journal entries, balance sheets, and cash flow statements.","Business, Commerce & Economics",RecoMind Universal Corpus,"Business, Commerce & Economics"
"Important Principle: Elementary science explains plant photosynthesis needing sunlight water, living nonliving things, and seasonal weather changes. Key concepts for exam revision and assessment.",Primary / Basic Foundation,RecoMind Universal Corpus,Primary / Basic Foundation
Lecture Overview: Fluid mechanics analyzes laminar vs turbulent flow regimes using Bernoulli equation and Navier Stokes conservation equations. Important for STEM analysis.,STEM: Engineering & Technology,RecoMind Universal Corpus,Engineering & Technology
"Core Topic Review: Philosophy explores epistemological theories of knowledge, moral ethics frameworks, utilitarianism, and metaphysical existence. Key concepts for exam revision and assessment.",Humanities & Social Sciences,RecoMind Universal Corpus,Humanities & Social Sciences
"Exam Preparation Point: Chemical engineering processes design heat exchangers, distillation columns, mass transfer rates, and reaction kinetics. Important for STEM analysis.",STEM: Engineering & Technology,RecoMind Universal Corpus,Engineering & Technology
"Lecture Overview: Basic safety education covers traffic signal rules, road crossing safety, fire safety rules, and emergency contact numbers. Important for Primary / Basic Foundation analysis.",Primary / Basic Foundation,RecoMind Universal Corpus,Primary / Basic Foundation
"Textbook Excerpt: Constitutional law interprets fundamental rights guarantees, judicial review doctrines, constitutional amendments, and federalism. Important for Law & Legal Studies analysis.",Law & Legal Studies,RecoMind Universal Corpus,Law & Legal Studies
"Quick Note: Web development frontends use React components, virtual DOM state management, and asynchronous fetch APIs for REST services. Key concepts for exam revision and assessment.",STEM: Computer Science & IT,RecoMind Universal Corpus,Computer Science & IT
"Study Note Section: Human physiology explains cardiac muscle contraction, cardiac output determinants, action potentials, and renal filtration rates.",Medical & Life Sciences,RecoMind Universal Corpus,Medical & Life Sciences
"Subject Guide: General mental ability tests critical thinking assumptions, statement cause effect conclusions, and logical deductions.",Competitive & General Aptitude,RecoMind Universal Corpus,Competitive & General Aptitude
"Textbook Excerpt: Cost accounting determines direct material costs, overhead cost allocation, break even analysis, and variance reporting. Important for Business, Commerce & Economics analysis.","Business, Commerce & Economics",RecoMind Universal Corpus,"Business, Commerce & Economics"
"Important Principle: Marketing strategy conducts target market segmentation, positioning, pricing elasticity, and digital customer acquisition funnels. Important for Business, Commerce & Economics analysis.","Business, Commerce & Economics",RecoMind Universal Corpus,"Business, Commerce & Economics"
"Lecture Overview: Aerodynamics studies lift force generation, drag coefficient minimization, airfoil camber geometry, and boundary layer thickness. Important for STEM analysis.",STEM: Engineering & Technology,RecoMind Universal Corpus,Engineering & Technology
"Study Note Section: Public administration focuses on public policy formulation, bureaucratic administrative efficiency, and civic governance. Key concepts for exam revision and assessment.",Humanities & Social Sciences,RecoMind Universal Corpus,Humanities & Social Sciences
"Lecture Overview: Mechatronics combines microcontrollers, stepper motor actuators, encoder feedback sensors, and automated control loops.",STEM: Engineering & Technology,RecoMind Universal Corpus,Engineering & Technology
"Quick Note: Data interpretation evaluates bar graphs, pie chart percentages, data tables, line graphs, and statistical trend ratios. Key concepts for exam revision and assessment.",Competitive & General Aptitude,RecoMind Universal Corpus,Competitive & General Aptitude
"Core Topic Review: Investment analysis evaluates portfolio diversification, Sharpe ratio performance, capital asset pricing model CAPM, and stock valuations. Key concepts for exam revision and assessment.","Business, Commerce & Economics",RecoMind Universal Corpus,"Business, Commerce & Economics"
"Textbook Excerpt: Quantum mechanics describes particle wave duality, wavefunctions, Heisenberg uncertainty principle, and Schrödinger equation solutions. Key concepts for exam revision and assessment.",STEM: Physical Sciences & Mathematics,RecoMind Universal Corpus,Physical Sciences & Mathematics
"Subject Guide: Real analysis rigorously proves limit convergence, continuous functions, supremum bounds, and Riemann integrability of sequences. Important for STEM analysis.",STEM: Physical Sciences & Mathematics,RecoMind Universal Corpus,Physical Sciences & Mathematics
"Textbook Excerpt: Data interpretation evaluates bar graphs, pie chart percentages, data tables, line graphs, and statistical trend ratios.",Competitive & General Aptitude,RecoMind Universal Corpus,Competitive & General Aptitude
"Exam Preparation Point: Business law regulates commercial contracts, corporate governance structures, intellectual property rights, and liability terms.","Business, Commerce & Economics",RecoMind Universal Corpus,"Business, Commerce & Economics"
"Quick Note: Philosophy explores epistemological theories of knowledge, moral ethics frameworks, utilitarianism, and metaphysical existence. Key concepts for exam revision and assessment.",Humanities & Social Sciences,RecoMind Universal Corpus,Humanities & Social Sciences
Important Principle: Differential equations model dynamic physical systems using first order separable equations and linear second order operators. Key concepts for exam revision and assessment.,STEM: Physical Sciences & Mathematics,RecoMind Universal Corpus,Physical Sciences & Mathematics
"Textbook Excerpt: Machine learning models process feature vectors using supervised classification, gradient descent optimization, and loss minimization. Important for STEM analysis.",STEM: Computer Science & IT,RecoMind Universal Corpus,Computer Science & IT
"Study Note Section: Endocrinology regulates hormonal feedback loops involving pituitary thyroid adrenal axis, insulin secretion, and homeostatic balance. Key concepts for exam revision and assessment.",Medical & Life Sciences,RecoMind Universal Corpus,Medical & Life Sciences
"Quick Note: General mental ability tests critical thinking assumptions, statement cause effect conclusions, and logical deductions.",Competitive & General Aptitude,RecoMind Universal Corpus,Competitive & General Aptitude
"Study Note Section: Intellectual property law protects patent innovation claims, registered trademarks, copyright author ownership, and trade secrets. Important for Law & Legal Studies analysis.",Law & Legal Studies,RecoMind Universal Corpus,Law & Legal Studies
"Key Concept Summary: Human physiology explains cardiac muscle contraction, cardiac output determinants, action potentials, and renal filtration rates.",Medical & Life Sciences,RecoMind Universal Corpus,Medical & Life Sciences
"Subject Guide: Art history traces architectural movement styles, renaissance painting techniques, classical sculpture, and visual symbolism. Important for Humanities & Social Sciences analysis.",Humanities & Social Sciences,RecoMind Universal Corpus,Humanities & Social Sciences
"Exam Preparation Point: Logical reasoning analyzes syllogism statement conclusions, blood relation trees, seating arrangement puzzles, and coding decoding. Key concepts for exam revision and assessment.",Competitive & General Aptitude,RecoMind Universal Corpus,Competitive & General Aptitude
"Core Topic Review: Electromagnetism explains electric fields, magnetic flux induction, Maxwell equations, and electromagnetic wave propagation. Important for STEM analysis.",STEM: Physical Sciences & Mathematics,RecoMind Universal Corpus,Physical Sciences & Mathematics
"Important Principle: Nature studies observes seed germination growth stages, farm domestic animals, birds nests, and day night sun patterns.",Primary / Basic Foundation,RecoMind Universal Corpus,Primary / Basic Foundation
"Subject Guide: Object oriented programming principles include encapsulation, inheritance, polymorphism, and abstraction across software modules. Key concepts for exam revision and assessment.",STEM: Computer Science & IT,RecoMind Universal Corpus,Computer Science & IT
"Exam Preparation Point: Data interpretation evaluates bar graphs, pie chart percentages, data tables, line graphs, and statistical trend ratios.",Competitive & General Aptitude,RecoMind Universal Corpus,Competitive & General Aptitude
"Core Topic Review: Corporate law details legal incorporation, director fiduciary duties, shareholder rights, corporate governance, and liquidations. Important for Law & Legal Studies analysis.",Law & Legal Studies,RecoMind Universal Corpus,Law & Legal Studies
"Important Principle: Immunology details T cell activation, B cell antibody production, antigen presenting cells, and adaptive immune responses. Key concepts for exam revision and assessment.",Medical & Life Sciences,RecoMind Universal Corpus,Medical & Life Sciences
"Key Concept Summary: Electromagnetism explains electric fields, magnetic flux induction, Maxwell equations, and electromagnetic wave propagation. Key concepts for exam revision and assessment.",STEM: Physical Sciences & Mathematics,RecoMind Universal Corpus,Physical Sciences & Mathematics
Exam Preparation Point: Fluid mechanics analyzes laminar vs turbulent flow regimes using Bernoulli equation and Navier Stokes conservation equations. Important for STEM analysis.,STEM: Engineering & Technology,RecoMind Universal Corpus,Engineering & Technology
"Core Topic Review: Operating systems manage hardware memory using virtual paging, process scheduling algorithms, and deadlock avoidance.",STEM: Computer Science & IT,RecoMind Universal Corpus,Computer Science & IT
"Key Concept Summary: Computer networks communicate via TCP IP stack protocol layers, sockets, routing tables, and HTTP request response headers.",STEM: Computer Science & IT,RecoMind Universal Corpus,Computer Science & IT
"Exam Preparation Point: Human geography analyzes population distribution patterns, migration flows, urban development spatial organization, and land use. Key concepts for exam revision and assessment.",Humanities & Social Sciences,RecoMind Universal Corpus,Humanities & Social Sciences
"Subject Guide: Aptitude test preparation practices speed calculation shortcuts, time management techniques, and accuracy optimization.",Competitive & General Aptitude,RecoMind Universal Corpus,Competitive & General Aptitude
"Study Note Section: Aerodynamics studies lift force generation, drag coefficient minimization, airfoil camber geometry, and boundary layer thickness. Key concepts for exam revision and assessment.",STEM: Engineering & Technology,RecoMind Universal Corpus,Engineering & Technology
"Lecture Overview: Health and hygiene habit lessons teach hand washing cleanliness, daily exercise routines, healthy food groups, and rest.",Primary / Basic Foundation,RecoMind Universal Corpus,Primary / Basic Foundation
"Textbook Excerpt: Mechatronics combines microcontrollers, stepper motor actuators, encoder feedback sensors, and automated control loops. Key concepts for exam revision and assessment.",STEM: Engineering & Technology,RecoMind Universal Corpus,Engineering & Technology
"Important Principle: Chemical engineering processes design heat exchangers, distillation columns, mass transfer rates, and reaction kinetics. Important for STEM analysis.",STEM: Engineering & Technology,RecoMind Universal Corpus,Engineering & Technology
"Core Topic Review: Genetics examines DNA double helix replication, transcription factor regulation, translation ribosome complexes, and mutations.",Medical & Life Sciences,RecoMind Universal Corpus,Medical & Life Sciences
"Quick Note: Human physiology explains cardiac muscle contraction, cardiac output determinants, action potentials, and renal filtration rates. Key concepts for exam revision and assessment.",Medical & Life Sciences,RecoMind Universal Corpus,Medical & Life Sciences
"Textbook Excerpt: Pharmacology studies drug receptor binding kinetics, pharmacokinetics clearance, bioavailability, and therapeutic drug monitoring. Key concepts for exam revision and assessment.",Medical & Life Sciences,RecoMind Universal Corpus,Medical & Life Sciences
"Quick Note: Operating systems manage hardware memory using virtual paging, process scheduling algorithms, and deadlock avoidance. Key concepts for exam revision and assessment.",STEM: Computer Science & IT,RecoMind Universal Corpus,Computer Science & IT
"Exam Preparation Point: Aerodynamics studies lift force generation, drag coefficient minimization, airfoil camber geometry, and boundary layer thickness. Important for STEM analysis.",STEM: Engineering & Technology,RecoMind Universal Corpus,Engineering & Technology
"Subject Guide: Aptitude test preparation practices speed calculation shortcuts, time management techniques, and accuracy optimization. Important for Competitive & General Aptitude analysis.",Competitive & General Aptitude,RecoMind Universal Corpus,Competitive & General Aptitude
